
[1m[30m[46m RUN [49m[39m[22m [36mv4.1.9 [39m[90mC:/Users/zhujieling11/MikuMikuAR/frontend[39m

 [32m✓[39m src/core/__tests__/browser-adapter.test.ts [2m([22m[2m3 tests[22m[2m)[22m[32m 161[2mms[22m[39m
[90mstdout[2m | src/__tests__/environment-integration.test.ts
[22m[39mBJS - [19:29:13]: Babylon.js v9.17.0 - Null engine

 [32m✓[39m src/__tests__/playback.test.ts [2m([22m[2m31 tests[22m[2m)[22m[32m 138[2mms[22m[39m
 [32m✓[39m src/__tests__/environment-integration.test.ts [2m([22m[2m14 tests[22m[2m)[22m[32m 74[2mms[22m[39m
[90mstderr[2m | src/__tests__/procedural-motion.test.ts
[22m[39m[procedural-motion] 未找到任何表情 morph，跳过情绪轮

[90mstderr[2m | src/__tests__/procedural-motion.test.ts[2m > [22m[2mgenerateAutoDanceVmd[2m > [22m[2mhigher BPM produces shorter loop
[22m[39m[procedural-motion] 未找到任何表情 morph，跳过情绪轮
[procedural-motion] 未找到任何表情 morph，跳过情绪轮

[90mstderr[2m | src/__tests__/procedural-motion.test.ts[2m > [22m[2mgenerateAutoDanceVmd[2m > [22m[2mclamps BPM below 60
[22m[39m[procedural-motion] 未找到任何表情 morph，跳过情绪轮
[procedural-motion] 未找到任何表情 morph，跳过情绪轮

[90mstderr[2m | src/__tests__/procedural-motion.test.ts[2m > [22m[2mgenerateAutoDanceVmd[2m > [22m[2mclamps BPM above 200
[22m[39m[procedural-motion] 未找到任何表情 morph，跳过情绪轮
[procedural-motion] 未找到任何表情 morph，跳过情绪轮

[90mstderr[2m | src/__tests__/procedural-motion.test.ts[2m > [22m[2mgenerateAutoDanceVmd[2m > [22m[2mintensity=0 produces minimal motion
[22m[39m[procedural-motion] 未找到任何表情 morph，跳过情绪轮
[procedural-motion] 未找到任何表情 morph，跳过情绪轮

[90mstderr[2m | src/__tests__/procedural-motion.test.ts[2m > [22m[2mgenerateAutoDanceVmd[2m > [22m[2mworks with groove bone
[22m[39m[procedural-motion] 未找到任何表情 morph，跳过情绪轮

[90mstderr[2m | src/__tests__/procedural-motion.test.ts[2m > [22m[2mgenerateAutoDanceVmd[2m > [22m[2mworks with leg IK bones
[22m[39m[procedural-motion] 未找到任何表情 morph，跳过情绪轮

[90mstderr[2m | src/__tests__/procedural-motion.test.ts[2m > [22m[2mgenerateAutoDanceVmd[2m > [22m[2mworks with no bones at all
[22m[39m[procedural-motion] 未找到任何表情 morph，跳过情绪轮

[90mstderr[2m | src/__tests__/procedural-motion.test.ts[2m > [22m[2mgenerateAutoDanceVmd[2m > [22m[2mspeed=0.1 (minimum) produces longer loop than speed=10
[22m[39m[procedural-motion] 未找到任何表情 morph，跳过情绪轮
[procedural-motion] 未找到任何表情 morph，跳过情绪轮

[90mstderr[2m | src/__tests__/procedural-motion.test.ts[2m > [22m[2mgenerateAutoDanceVmd[2m > [22m[2mincludes emotion morphs when smile morphs available
[22m[39m[proc-motion-autodance-emotion] 表情 morph 匹配: [sad=悲しみ, angry=怒り, shy=照れ]

[90mstderr[2m | src/__tests__/procedural-motion.test.ts[2m > [22m[2mgenerateAutoDanceVmd[2m > [22m[2mskips emotion wheel when no matching morphs
[22m[39m[procedural-motion] 未找到任何表情 morph，跳过情绪轮

[90mstderr[2m | src/__tests__/procedural-motion.test.ts[2m > [22m[2mgenerateAutoDanceVmd[2m > [22m[2memotion wheel with only wink morph (no other emotions)
[22m[39m[procedural-motion] 未找到任何表情 morph，跳过情绪轮

[90mstderr[2m | src/__tests__/procedural-motion.test.ts[2m > [22m[2mgenerateAutoDanceVmd[2m > [22m[2mworks with wrist bones
[22m[39m[procedural-motion] 未找到任何表情 morph，跳过情绪轮

[90mstderr[2m | src/__tests__/procedural-motion.test.ts[2m > [22m[2mVMD 骨骼诊断[2m > [22m[2mAutoDance: 用 108 标准骨骼集生成，报告各骨骼帧数
[22m[39m[procedural-motion] 未找到任何表情 morph，跳过情绪轮

[90mstderr[2m | src/__tests__/procedural-motion.test.ts[2m > [22m[2mAutoDance 重构回归（节拍栅格 + 肘部 + 无缝循环）[2m > [22m[2m无同骨骼同帧号重复关键帧（含端点循环）
[22m[39m[procedural-motion] 未找到任何表情 morph，跳过情绪轮
[procedural-motion] 未找到任何表情 morph，跳过情绪轮
[procedural-motion] 未找到任何表情 morph，跳过情绪轮
[procedural-motion] 未找到任何表情 morph，跳过情绪轮
[procedural-motion] 未找到任何表情 morph，跳过情绪轮

[90mstderr[2m | src/__tests__/procedural-motion.test.ts[2m > [22m[2mAutoDance 重构回归（节拍栅格 + 肘部 + 无缝循环）[2m > [22m[2m存在肘部骨骼帧（左ひじ/右ひじ），手臂可自然弯曲
[22m[39m[procedural-motion] 未找到任何表情 morph，跳过情绪轮

[90mstderr[2m | src/__tests__/procedural-motion.test.ts[2m > [22m[2mAutoDance 重构回归（节拍栅格 + 肘部 + 无缝循环）[2m > [22m[2mCenter 含 X 重心转移（position[0] 非零），消灭原地漂浮感
[22m[39m[procedural-motion] 未找到任何表情 morph，跳过情绪轮

 [32m✓[39m src/__tests__/procedural-motion.test.ts [2m([22m[2m43 tests[22m[2m)[22m[33m 321[2mms[22m[39m
[90mstderr[2m | src/__tests__/menu-schema.test.ts[2m > [22m[2mADR-093 Menu Schema PoC[2m > [22m[2m各 kind 渲染[2m > [22m[2mtoggle 生成开关行 DOM
[22m[39m[i18n] key "env.groundVisible" not found in zh-CN base bundle — possible typo

[90mstderr[2m | src/__tests__/menu-schema.test.ts[2m > [22m[2mADR-093 Menu Schema PoC[2m > [22m[2mui. StatePath 前缀[2m > [22m[2mslider 绑定 ui.screenshotQuality 并通过 get/set 百分比转换
[22m[39m[i18n] key "截图质量" not found in zh-CN base bundle — possible typo

 [32m✓[39m src/__tests__/camera.test.ts [2m([22m[2m63 tests[22m[2m)[22m[33m 1033[2mms[22m[39m
 [32m✓[39m src/__tests__/perception-breathing.test.ts [2m([22m[2m2 tests[22m[2m)[22m[32m 75[2mms[22m[39m
 [32m✓[39m src/__tests__/env-feature-levels.contract.test.ts [2m([22m[2m19 tests[22m[2m)[22m[33m 1125[2mms[22m[39m
[90mstdout[2m | src/__tests__/scene/performance-refresh-rate.test.ts[2m > [22m[2mADR-118 Phase 1: 刷新率相对阈值[2m > [22m[2m60Hz — RSCALE=1，FPS<28 触发 L1 降级（零回归）
[22m[39m[08:00:00.000] [Performance] Mode set to: auto
[08:00:03.100] [Performance] Level 1: 轻度降级

[90mstdout[2m | src/__tests__/scene/performance-refresh-rate.test.ts[2m > [22m[2mADR-118 Phase 1: 刷新率相对阈值[2m > [22m[2m60Hz — FPS=45 不触发降级（对照组）
[22m[39m[08:00:00.000] [Performance] Mode set to: auto

[90mstdout[2m | src/__tests__/scene/performance-refresh-rate.test.ts[2m > [22m[2mADR-118 Phase 1: 刷新率相对阈值[2m > [22m[2m60Hz — L1 降级后 FPS≥32 恢复到 L0
[22m[39m[08:00:00.000] [Performance] Mode set to: auto
[08:00:00.000] [Performance] Level 1: 轻度降级
[08:00:00.000] [Performance] Mode set to: balanced
[08:00:00.000] [Performance] Mode set to: auto
[08:00:03.100] [Performance] Restored to full quality

[90mstdout[2m | src/__tests__/scene/performance-refresh-rate.test.ts[2m > [22m[2mADR-118 Phase 1: 刷新率相对阈值[2m > [22m[2m120Hz — 阈值翻倍，FPS=45 触发 L1（60Hz 下 45 不会触发）
[22m[39m[08:00:00.000] [Performance] Mode set to: auto
[08:00:03.100] [Performance] Level 1: 轻度降级

[90mstdout[2m | src/__tests__/scene/performance-refresh-rate.test.ts[2m > [22m[2mADR-118 健壮性边界[2m > [22m[2mrefreshRate=1000 → 钳位 240，FPS=100 触发 L1
[22m[39m[08:00:00.000] [Performance] Mode set to: auto
[08:00:03.100] [Performance] Level 1: 轻度降级

[90mstdout[2m | src/__tests__/scene/performance-refresh-rate.test.ts[2m > [22m[2mADR-118 健壮性边界[2m > [22m[2mrefreshRate=undefined → 回落 60Hz，FPS=25 触发 L1
[22m[39m[08:00:00.000] [Performance] Mode set to: auto
[08:00:03.100] [Performance] Level 1: 轻度降级

[90mstdout[2m | src/__tests__/scene/performance-refresh-rate.test.ts[2m > [22m[2mADR-118 健壮性边界[2m > [22m[2mrefreshRate=0 → 回落 60Hz（非正数视为无效）
[22m[39m[08:00:00.000] [Performance] Mode set to: auto
[08:00:03.100] [Performance] Level 1: 轻度降级

[90mstdout[2m | src/__tests__/scene/performance-refresh-rate.test.ts[2m > [22m[2mADR-118 Phase 2: recalcPerformanceReference[2m > [22m[2m运行时刷新率上升时，recalc 更新硬件基准并收紧降级触发
[22m[39m[08:00:00.000] [Performance] Mode set to: auto
[08:00:06.200] [Performance] Level 1: 轻度降级

 [32m✓[39m src/__tests__/scene/performance-refresh-rate.test.ts [2m([22m[2m8 tests[22m[2m)[22m[33m 1143[2mms[22m[39m
     [33m[2m✓[22m[39m 60Hz — RSCALE=1，FPS<28 触发 L1 降级（零回归） [33m 1131[2mms[22m[39m
[90mstderr[2m | src/__tests__/menu-schema.test.ts[2m > [22m[2mADR-093 Menu Schema PoC[2m > [22m[2mconflictHint 冲突标记[2m > [22m[2mshows warning icon when module conflicts exist
[22m[39m[i18n] key "motion.conflictHint" not found in zh-CN base bundle — possible typo

 [32m✓[39m src/__tests__/menu-schema.test.ts [2m([22m[2m40 tests[22m[2m)[22m[33m 355[2mms[22m[39m
 [32m✓[39m src/__tests__/render-postprocess.test.ts [2m([22m[2m33 tests[22m[2m)[22m[33m 1410[2mms[22m[39m
[90mstderr[2m | src/__tests__/virtual-skirt.test.ts[2m > [22m[2mVirtualSkirtController — P3a build 异常清理[2m > [22m[2m注入中途异常 → 部分资源被 dispose 且无泄漏, build 返回 false
[22m[39m[virtual-skirt] build failed, disposing partial resources Error: boom
    at Object.<anonymous> (C:/Users/zhujieling11/MikuMikuAR/frontend/src/__tests__/virtual-skirt.test.ts:703:23)
    at Object.Mock [as addRigidBody] [90m(file:///C:/Users/zhujieling11/MikuMikuAR/frontend/[39mnode_modules/[4m@vitest/spy[24m/dist/index.js:332:34[90m)[39m
    at VirtualSkirtController.build (C:/Users/zhujieling11/MikuMikuAR/frontend/src/scene/physics/virtual-skirt.ts:373:31)
    at C:/Users/zhujieling11/MikuMikuAR/frontend/src/__tests__/virtual-skirt.test.ts:709:25
    at [90mfile:///C:/Users/zhujieling11/MikuMikuAR/frontend/[39mnode_modules/[4m@vitest/runner[24m/dist/chunk-artifact.js:302:11
    at [90mfile:///C:/Users/zhujieling11/MikuMikuAR/frontend/[39mnode_modules/[4m@vitest/runner[24m/dist/chunk-artifact.js:1903:26
    at [90mfile:///C:/Users/zhujieling11/MikuMikuAR/frontend/[39mnode_modules/[4m@vitest/runner[24m/dist/chunk-artifact.js:2326:20
    at new Promise (<anonymous>)
    at runWithCancel [90m(file:///C:/Users/zhujieling11/MikuMikuAR/frontend/[39mnode_modules/[4m@vitest/runner[24m/dist/chunk-artifact.js:2323:10[90m)[39m
    at [90mfile:///C:/Users/zhujieling11/MikuMikuAR/frontend/[39mnode_modules/[4m@vitest/runner[24m/dist/chunk-artifact.js:2305:20

[90mstderr[2m | src/__tests__/virtual-skirt.test.ts[2m > [22m[2mVirtualSkirtController — P3a build 异常清理[2m > [22m[2maddRigidBody 返回 false（非抛异常）→ build 返回 false 且清理已分配资源
[22m[39m[virtual-skirt] addRigidBody(segment) failed { worldId: [33m5[39m, idx: [33m0[39m }

 [32m✓[39m src/__tests__/virtual-skirt.test.ts [2m([22m[2m23 tests[22m[2m)[22m[32m 110[2mms[22m[39m
 [32m✓[39m src/__tests__/perception-gaze.test.ts [2m([22m[2m16 tests[22m[2m)[22m[33m 1601[2mms[22m[39m
     [33m[2m✓[22m[39m tier='low' 时直接返回，不修改任何骨骼 [33m 1351[2mms[22m[39m
[90mstderr[2m | src/__tests__/outfit.test.ts[2m > [22m[2mapplyOutfitVariant[2m > [22m[2mshould set activeVariant after apply
[22m[39m[outfit] _applySlot: failed to read texture school.png

[90mstderr[2m | src/__tests__/outfit.test.ts[2m > [22m[2mapplyOutfitVariant[2m > [22m[2mshould apply byMaterial override over byCategory
[22m[39m[outfit] _applySlot: failed to read texture school.png

[90mstderr[2m | src/__tests__/outfit.test.ts[2m > [22m[2mapplyOutfitVariant[2m > [22m[2mshould apply "all" slot fallback
[22m[39m[outfit] _applySlot: failed to read texture show.png
[outfit] _applySlot: failed to read texture show_toon.png

[90mstderr[2m | src/__tests__/outfit.test.ts[2m > [22m[2mapplyOutfitVariant[2m > [22m[2mshould not re-capture _origTextures on second apply
[22m[39m[outfit] _applySlot: failed to read texture school.png

[90mstderr[2m | src/__tests__/outfit.test.ts[2m > [22m[2moutfit helper functions (via integration)[2m > [22m[2mshould apply params and tint from variant
[22m[39m[outfit] _applySlot: failed to read texture new_diffuse.png
[outfit] _applySlot: failed to read texture new_toon.png
[outfit] _applySlot: failed to read texture new_spa.png
[outfit] _applySlot: failed to read texture new_normal.png
[outfit] _applySlot: failed to read texture new_emissive.png

[90mstderr[2m | src/__tests__/outfit.test.ts[2m > [22m[2moutfit helper functions (via integration)[2m > [22m[2mshould handle variant with all params
[22m[39m[outfit] _applySlot: failed to read texture all_diffuse.png

 [32m✓[39m src/__tests__/outfit.test.ts [2m([22m[2m16 tests[22m[2m)[22m[33m 798[2mms[22m[39m
     [33m[2m✓[22m[39m should return early if no outfitFile [33m 765[2mms[22m[39m
[90mstderr[2m | src/__tests__/perception/perf-tier.int.test.ts[2m > [22m[2mADR-164 enableAllPerception / disableAllPerception[2m > [22m[2m1. enableAllPerception 后所有已加载模型有 context
[22m[39m[perception] 已注销
[adr-147] bone "首" 已被模块 "perception.gaze.head"(priority=92) 占用，模块 "perception.breath"(priority=93) 跳过该骨骼
[adr-147] bone "頭" 已被模块 "perception.gaze.head"(priority=92) 占用，模块 "perception.breath"(priority=93) 跳过该骨骼
[adr-147] bone "head" 已被模块 "perception.gaze.head"(priority=92) 占用，模块 "perception.breath"(priority=93) 跳过该骨骼
[adr-147] bone "Head" 已被模块 "perception.gaze.head"(priority=92) 占用，模块 "perception.breath"(priority=93) 跳过该骨骼
[adr-147] bone "上半身2" 已被模块 "perception.breath"(priority=93) 占用，模块 "perception.balance.upper"(priority=95) 跳过该骨骼
[perception] 激活: 模型=m1 呼吸=true 眨眼=true 头=true 眼=true
[adr-147] bone "首" 已被模块 "perception.gaze.head"(priority=92) 占用，模块 "perception.breath"(priority=93) 跳过该骨骼
[adr-147] bone "頭" 已被模块 "perception.gaze.head"(priority=92) 占用，模块 "perception.breath"(priority=93) 跳过该骨骼
[adr-147] bone "head" 已被模块 "perception.gaze.head"(priority=92) 占用，模块 "perception.breath"(priority=93) 跳过该骨骼
[adr-147] bone "Head" 已被模块 "perception.gaze.head"(priority=92) 占用，模块 "perception.breath"(priority=93) 跳过该骨骼
[adr-147] bone "上半身2" 已被模块 "perception.breath"(priority=93) 占用，模块 "perception.balance.upper"(priority=95) 跳过该骨骼
[perception] 全员感知已开启

[90mstderr[2m | src/__tests__/perception/claim-bones.int.test.ts[2m > [22m[2mADR-163 claimBones[2m > [22m[2ma) activatePerception 后感知层骨骼被正确认领
[22m[39m[perception] 已注销
[adr-147] bone "首" 已被模块 "perception.gaze.head"(priority=92) 占用，模块 "perception.breath"(priority=93) 跳过该骨骼
[adr-147] bone "頭" 已被模块 "perception.gaze.head"(priority=92) 占用，模块 "perception.breath"(priority=93) 跳过该骨骼
[adr-147] bone "head" 已被模块 "perception.gaze.head"(priority=92) 占用，模块 "perception.breath"(priority=93) 跳过该骨骼
[adr-147] bone "Head" 已被模块 "perception.gaze.head"(priority=92) 占用，模块 "perception.breath"(priority=93) 跳过该骨骼
[adr-147] bone "上半身2" 已被模块 "perception.breath"(priority=93) 占用，模块 "perception.balance.upper"(priority=95) 跳过该骨骼
[perception] 激活: 模型=m1 呼吸=true 眨眼=true 头=true 眼=true

[90mstderr[2m | src/__tests__/perception/multi-model.int.test.ts[2m > [22m[2mADR-164 模型加载自动激活[2m > [22m[2m8. 全员感知模式下新模型加载时自动激活
[22m[39m[perception] 已注销
[adr-147] bone "首" 已被模块 "perception.gaze.head"(priority=92) 占用，模块 "perception.breath"(priority=93) 跳过该骨骼
[adr-147] bone "頭" 已被模块 "perception.gaze.head"(priority=92) 占用，模块 "perception.breath"(priority=93) 跳过该骨骼
[adr-147] bone "head" 已被模块 "perception.gaze.head"(priority=92) 占用，模块 "perception.breath"(priority=93) 跳过该骨骼
[adr-147] bone "Head" 已被模块 "perception.gaze.head"(priority=92) 占用，模块 "perception.breath"(priority=93) 跳过该骨骼
[adr-147] bone "上半身2" 已被模块 "perception.breath"(priority=93) 占用，模块 "perception.balance.upper"(priority=95) 跳过该骨骼
[perception] 激活: 模型=m1 呼吸=true 眨眼=true 头=true 眼=true
[perception] 全员感知已开启
[adr-147] bone "首" 已被模块 "perception.gaze.head"(priority=92) 占用，模块 "perception.breath"(priority=93) 跳过该骨骼
[adr-147] bone "頭" 已被模块 "perception.gaze.head"(priority=92) 占用，模块 "perception.breath"(priority=93) 跳过该骨骼
[adr-147] bone "head" 已被模块 "perception.gaze.head"(priority=92) 占用，模块 "perception.breath"(priority=93) 跳过该骨骼
[adr-147] bone "Head" 已被模块 "perception.gaze.head"(priority=92) 占用，模块 "perception.breath"(priority=93) 跳过该骨骼
[adr-147] bone "上半身2" 已被模块 "perception.breath"(priority=93) 占用，模块 "perception.balance.upper"(priority=95) 跳过该骨骼

[90mstderr[2m | src/__tests__/perception/perf-tier.int.test.ts[2m > [22m[2mADR-164 enableAllPerception / disableAllPerception[2m > [22m[2m2. disableAllPerception 后仅焦点保留
[22m[39m[perception] 已注销
[adr-147] bone "首" 已被模块 "perception.gaze.head"(priority=92) 占用，模块 "perception.breath"(priority=93) 跳过该骨骼
[adr-147] bone "頭" 已被模块 "perception.gaze.head"(priority=92) 占用，模块 "perception.breath"(priority=93) 跳过该骨骼
[adr-147] bone "head" 已被模块 "perception.gaze.head"(priority=92) 占用，模块 "perception.breath"(priority=93) 跳过该骨骼
[adr-147] bone "Head" 已被模块 "perception.gaze.head"(priority=92) 占用，模块 "perception.breath"(priority=93) 跳过该骨骼
[adr-147] bone "上半身2" 已被模块 "perception.breath"(priority=93) 占用，模块 "perception.balance.upper"(priority=95) 跳过该骨骼
[perception] 激活: 模型=m1 呼吸=true 眨眼=true 头=true 眼=true
[adr-147] bone "首" 已被模块 "perception.gaze.head"(priority=92) 占用，模块 "perception.breath"(priority=93) 跳过该骨骼
[adr-147] bone "頭" 已被模块 "perception.gaze.head"(priority=92) 占用，模块 "perception.breath"(priority=93) 跳过该骨骼
[adr-147] bone "head" 已被模块 "perception.gaze.head"(priority=92) 占用，模块 "perception.breath"(priority=93) 跳过该骨骼
[adr-147] bone "Head" 已被模块 "perception.gaze.head"(priority=92) 占用，模块 "perception.breath"(priority=93) 跳过该骨骼
[adr-147] bone "上半身2" 已被模块 "perception.breath"(priority=93) 占用，模块 "perception.balance.upper"(priority=95) 跳过该骨骼
[perception] pin: 模型=m2
[perception] 全员感知已关闭

[90mstderr[2m | src/__tests__/perception/claim-bones.int.test.ts[2m > [22m[2mADR-163 claimBones[2m > [22m[2mb) P1 抢占后感知层 ownedBones 不再包含被抢占骨骼
[22m[39m[perception] 已注销
[adr-147] bone "首" 已被模块 "perception.gaze.head"(priority=92) 占用，模块 "perception.breath"(priority=93) 跳过该骨骼
[adr-147] bone "頭" 已被模块 "perception.gaze.head"(priority=92) 占用，模块 "perception.breath"(priority=93) 跳过该骨骼
[adr-147] bone "head" 已被模块 "perception.gaze.head"(priority=92) 占用，模块 "perception.breath"(priority=93) 跳过该骨骼
[adr-147] bone "Head" 已被模块 "perception.gaze.head"(priority=92) 占用，模块 "perception.breath"(priority=93) 跳过该骨骼
[adr-147] bone "上半身2" 已被模块 "perception.breath"(priority=93) 占用，模块 "perception.balance.upper"(priority=95) 跳过该骨骼
[perception] 激活: 模型=m1 呼吸=true 眨眼=true 头=true 眼=true

[90mstdout[2m | src/__tests__/perception/claim-bones.int.test.ts[2m > [22m[2mADR-163 claimBones[2m > [22m[2mb) P1 抢占后感知层 ownedBones 不再包含被抢占骨骼
[22m[39m[bone-override] _getOverrideMap 首次为模型创建覆盖索引 {"modelId":"m1","existingModels":["m1"]}

[90mstderr[2m | src/__tests__/perception/claim-bones.int.test.ts[2m > [22m[2mADR-163 claimBones[2m > [22m[2mb) P1 抢占后感知层 ownedBones 不再包含被抢占骨骼
[22m[39m[adr-147] bone "頭" 被模块 "body-posture"(priority=1) 从 "perception.gaze.head"(priority=92) 抢占

[90mstderr[2m | src/__tests__/perception/multi-model.int.test.ts[2m > [22m[2mADR-166 多模型隔离[2m > [22m[2m2. 焦点 setBreathFrequency 不污染 pinned 模型 ctx.state
[22m[39m[perception] 已注销
[adr-147] bone "首" 已被模块 "perception.gaze.head"(priority=92) 占用，模块 "perception.breath"(priority=93) 跳过该骨骼
[adr-147] bone "頭" 已被模块 "perception.gaze.head"(priority=92) 占用，模块 "perception.breath"(priority=93) 跳过该骨骼
[adr-147] bone "head" 已被模块 "perception.gaze.head"(priority=92) 占用，模块 "perception.breath"(priority=93) 跳过该骨骼
[adr-147] bone "Head" 已被模块 "perception.gaze.head"(priority=92) 占用，模块 "perception.breath"(priority=93) 跳过该骨骼
[adr-147] bone "上半身2" 已被模块 "perception.breath"(priority=93) 占用，模块 "perception.balance.upper"(priority=95) 跳过该骨骼
[perception] 激活: 模型=m1 呼吸=true 眨眼=true 头=true 眼=true
[adr-147] bone "首" 已被模块 "perception.gaze.head"(priority=92) 占用，模块 "perception.breath"(priority=93) 跳过该骨骼
[adr-147] bone "頭" 已被模块 "perception.gaze.head"(priority=92) 占用，模块 "perception.breath"(priority=93) 跳过该骨骼
[adr-147] bone "head" 已被模块 "perception.gaze.head"(priority=92) 占用，模块 "perception.breath"(priority=93) 跳过该骨骼
[adr-147] bone "Head" 已被模块 "perception.gaze.head"(priority=92) 占用，模块 "perception.breath"(priority=93) 跳过该骨骼
[adr-147] bone "上半身2" 已被模块 "perception.breath"(priority=93) 占用，模块 "perception.balance.upper"(priority=95) 跳过该骨骼
[perception] pin: 模型=m2

[90mstderr[2m | src/__tests__/perception/claim-bones.int.test.ts[2m > [22m[2mADR-163 claimBones[2m > [22m[2mc) deactivatePerception 后 ownedBones 被释放
[22m[39m[perception] 已注销
[adr-147] bone "首" 已被模块 "perception.gaze.head"(priority=92) 占用，模块 "perception.breath"(priority=93) 跳过该骨骼
[adr-147] bone "頭" 已被模块 "perception.gaze.head"(priority=92) 占用，模块 "perception.breath"(priority=93) 跳过该骨骼
[adr-147] bone "head" 已被模块 "perception.gaze.head"(priority=92) 占用，模块 "perception.breath"(priority=93) 跳过该骨骼
[adr-147] bone "Head" 已被模块 "perception.gaze.head"(priority=92) 占用，模块 "perception.breath"(priority=93) 跳过该骨骼
[adr-147] bone "上半身2" 已被模块 "perception.breath"(priority=93) 占用，模块 "perception.balance.upper"(priority=95) 跳过该骨骼
[perception] 激活: 模型=m1 呼吸=true 眨眼=true 头=true 眼=true

[90mstdout[2m | src/__tests__/perception/claim-bones.int.test.ts[2m > [22m[2mADR-163 claimBones[2m > [22m[2mc) deactivatePerception 后 ownedBones 被释放
[22m[39m[bone-override] _getOverrideMap 首次为模型创建覆盖索引 {"modelId":"m1","existingModels":["m1"]}

[90mstderr[2m | src/__tests__/perception/claim-bones.int.test.ts[2m > [22m[2mADR-163 claimBones[2m > [22m[2mc) deactivatePerception 后 ownedBones 被释放
[22m[39m[perception] 已注销

[90mstdout[2m | src/__tests__/perception/perf-tier.int.test.ts[2m > [22m[2mADR-164 enableAllPerception / disableAllPerception[2m > [22m[2m3. enable→disable→enable toggle 后 lastOffsets 正确重置
[22m[39m[bone-override] _getOverrideMap 首次为模型创建覆盖索引 {"modelId":"m2","existingModels":["m2"]}

[90mstderr[2m | src/__tests__/perception/perf-tier.int.test.ts[2m > [22m[2mADR-164 enableAllPerception / disableAllPerception[2m > [22m[2m3. enable→disable→enable toggle 后 lastOffsets 正确重置
[22m[39m[perception] 已注销
[adr-147] bone "首" 已被模块 "perception.gaze.head"(priority=92) 占用，模块 "perception.breath"(priority=93) 跳过该骨骼
[adr-147] bone "頭" 已被模块 "perception.gaze.head"(priority=92) 占用，模块 "perception.breath"(priority=93) 跳过该骨骼
[adr-147] bone "head" 已被模块 "perception.gaze.head"(priority=92) 占用，模块 "perception.breath"(priority=93) 跳过该骨骼
[adr-147] bone "Head" 已被模块 "perception.gaze.head"(priority=92) 占用，模块 "perception.breath"(priority=93) 跳过该骨骼
[adr-147] bone "上半身2" 已被模块 "perception.breath"(priority=93) 占用，模块 "perception.balance.upper"(priority=95) 跳过该骨骼
[perception] 激活: 模型=m1 呼吸=true 眨眼=true 头=true 眼=true
[adr-147] bone "首" 已被模块 "perception.gaze.head"(priority=92) 占用，模块 "perception.breath"(priority=93) 跳过该骨骼
[adr-147] bone "頭" 已被模块 "perception.gaze.head"(priority=92) 占用，模块 "perception.breath"(priority=93) 跳过该骨骼
[adr-147] bone "head" 已被模块 "perception.gaze.head"(priority=92) 占用，模块 "perception.breath"(priority=93) 跳过该骨骼
[adr-147] bone "Head" 已被模块 "perception.gaze.head"(priority=92) 占用，模块 "perception.breath"(priority=93) 跳过该骨骼
[adr-147] bone "上半身2" 已被模块 "perception.breath"(priority=93) 占用，模块 "perception.balance.upper"(priority=95) 跳过该骨骼
[perception] 全员感知已开启
[perception] 全员感知已关闭
[adr-147] bone "首" 已被模块 "perception.gaze.head"(priority=92) 占用，模块 "perception.breath"(priority=93) 跳过该骨骼
[adr-147] bone "頭" 已被模块 "perception.gaze.head"(priority=92) 占用，模块 "perception.breath"(priority=93) 跳过该骨骼
[adr-147] bone "head" 已被模块 "perception.gaze.head"(priority=92) 占用，模块 "perception.breath"(priority=93) 跳过该骨骼
[adr-147] bone "Head" 已被模块 "perception.gaze.head"(priority=92) 占用，模块 "perception.breath"(priority=93) 跳过该骨骼
[adr-147] bone "上半身2" 已被模块 "perception.breath"(priority=93) 占用，模块 "perception.balance.upper"(priority=95) 跳过该骨骼
[perception] 全员感知已开启

[90mstderr[2m | src/__tests__/perception/multi-model.int.test.ts[2m > [22m[2mADR-166 多模型隔离[2m > [22m[2m3. 非感知模块释放骨骼时触发感知层自动 reclaim
[22m[39m[perception] 已注销
[adr-147] bone "首" 已被模块 "perception.gaze.head"(priority=92) 占用，模块 "perception.breath"(priority=93) 跳过该骨骼
[adr-147] bone "頭" 已被模块 "perception.gaze.head"(priority=92) 占用，模块 "perception.breath"(priority=93) 跳过该骨骼
[adr-147] bone "head" 已被模块 "perception.gaze.head"(priority=92) 占用，模块 "perception.breath"(priority=93) 跳过该骨骼
[adr-147] bone "Head" 已被模块 "perception.gaze.head"(priority=92) 占用，模块 "perception.breath"(priority=93) 跳过该骨骼
[adr-147] bone "上半身2" 已被模块 "perception.breath"(priority=93) 占用，模块 "perception.balance.upper"(priority=95) 跳过该骨骼
[perception] 激活: 模型=m1 呼吸=true 眨眼=true 头=true 眼=true

[90mstdout[2m | src/__tests__/perception/multi-model.int.test.ts[2m > [22m[2mADR-166 多模型隔离[2m > [22m[2m3. 非感知模块释放骨骼时触发感知层自动 reclaim
[22m[39m[bone-override] _getOverrideMap 首次为模型创建覆盖索引 {"modelId":"m1","existingModels":["m1"]}

[90mstderr[2m | src/__tests__/perception/multi-model.int.test.ts[2m > [22m[2mADR-166 多模型隔离[2m > [22m[2m3. 非感知模块释放骨骼时触发感知层自动 reclaim
[22m[39m[adr-147] bone "頭" 被模块 "body-posture"(priority=1) 从 "perception.gaze.head"(priority=92) 抢占
[adr-147] bone "首" 已被模块 "perception.gaze.head"(priority=92) 占用，模块 "perception.breath"(priority=93) 跳过该骨骼
[adr-147] bone "頭" 已被模块 "perception.gaze.head"(priority=92) 占用，模块 "perception.breath"(priority=93) 跳过该骨骼
[adr-147] bone "head" 已被模块 "perception.gaze.head"(priority=92) 占用，模块 "perception.breath"(priority=93) 跳过该骨骼
[adr-147] bone "Head" 已被模块 "perception.gaze.head"(priority=92) 占用，模块 "perception.breath"(priority=93) 跳过该骨骼
[adr-147] bone "上半身2" 已被模块 "perception.breath"(priority=93) 占用，模块 "perception.balance.upper"(priority=95) 跳过该骨骼

[90mstderr[2m | src/__tests__/perception/micro-expression.int.test.ts[2m > [22m[2m_applyMicroExpression[2m > [22m[2mneutral 情绪不写入任何 morph
[22m[39m[perception] 已注销
[adr-147] bone "首" 已被模块 "perception.gaze.head"(priority=92) 占用，模块 "perception.breath"(priority=93) 跳过该骨骼
[adr-147] bone "頭" 已被模块 "perception.gaze.head"(priority=92) 占用，模块 "perception.breath"(priority=93) 跳过该骨骼
[adr-147] bone "head" 已被模块 "perception.gaze.head"(priority=92) 占用，模块 "perception.breath"(priority=93) 跳过该骨骼
[adr-147] bone "Head" 已被模块 "perception.gaze.head"(priority=92) 占用，模块 "perception.breath"(priority=93) 跳过该骨骼
[adr-147] bone "上半身2" 已被模块 "perception.breath"(priority=93) 占用，模块 "perception.balance.upper"(priority=95) 跳过该骨骼
[perception] 激活: 模型=m1 呼吸=true 眨眼=true 头=true 眼=true

 [32m✓[39m src/__tests__/perception/multi-model.int.test.ts [2m([22m[2m4 tests[22m[2m)[22m[33m 1733[2mms[22m[39m
     [33m[2m✓[22m[39m 8. 全员感知模式下新模型加载时自动激活 [33m 1673[2mms[22m[39m
[90mstdout[2m | src/__tests__/perception/claim-bones.int.test.ts[2m > [22m[2mADR-163 claimBones[2m > [22m[2md) 冲突 banner 文本内容正确（仅焦点模型显示）
[22m[39m[bone-override] _getOverrideMap 首次为模型创建覆盖索引 {"modelId":"m1","existingModels":["m1"]}

 [32m✓[39m src/__tests__/physics-contract.test.ts [2m([22m[2m40 tests[22m[2m)[22m[32m 81[2mms[22m[39m
[90mstderr[2m | src/__tests__/perception/claim-bones.int.test.ts[2m > [22m[2mADR-163 claimBones[2m > [22m[2md) 冲突 banner 文本内容正确（仅焦点模型显示）
[22m[39m[adr-147] bone "頭" 被模块 "body-posture"(priority=1) 从 "perception.gaze.head"(priority=100) 抢占

[90mstderr[2m | src/__tests__/perception/micro-expression.int.test.ts[2m > [22m[2m_applyMicroExpression[2m > [22m[2mhappy 情绪周期性脉冲笑み morph
[22m[39m[perception] 已注销
[adr-147] bone "首" 已被模块 "perception.gaze.head"(priority=92) 占用，模块 "perception.breath"(priority=93) 跳过该骨骼
[adr-147] bone "頭" 已被模块 "perception.gaze.head"(priority=92) 占用，模块 "perception.breath"(priority=93) 跳过该骨骼
[adr-147] bone "head" 已被模块 "perception.gaze.head"(priority=92) 占用，模块 "perception.breath"(priority=93) 跳过该骨骼
[adr-147] bone "Head" 已被模块 "perception.gaze.head"(priority=92) 占用，模块 "perception.breath"(priority=93) 跳过该骨骼
[adr-147] bone "上半身2" 已被模块 "perception.breath"(priority=93) 占用，模块 "perception.balance.upper"(priority=95) 跳过该骨骼
[perception] 激活: 模型=m1 呼吸=true 眨眼=true 头=true 眼=true

[90mstderr[2m | src/__tests__/perception/perf-tier.int.test.ts[2m > [22m[2mADR-164 PerceptionPerfMonitor tier[2m > [22m[2m5. 手动 tier=low 时 gaze/balance/expression/lipsync 在 observer 中跳过
[22m[39m[perception] 已注销
[adr-147] bone "首" 已被模块 "perception.gaze.head"(priority=92) 占用，模块 "perception.breath"(priority=93) 跳过该骨骼
[adr-147] bone "頭" 已被模块 "perception.gaze.head"(priority=92) 占用，模块 "perception.breath"(priority=93) 跳过该骨骼
[adr-147] bone "head" 已被模块 "perception.gaze.head"(priority=92) 占用，模块 "perception.breath"(priority=93) 跳过该骨骼
[adr-147] bone "Head" 已被模块 "perception.gaze.head"(priority=92) 占用，模块 "perception.breath"(priority=93) 跳过该骨骼
[adr-147] bone "上半身2" 已被模块 "perception.breath"(priority=93) 占用，模块 "perception.balance.upper"(priority=95) 跳过该骨骼
[perception] 激活: 模型=m1 呼吸=true 眨眼=true 头=true 眼=true

[90mstderr[2m | src/__tests__/perception/micro-expression.int.test.ts[2m > [22m[2m_applyMicroExpression[2m > [22m[2mmicroExpressionEnabled=false 时不写入
[22m[39m[perception] 已注销
[adr-147] bone "首" 已被模块 "perception.gaze.head"(priority=92) 占用，模块 "perception.breath"(priority=93) 跳过该骨骼
[adr-147] bone "頭" 已被模块 "perception.gaze.head"(priority=92) 占用，模块 "perception.breath"(priority=93) 跳过该骨骼
[adr-147] bone "head" 已被模块 "perception.gaze.head"(priority=92) 占用，模块 "perception.breath"(priority=93) 跳过该骨骼
[adr-147] bone "Head" 已被模块 "perception.gaze.head"(priority=92) 占用，模块 "perception.breath"(priority=93) 跳过该骨骼
[adr-147] bone "上半身2" 已被模块 "perception.breath"(priority=93) 占用，模块 "perception.balance.upper"(priority=95) 跳过该骨骼
[perception] 激活: 模型=m1 呼吸=true 眨眼=true 头=true 眼=true

[90mstderr[2m | src/__tests__/perception/perf-tier.int.test.ts[2m > [22m[2mADR-164 PerceptionPerfMonitor tier[2m > [22m[2m6. 手动 tier=medium 时 gaze 每 2 帧一次、expression 每 4 帧一次
[22m[39m[perception] 已注销
[adr-147] bone "首" 已被模块 "perception.gaze.head"(priority=92) 占用，模块 "perception.breath"(priority=93) 跳过该骨骼
[adr-147] bone "頭" 已被模块 "perception.gaze.head"(priority=92) 占用，模块 "perception.breath"(priority=93) 跳过该骨骼
[adr-147] bone "head" 已被模块 "perception.gaze.head"(priority=92) 占用，模块 "perception.breath"(priority=93) 跳过该骨骼
[adr-147] bone "Head" 已被模块 "perception.gaze.head"(priority=92) 占用，模块 "perception.breath"(priority=93) 跳过该骨骼
[adr-147] bone "上半身2" 已被模块 "perception.breath"(priority=93) 占用，模块 "perception.balance.upper"(priority=95) 跳过该骨骼
[perception] 激活: 模型=m1 呼吸=true 眨眼=true 头=true 眼=true

[90mstderr[2m | src/__tests__/perception/micro-expression.int.test.ts[2m > [22m[2m_applyMicroExpression[2m > [22m[2mmorph 不存在时静默跳过
[22m[39m[perception] 已注销
[adr-147] bone "首" 已被模块 "perception.gaze.head"(priority=92) 占用，模块 "perception.breath"(priority=93) 跳过该骨骼
[adr-147] bone "頭" 已被模块 "perception.gaze.head"(priority=92) 占用，模块 "perception.breath"(priority=93) 跳过该骨骼
[adr-147] bone "head" 已被模块 "perception.gaze.head"(priority=92) 占用，模块 "perception.breath"(priority=93) 跳过该骨骼
[adr-147] bone "Head" 已被模块 "perception.gaze.head"(priority=92) 占用，模块 "perception.breath"(priority=93) 跳过该骨骼
[adr-147] bone "上半身2" 已被模块 "perception.breath"(priority=93) 占用，模块 "perception.balance.upper"(priority=95) 跳过该骨骼
[perception] 激活: 模型=m1 呼吸=true 眨眼=true 头=true 眼=true

[90mstderr[2m | src/__tests__/perception/perf-tier.int.test.ts[2m > [22m[2mADR-164 PerceptionPerfMonitor tier[2m > [22m[2m7. pinPerception + tier=low 时 pinned 模型保留感知
[22m[39m[perception] 已注销
[adr-147] bone "首" 已被模块 "perception.gaze.head"(priority=92) 占用，模块 "perception.breath"(priority=93) 跳过该骨骼
[adr-147] bone "頭" 已被模块 "perception.gaze.head"(priority=92) 占用，模块 "perception.breath"(priority=93) 跳过该骨骼
[adr-147] bone "head" 已被模块 "perception.gaze.head"(priority=92) 占用，模块 "perception.breath"(priority=93) 跳过该骨骼
[adr-147] bone "Head" 已被模块 "perception.gaze.head"(priority=92) 占用，模块 "perception.breath"(priority=93) 跳过该骨骼
[adr-147] bone "上半身2" 已被模块 "perception.breath"(priority=93) 占用，模块 "perception.balance.upper"(priority=95) 跳过该骨骼
[perception] 激活: 模型=m1 呼吸=true 眨眼=true 头=true 眼=true
[adr-147] bone "首" 已被模块 "perception.gaze.head"(priority=92) 占用，模块 "perception.breath"(priority=93) 跳过该骨骼
[adr-147] bone "頭" 已被模块 "perception.gaze.head"(priority=92) 占用，模块 "perception.breath"(priority=93) 跳过该骨骼
[adr-147] bone "head" 已被模块 "perception.gaze.head"(priority=92) 占用，模块 "perception.breath"(priority=93) 跳过该骨骼
[adr-147] bone "Head" 已被模块 "perception.gaze.head"(priority=92) 占用，模块 "perception.breath"(priority=93) 跳过该骨骼
[adr-147] bone "上半身2" 已被模块 "perception.breath"(priority=93) 占用，模块 "perception.balance.upper"(priority=95) 跳过该骨骼
[perception] pin: 模型=m2

[90mstderr[2m | src/__tests__/perception/lipsync.int.test.ts[2m > [22m[2m_applyLipSync[2m > [22m[2mlipSyncEnabled=false 时不写入任何 morph
[22m[39m[perception] 已注销
[adr-147] bone "首" 已被模块 "perception.gaze.head"(priority=92) 占用，模块 "perception.breath"(priority=93) 跳过该骨骼
[adr-147] bone "頭" 已被模块 "perception.gaze.head"(priority=92) 占用，模块 "perception.breath"(priority=93) 跳过该骨骼
[adr-147] bone "head" 已被模块 "perception.gaze.head"(priority=92) 占用，模块 "perception.breath"(priority=93) 跳过该骨骼
[adr-147] bone "Head" 已被模块 "perception.gaze.head"(priority=92) 占用，模块 "perception.breath"(priority=93) 跳过该骨骼
[adr-147] bone "上半身2" 已被模块 "perception.breath"(priority=93) 占用，模块 "perception.balance.upper"(priority=95) 跳过该骨骼
[perception] 激活: 模型=m1 呼吸=true 眨眼=true 头=true 眼=true

[90mstderr[2m | src/__tests__/perception/micro-expression.int.test.ts[2m > [22m[2m_applyMicroExpression[2m > [22m[2m开启写入后关闭 → 旧 morph influence 归零（防冻结）
[22m[39m[perception] 已注销
[adr-147] bone "首" 已被模块 "perception.gaze.head"(priority=92) 占用，模块 "perception.breath"(priority=93) 跳过该骨骼
[adr-147] bone "頭" 已被模块 "perception.gaze.head"(priority=92) 占用，模块 "perception.breath"(priority=93) 跳过该骨骼
[adr-147] bone "head" 已被模块 "perception.gaze.head"(priority=92) 占用，模块 "perception.breath"(priority=93) 跳过该骨骼
[adr-147] bone "Head" 已被模块 "perception.gaze.head"(priority=92) 占用，模块 "perception.breath"(priority=93) 跳过该骨骼
[adr-147] bone "上半身2" 已被模块 "perception.breath"(priority=93) 占用，模块 "perception.balance.upper"(priority=95) 跳过该骨骼
[perception] 激活: 模型=m1 呼吸=true 眨眼=true 头=true 眼=true

[90mstderr[2m | src/__tests__/perception/lipsync.int.test.ts[2m > [22m[2m_applyLipSync[2m > [22m[2m开启且音频播放时写入 あ morph
[22m[39m[perception] 已注销
[adr-147] bone "首" 已被模块 "perception.gaze.head"(priority=92) 占用，模块 "perception.breath"(priority=93) 跳过该骨骼
[adr-147] bone "頭" 已被模块 "perception.gaze.head"(priority=92) 占用，模块 "perception.breath"(priority=93) 跳过该骨骼
[adr-147] bone "head" 已被模块 "perception.gaze.head"(priority=92) 占用，模块 "perception.breath"(priority=93) 跳过该骨骼
[adr-147] bone "Head" 已被模块 "perception.gaze.head"(priority=92) 占用，模块 "perception.breath"(priority=93) 跳过该骨骼
[adr-147] bone "上半身2" 已被模块 "perception.breath"(priority=93) 占用，模块 "perception.balance.upper"(priority=95) 跳过该骨骼
[perception] 激活: 模型=m1 呼吸=true 眨眼=true 头=true 眼=true

[90mstderr[2m | src/__tests__/perception/micro-expression.int.test.ts[2m > [22m[2m_applyMicroExpression[2m > [22m[2m切换情绪时旧 morph 归零（防串味）
[22m[39m[perception] 已注销
[adr-147] bone "首" 已被模块 "perception.gaze.head"(priority=92) 占用，模块 "perception.breath"(priority=93) 跳过该骨骼
[adr-147] bone "頭" 已被模块 "perception.gaze.head"(priority=92) 占用，模块 "perception.breath"(priority=93) 跳过该骨骼
[adr-147] bone "head" 已被模块 "perception.gaze.head"(priority=92) 占用，模块 "perception.breath"(priority=93) 跳过该骨骼
[adr-147] bone "Head" 已被模块 "perception.gaze.head"(priority=92) 占用，模块 "perception.breath"(priority=93) 跳过该骨骼
[adr-147] bone "上半身2" 已被模块 "perception.breath"(priority=93) 占用，模块 "perception.balance.upper"(priority=95) 跳过该骨骼
[perception] 激活: 模型=m1 呼吸=true 眨眼=true 头=true 眼=true

[90mstderr[2m | src/__tests__/perception/lipsync.int.test.ts[2m > [22m[2m_applyLipSync[2m > [22m[2mmorph 不存在时静默跳过
[22m[39m[perception] 已注销
[adr-147] bone "首" 已被模块 "perception.gaze.head"(priority=92) 占用，模块 "perception.breath"(priority=93) 跳过该骨骼
[adr-147] bone "頭" 已被模块 "perception.gaze.head"(priority=92) 占用，模块 "perception.breath"(priority=93) 跳过该骨骼
[adr-147] bone "head" 已被模块 "perception.gaze.head"(priority=92) 占用，模块 "perception.breath"(priority=93) 跳过该骨骼
[adr-147] bone "Head" 已被模块 "perception.gaze.head"(priority=92) 占用，模块 "perception.breath"(priority=93) 跳过该骨骼
[adr-147] bone "上半身2" 已被模块 "perception.breath"(priority=93) 占用，模块 "perception.balance.upper"(priority=95) 跳过该骨骼
[perception] 激活: 模型=m1 呼吸=true 眨眼=true 头=true 眼=true

[90mstderr[2m | src/__tests__/perception/micro-expression.int.test.ts[2m > [22m[2m_applyMicroExpression[2m > [22m[2m切换到 neutral 时旧 morph 归零
[22m[39m[perception] 已注销
[adr-147] bone "首" 已被模块 "perception.gaze.head"(priority=92) 占用，模块 "perception.breath"(priority=93) 跳过该骨骼
[adr-147] bone "頭" 已被模块 "perception.gaze.head"(priority=92) 占用，模块 "perception.breath"(priority=93) 跳过该骨骼
[adr-147] bone "head" 已被模块 "perception.gaze.head"(priority=92) 占用，模块 "perception.breath"(priority=93) 跳过该骨骼
[adr-147] bone "Head" 已被模块 "perception.gaze.head"(priority=92) 占用，模块 "perception.breath"(priority=93) 跳过该骨骼
[adr-147] bone "上半身2" 已被模块 "perception.breath"(priority=93) 占用，模块 "perception.balance.upper"(priority=95) 跳过该骨骼
[perception] 激活: 模型=m1 呼吸=true 眨眼=true 头=true 眼=true

 [32m✓[39m src/__tests__/perception/micro-expression.int.test.ts [2m([22m[2m10 tests[22m[2m)[22m[33m 1912[2mms[22m[39m
     [33m[2m✓[22m[39m 默认 emotion 为 neutral，microExpressionEnabled 为 true [33m 1672[2mms[22m[39m
[90mstderr[2m | src/__tests__/perception/balance-sway-pin.int.test.ts[2m > [22m[2mpinPerception[2m > [22m[2mpin 模型后焦点切换时 pinned 仍激活
[22m[39m[perception] 已注销
[adr-147] bone "首" 已被模块 "perception.gaze.head"(priority=92) 占用，模块 "perception.breath"(priority=93) 跳过该骨骼
[adr-147] bone "頭" 已被模块 "perception.gaze.head"(priority=92) 占用，模块 "perception.breath"(priority=93) 跳过该骨骼
[adr-147] bone "head" 已被模块 "perception.gaze.head"(priority=92) 占用，模块 "perception.breath"(priority=93) 跳过该骨骼
[adr-147] bone "Head" 已被模块 "perception.gaze.head"(priority=92) 占用，模块 "perception.breath"(priority=93) 跳过该骨骼
[adr-147] bone "上半身2" 已被模块 "perception.breath"(priority=93) 占用，模块 "perception.balance.upper"(priority=95) 跳过该骨骼
[perception] 激活: 模型=m1 呼吸=true 眨眼=true 头=true 眼=true
[adr-147] bone "首" 已被模块 "perception.gaze.head"(priority=92) 占用，模块 "perception.breath"(priority=93) 跳过该骨骼
[adr-147] bone "頭" 已被模块 "perception.gaze.head"(priority=92) 占用，模块 "perception.breath"(priority=93) 跳过该骨骼
[adr-147] bone "head" 已被模块 "perception.gaze.head"(priority=92) 占用，模块 "perception.breath"(priority=93) 跳过该骨骼
[adr-147] bone "Head" 已被模块 "perception.gaze.head"(priority=92) 占用，模块 "perception.breath"(priority=93) 跳过该骨骼
[adr-147] bone "上半身2" 已被模块 "perception.breath"(priority=93) 占用，模块 "perception.balance.upper"(priority=95) 跳过该骨骼
[perception] pin: 模型=m1
[adr-147] bone "首" 已被模块 "perception.gaze.head"(priority=92) 占用，模块 "perception.breath"(priority=93) 跳过该骨骼
[adr-147] bone "頭" 已被模块 "perception.gaze.head"(priority=92) 占用，模块 "perception.breath"(priority=93) 跳过该骨骼
[adr-147] bone "head" 已被模块 "perception.gaze.head"(priority=92) 占用，模块 "perception.breath"(priority=93) 跳过该骨骼
[adr-147] bone "Head" 已被模块 "perception.gaze.head"(priority=92) 占用，模块 "perception.breath"(priority=93) 跳过该骨骼
[adr-147] bone "上半身2" 已被模块 "perception.breath"(priority=93) 占用，模块 "perception.balance.upper"(priority=95) 跳过该骨骼
[perception] 激活: 模型=m2 呼吸=true 眨眼=true 头=true 眼=true

[90mstderr[2m | src/__tests__/perception/lipsync.int.test.ts[2m > [22m[2m_applyLipSync[2m > [22m[2m关闭后 morph influence 归零（防残留）
[22m[39m[perception] 已注销
[adr-147] bone "首" 已被模块 "perception.gaze.head"(priority=92) 占用，模块 "perception.breath"(priority=93) 跳过该骨骼
[adr-147] bone "頭" 已被模块 "perception.gaze.head"(priority=92) 占用，模块 "perception.breath"(priority=93) 跳过该骨骼
[adr-147] bone "head" 已被模块 "perception.gaze.head"(priority=92) 占用，模块 "perception.breath"(priority=93) 跳过该骨骼
[adr-147] bone "Head" 已被模块 "perception.gaze.head"(priority=92) 占用，模块 "perception.breath"(priority=93) 跳过该骨骼
[adr-147] bone "上半身2" 已被模块 "perception.breath"(priority=93) 占用，模块 "perception.balance.upper"(priority=95) 跳过该骨骼
[perception] 激活: 模型=m1 呼吸=true 眨眼=true 头=true 眼=true

[90mstderr[2m | src/__tests__/perception/balance-sway-pin.int.test.ts[2m > [22m[2mpinPerception[2m > [22m[2m[doc:adr-164] pin 上限已移除，可 pin 超过 5 个模型
[22m[39m[adr-147] bone "首" 已被模块 "perception.gaze.head"(priority=92) 占用，模块 "perception.breath"(priority=93) 跳过该骨骼
[adr-147] bone "頭" 已被模块 "perception.gaze.head"(priority=92) 占用，模块 "perception.breath"(priority=93) 跳过该骨骼
[adr-147] bone "head" 已被模块 "perception.gaze.head"(priority=92) 占用，模块 "perception.breath"(priority=93) 跳过该骨骼
[adr-147] bone "Head" 已被模块 "perception.gaze.head"(priority=92) 占用，模块 "perception.breath"(priority=93) 跳过该骨骼
[adr-147] bone "上半身2" 已被模块 "perception.breath"(priority=93) 占用，模块 "perception.balance.upper"(priority=95) 跳过该骨骼
[perception] pin: 模型=m1
[adr-147] bone "首" 已被模块 "perception.gaze.head"(priority=92) 占用，模块 "perception.breath"(priority=93) 跳过该骨骼
[adr-147] bone "頭" 已被模块 "perception.gaze.head"(priority=92) 占用，模块 "perception.breath"(priority=93) 跳过该骨骼
[adr-147] bone "head" 已被模块 "perception.gaze.head"(priority=92) 占用，模块 "perception.breath"(priority=93) 跳过该骨骼
[adr-147] bone "Head" 已被模块 "perception.gaze.head"(priority=92) 占用，模块 "perception.breath"(priority=93) 跳过该骨骼
[adr-147] bone "上半身2" 已被模块 "perception.breath"(priority=93) 占用，模块 "perception.balance.upper"(priority=95) 跳过该骨骼
[perception] pin: 模型=m2
[adr-147] bone "首" 已被模块 "perception.gaze.head"(priority=92) 占用，模块 "perception.breath"(priority=93) 跳过该骨骼
[adr-147] bone "頭" 已被模块 "perception.gaze.head"(priority=92) 占用，模块 "perception.breath"(priority=93) 跳过该骨骼
[adr-147] bone "head" 已被模块 "perception.gaze.head"(priority=92) 占用，模块 "perception.breath"(priority=93) 跳过该骨骼
[adr-147] bone "Head" 已被模块 "perception.gaze.head"(priority=92) 占用，模块 "perception.breath"(priority=93) 跳过该骨骼
[adr-147] bone "上半身2" 已被模块 "perception.breath"(priority=93) 占用，模块 "perception.balance.upper"(priority=95) 跳过该骨骼
[perception] pin: 模型=m3
[adr-147] bone "首" 已被模块 "perception.gaze.head"(priority=92) 占用，模块 "perception.breath"(priority=93) 跳过该骨骼
[adr-147] bone "頭" 已被模块 "perception.gaze.head"(priority=92) 占用，模块 "perception.breath"(priority=93) 跳过该骨骼
[adr-147] bone "head" 已被模块 "perception.gaze.head"(priority=92) 占用，模块 "perception.breath"(priority=93) 跳过该骨骼
[adr-147] bone "Head" 已被模块 "perception.gaze.head"(priority=92) 占用，模块 "perception.breath"(priority=93) 跳过该骨骼
[adr-147] bone "上半身2" 已被模块 "perception.breath"(priority=93) 占用，模块 "perception.balance.upper"(priority=95) 跳过该骨骼
[perception] pin: 模型=m4
[adr-147] bone "首" 已被模块 "perception.gaze.head"(priority=92) 占用，模块 "perception.breath"(priority=93) 跳过该骨骼
[adr-147] bone "頭" 已被模块 "perception.gaze.head"(priority=92) 占用，模块 "perception.breath"(priority=93) 跳过该骨骼
[adr-147] bone "head" 已被模块 "perception.gaze.head"(priority=92) 占用，模块 "perception.breath"(priority=93) 跳过该骨骼
[adr-147] bone "Head" 已被模块 "perception.gaze.head"(priority=92) 占用，模块 "perception.breath"(priority=93) 跳过该骨骼
[adr-147] bone "上半身2" 已被模块 "perception.breath"(priority=93) 占用，模块 "perception.balance.upper"(priority=95) 跳过该骨骼
[perception] pin: 模型=m5
[adr-147] bone "首" 已被模块 "perception.gaze.head"(priority=92) 占用，模块 "perception.breath"(priority=93) 跳过该骨骼
[adr-147] bone "頭" 已被模块 "perception.gaze.head"(priority=92) 占用，模块 "perception.breath"(priority=93) 跳过该骨骼
[adr-147] bone "head" 已被模块 "perception.gaze.head"(priority=92) 占用，模块 "perception.breath"(priority=93) 跳过该骨骼
[adr-147] bone "Head" 已被模块 "perception.gaze.head"(priority=92) 占用，模块 "perception.breath"(priority=93) 跳过该骨骼
[adr-147] bone "上半身2" 已被模块 "perception.breath"(priority=93) 占用，模块 "perception.balance.upper"(priority=95) 跳过该骨骼
[perception] pin: 模型=m6

[90mstderr[2m | src/__tests__/perception/state-lifecycle.int.test.ts[2m > [22m[2mactivatePerception[2m > [22m[2m无目标模型 ID 时 warn 并返回
[22m[39m[perception] activate: 无目标模型 ID

[90mstdout[2m | src/__tests__/perception/balance-sway-pin.int.test.ts[2m > [22m[2mpinPerception[2m > [22m[2munpin 非焦点模型后该模型从 pinned 列表移除
[22m[39m[bone-override] _getOverrideMap 首次为模型创建覆盖索引 {"modelId":"m1","existingModels":["m1"]}

[90mstderr[2m | src/__tests__/perception/state-lifecycle.int.test.ts[2m > [22m[2mactivatePerception[2m > [22m[2m模型未加载时 warn 并返回
[22m[39m[perception] activate: 模型未加载或无 mmdModel

 [32m✓[39m src/__tests__/perception/perf-tier.int.test.ts [2m([22m[2m14 tests[22m[2m)[22m[33m 753[2mms[22m[39m
     [33m[2m✓[22m[39m 1. enableAllPerception 后所有已加载模型有 context [33m 458[2mms[22m[39m
[90mstderr[2m | src/__tests__/perception/balance-sway-pin.int.test.ts[2m > [22m[2mpinPerception[2m > [22m[2munpin 非焦点模型后该模型从 pinned 列表移除
[22m[39m[adr-147] bone "首" 已被模块 "perception.gaze.head"(priority=92) 占用，模块 "perception.breath"(priority=93) 跳过该骨骼
[adr-147] bone "頭" 已被模块 "perception.gaze.head"(priority=92) 占用，模块 "perception.breath"(priority=93) 跳过该骨骼
[adr-147] bone "head" 已被模块 "perception.gaze.head"(priority=92) 占用，模块 "perception.breath"(priority=93) 跳过该骨骼
[adr-147] bone "Head" 已被模块 "perception.gaze.head"(priority=92) 占用，模块 "perception.breath"(priority=93) 跳过该骨骼
[adr-147] bone "上半身2" 已被模块 "perception.breath"(priority=93) 占用，模块 "perception.balance.upper"(priority=95) 跳过该骨骼
[perception] pin: 模型=m1

[90mstderr[2m | src/__tests__/perception/state-lifecycle.int.test.ts[2m > [22m[2mactivatePerception[2m > [22m[2m模型已加载时注册 observer
[22m[39m[perception] 已注销
[adr-147] bone "首" 已被模块 "perception.gaze.head"(priority=92) 占用，模块 "perception.breath"(priority=93) 跳过该骨骼
[adr-147] bone "頭" 已被模块 "perception.gaze.head"(priority=92) 占用，模块 "perception.breath"(priority=93) 跳过该骨骼
[adr-147] bone "head" 已被模块 "perception.gaze.head"(priority=92) 占用，模块 "perception.breath"(priority=93) 跳过该骨骼
[adr-147] bone "Head" 已被模块 "perception.gaze.head"(priority=92) 占用，模块 "perception.breath"(priority=93) 跳过该骨骼
[adr-147] bone "上半身2" 已被模块 "perception.breath"(priority=93) 占用，模块 "perception.balance.upper"(priority=95) 跳过该骨骼
[perception] 激活: 模型=m1 呼吸=true 眨眼=true 头=true 眼=true

 [32m✓[39m src/__tests__/perception/lipsync.int.test.ts [2m([22m[2m14 tests[22m[2m)[22m[33m 1892[2mms[22m[39m
     [33m[2m✓[22m[39m 旧存档无 perception.emotion 时默认 neutral [33m 1640[2mms[22m[39m
[90mstderr[2m | src/__tests__/perception/state-lifecycle.int.test.ts[2m > [22m[2mactivatePerception[2m > [22m[2m重复激活同一模型不重复注册
[22m[39m[perception] 已注销
[adr-147] bone "首" 已被模块 "perception.gaze.head"(priority=92) 占用，模块 "perception.breath"(priority=93) 跳过该骨骼
[adr-147] bone "頭" 已被模块 "perception.gaze.head"(priority=92) 占用，模块 "perception.breath"(priority=93) 跳过该骨骼
[adr-147] bone "head" 已被模块 "perception.gaze.head"(priority=92) 占用，模块 "perception.breath"(priority=93) 跳过该骨骼
[adr-147] bone "Head" 已被模块 "perception.gaze.head"(priority=92) 占用，模块 "perception.breath"(priority=93) 跳过该骨骼
[adr-147] bone "上半身2" 已被模块 "perception.breath"(priority=93) 占用，模块 "perception.balance.upper"(priority=95) 跳过该骨骼
[perception] 激活: 模型=m1 呼吸=true 眨眼=true 头=true 眼=true

[90mstdout[2m | src/__tests__/perception/state-lifecycle.int.test.ts[2m > [22m[2mactivatePerception[2m > [22m[2m切换模型时先注销旧 observer 再注册新 observer
[22m[39m[bone-override] _getOverrideMap 首次为模型创建覆盖索引 {"modelId":"m1","existingModels":["m1"]}

 [32m✓[39m src/__tests__/perception/balance-sway-pin.int.test.ts [2m([22m[2m17 tests[22m[2m)[22m[33m 2017[2mms[22m[39m
     [33m[2m✓[22m[39m 更新 balanceSwayEnabled [33m 1642[2mms[22m[39m
[90mstderr[2m | src/__tests__/perception/state-lifecycle.int.test.ts[2m > [22m[2mactivatePerception[2m > [22m[2m切换模型时先注销旧 observer 再注册新 observer
[22m[39m[perception] 已注销
[adr-147] bone "首" 已被模块 "perception.gaze.head"(priority=92) 占用，模块 "perception.breath"(priority=93) 跳过该骨骼
[adr-147] bone "頭" 已被模块 "perception.gaze.head"(priority=92) 占用，模块 "perception.breath"(priority=93) 跳过该骨骼
[adr-147] bone "head" 已被模块 "perception.gaze.head"(priority=92) 占用，模块 "perception.breath"(priority=93) 跳过该骨骼
[adr-147] bone "Head" 已被模块 "perception.gaze.head"(priority=92) 占用，模块 "perception.breath"(priority=93) 跳过该骨骼
[adr-147] bone "上半身2" 已被模块 "perception.breath"(priority=93) 占用，模块 "perception.balance.upper"(priority=95) 跳过该骨骼
[perception] 激活: 模型=m1 呼吸=true 眨眼=true 头=true 眼=true
[perception] 已注销
[adr-147] bone "首" 已被模块 "perception.gaze.head"(priority=92) 占用，模块 "perception.breath"(priority=93) 跳过该骨骼
[adr-147] bone "頭" 已被模块 "perception.gaze.head"(priority=92) 占用，模块 "perception.breath"(priority=93) 跳过该骨骼
[adr-147] bone "head" 已被模块 "perception.gaze.head"(priority=92) 占用，模块 "perception.breath"(priority=93) 跳过该骨骼
[adr-147] bone "Head" 已被模块 "perception.gaze.head"(priority=92) 占用，模块 "perception.breath"(priority=93) 跳过该骨骼
[adr-147] bone "上半身2" 已被模块 "perception.breath"(priority=93) 占用，模块 "perception.balance.upper"(priority=95) 跳过该骨骼
[perception] 激活: 模型=m2 呼吸=true 眨眼=true 头=true 眼=true

[90mstdout[2m | src/__tests__/perception/state-lifecycle.int.test.ts[2m > [22m[2mdeactivatePerception[2m > [22m[2m注销 observer
[22m[39m[bone-override] _getOverrideMap 首次为模型创建覆盖索引 {"modelId":"m1","existingModels":["m1"]}

[90mstderr[2m | src/__tests__/perception/state-lifecycle.int.test.ts[2m > [22m[2mdeactivatePerception[2m > [22m[2m注销 observer
[22m[39m[perception] 已注销
[adr-147] bone "首" 已被模块 "perception.gaze.head"(priority=92) 占用，模块 "perception.breath"(priority=93) 跳过该骨骼
[adr-147] bone "頭" 已被模块 "perception.gaze.head"(priority=92) 占用，模块 "perception.breath"(priority=93) 跳过该骨骼
[adr-147] bone "head" 已被模块 "perception.gaze.head"(priority=92) 占用，模块 "perception.breath"(priority=93) 跳过该骨骼
[adr-147] bone "Head" 已被模块 "perception.gaze.head"(priority=92) 占用，模块 "perception.breath"(priority=93) 跳过该骨骼
[adr-147] bone "上半身2" 已被模块 "perception.breath"(priority=93) 占用，模块 "perception.balance.upper"(priority=95) 跳过该骨骼
[perception] 激活: 模型=m1 呼吸=true 眨眼=true 头=true 眼=true
[perception] 已注销

[90mstderr[2m | src/__tests__/perception/state-lifecycle.int.test.ts[2m > [22m[2mdeactivatePerception[2m > [22m[2m未激活时调用不抛错
[22m[39m[perception] 已注销

[90mstdout[2m | src/__tests__/perception/state-lifecycle.int.test.ts[2m > [22m[2monPerceptionModelRemoved[2m > [22m[2m移除当前感知模型时注销 observer
[22m[39m[bone-override] _getOverrideMap 首次为模型创建覆盖索引 {"modelId":"m1","existingModels":["m1"]}

[90mstderr[2m | src/__tests__/perception/state-lifecycle.int.test.ts[2m > [22m[2monPerceptionModelRemoved[2m > [22m[2m移除当前感知模型时注销 observer
[22m[39m[perception] 已注销
[adr-147] bone "首" 已被模块 "perception.gaze.head"(priority=92) 占用，模块 "perception.breath"(priority=93) 跳过该骨骼
[adr-147] bone "頭" 已被模块 "perception.gaze.head"(priority=92) 占用，模块 "perception.breath"(priority=93) 跳过该骨骼
[adr-147] bone "head" 已被模块 "perception.gaze.head"(priority=92) 占用，模块 "perception.breath"(priority=93) 跳过该骨骼
[adr-147] bone "Head" 已被模块 "perception.gaze.head"(priority=92) 占用，模块 "perception.breath"(priority=93) 跳过该骨骼
[adr-147] bone "上半身2" 已被模块 "perception.breath"(priority=93) 占用，模块 "perception.balance.upper"(priority=95) 跳过该骨骼
[perception] 激活: 模型=m1 呼吸=true 眨眼=true 头=true 眼=true
[perception] 已注销

[90mstderr[2m | src/__tests__/perception/state-lifecycle.int.test.ts[2m > [22m[2monPerceptionModelRemoved[2m > [22m[2m移除其他模型时不影响当前 observer
[22m[39m[perception] 已注销
[adr-147] bone "首" 已被模块 "perception.gaze.head"(priority=92) 占用，模块 "perception.breath"(priority=93) 跳过该骨骼
[adr-147] bone "頭" 已被模块 "perception.gaze.head"(priority=92) 占用，模块 "perception.breath"(priority=93) 跳过该骨骼
[adr-147] bone "head" 已被模块 "perception.gaze.head"(priority=92) 占用，模块 "perception.breath"(priority=93) 跳过该骨骼
[adr-147] bone "Head" 已被模块 "perception.gaze.head"(priority=92) 占用，模块 "perception.breath"(priority=93) 跳过该骨骼
[adr-147] bone "上半身2" 已被模块 "perception.breath"(priority=93) 占用，模块 "perception.balance.upper"(priority=95) 跳过该骨骼
[perception] 激活: 模型=m1 呼吸=true 眨眼=true 头=true 眼=true

 [32m✓[39m src/__tests__/perception/state-lifecycle.int.test.ts [2m([22m[2m22 tests[22m[2m)[22m[33m 2090[2mms[22m[39m
     [33m[2m✓[22m[39m 所有开关默认开启 [33m 1668[2mms[22m[39m
[90mstderr[2m | src/core/backend/backend.test.ts[2m > [22m[2mADR-177 Phase 2 A4 p2-5：虚拟目录 + 伴生文件加载[2m > [22m[2mreadFileBytes web://model/ 路由[2m > [22m[2mdir: 未命中时兜底 file:<baseName>
[22m[39m[readFileBytes] web://model/Miku/tex/face.png 未命中 dir: 命名空间键，经 file:face 兜底返回数据——该数据可能来自其他 ZIP 的同名文件，非期望来源

[90mstderr[2m | src/core/backend/backend.test.ts[2m > [22m[2mADR-177 Phase 2 A4 p2-5：虚拟目录 + 伴生文件加载[2m > [22m[2mExtractZip 解压分类落地[2m > [22m[2m[adr-182] 不同 zip 内同名 PMX+纹理 → dir: 键互不碰撞，各自精确解析
[22m[39m[readFileBytes] web://model/packA%2FMiku 未命中 dir: 命名空间键，经 file:packA%2FMiku 兜底返回数据——该数据可能来自其他 ZIP 的同名文件，非期望来源

[90mstderr[2m | src/core/backend/backend.test.ts[2m > [22m[2mADR-177 Phase 2 A4 p2-5：虚拟目录 + 伴生文件加载[2m > [22m[2mExtractZip 解压分类落地[2m > [22m[2m[adr-182] 不同 zip 内同名 PMX+纹理 → dir: 键互不碰撞，各自精确解析
[22m[39m[readFileBytes] web://model/packB%2FMiku 未命中 dir: 命名空间键，经 file:packB%2FMiku 兜底返回数据——该数据可能来自其他 ZIP 的同名文件，非期望来源

[90mstdout[2m | src/core/backend/backend.test.ts[2m > [22m[2mFSA 目录扫描嵌套结构（保留目录层级 + 同名不覆盖）[2m > [22m[2m嵌套目录 → entry.dir 保留层级，同名 miku.pmx 不互相覆盖
[22m[39m[web-scan] SelectDir: 用户选择目录 "models"，开始扫描...

[90mstdout[2m | src/core/backend/backend.test.ts[2m > [22m[2mFSA 目录扫描嵌套结构（保留目录层级 + 同名不覆盖）[2m > [22m[2m嵌套目录 → entry.dir 保留层级，同名 miku.pmx 不互相覆盖
[22m[39m[web-scan] 目录 "(根)": 1 个文件, 1 个子目录 [分类1]

[90mstdout[2m | src/core/backend/backend.test.ts[2m > [22m[2mFSA 目录扫描嵌套结构（保留目录层级 + 同名不覆盖）[2m > [22m[2m嵌套目录 → entry.dir 保留层级，同名 miku.pmx 不互相覆盖
[22m[39m[web-scan]   写入 entry:test → dir=web://selected-dir/PMX type=actor format=pmx

[90mstdout[2m | src/core/backend/backend.test.ts[2m > [22m[2mFSA 目录扫描嵌套结构（保留目录层级 + 同名不覆盖）[2m > [22m[2m嵌套目录 → entry.dir 保留层级，同名 miku.pmx 不互相覆盖
[22m[39m[web-scan] 目录 "分类1": 1 个文件, 1 个子目录 [sub]

[90mstdout[2m | src/core/backend/backend.test.ts[2m > [22m[2mFSA 目录扫描嵌套结构（保留目录层级 + 同名不覆盖）[2m > [22m[2m嵌套目录 → entry.dir 保留层级，同名 miku.pmx 不互相覆盖
[22m[39m[web-scan]   写入 entry:分类1/miku → dir=web://selected-dir/PMX/分类1 type=actor format=pmx

[90mstdout[2m | src/core/backend/backend.test.ts[2m > [22m[2mFSA 目录扫描嵌套结构（保留目录层级 + 同名不覆盖）[2m > [22m[2m嵌套目录 → entry.dir 保留层级，同名 miku.pmx 不互相覆盖
[22m[39m[web-scan] 目录 "分类1/sub": 1 个文件, 0 个子目录 []

[90mstdout[2m | src/core/backend/backend.test.ts[2m > [22m[2mFSA 目录扫描嵌套结构（保留目录层级 + 同名不覆盖）[2m > [22m[2m嵌套目录 → entry.dir 保留层级，同名 miku.pmx 不互相覆盖
[22m[39m[web-scan]   写入 entry:分类1/sub/miku → dir=web://selected-dir/PMX/分类1/sub type=actor format=pmx

[90mstdout[2m | src/core/backend/backend.test.ts[2m > [22m[2mFSA 目录扫描嵌套结构（保留目录层级 + 同名不覆盖）[2m > [22m[2m嵌套目录 → entry.dir 保留层级，同名 miku.pmx 不互相覆盖
[22m[39m[web-scan] SelectDir: 扫描完成

[90mstdout[2m | src/core/backend/backend.test.ts[2m > [22m[2mFSA 目录扫描嵌套结构（保留目录层级 + 同名不覆盖）[2m > [22m[2m嵌套目录 → entry.dir 保留层级，同名 miku.pmx 不互相覆盖
[22m[39m[web-scan] _listModels: IDB 共 7 个键, 其中 entry: 3 个

[90mstdout[2m | src/core/backend/backend.test.ts[2m > [22m[2mFSA 目录扫描嵌套结构（保留目录层级 + 同名不覆盖）[2m > [22m[2m嵌套目录 → entry.dir 保留层级，同名 miku.pmx 不互相覆盖
[22m[39m[web-scan] _listModels: 返回 3 个 ModelEntry

[90mstdout[2m | src/core/backend/backend.test.ts[2m > [22m[2mFSA 目录扫描嵌套结构（保留目录层级 + 同名不覆盖）[2m > [22m[2m[p2b] 子目录纹理 → 按相对 PMX 路径写入 dir:<stem>:<relPath>，readFileBytes 精确命中
[22m[39m[web-scan] SelectDir: 用户选择目录 "models"，开始扫描...

[90mstdout[2m | src/core/backend/backend.test.ts[2m > [22m[2mFSA 目录扫描嵌套结构（保留目录层级 + 同名不覆盖）[2m > [22m[2m[p2b] 子目录纹理 → 按相对 PMX 路径写入 dir:<stem>:<relPath>，readFileBytes 精确命中
[22m[39m[web-scan] 目录 "(根)": 0 个文件, 1 个子目录 [PMX]

[90mstdout[2m | src/core/backend/backend.test.ts[2m > [22m[2mFSA 目录扫描嵌套结构（保留目录层级 + 同名不覆盖）[2m > [22m[2m[p2b] 子目录纹理 → 按相对 PMX 路径写入 dir:<stem>:<relPath>，readFileBytes 精确命中
[22m[39m[web-scan] 目录 "PMX": 2 个文件, 1 个子目录 [tex]

[90mstdout[2m | src/core/backend/backend.test.ts[2m > [22m[2mFSA 目录扫描嵌套结构（保留目录层级 + 同名不覆盖）[2m > [22m[2m[p2b] 子目录纹理 → 按相对 PMX 路径写入 dir:<stem>:<relPath>，readFileBytes 精确命中
[22m[39m[web-scan]   写入 entry:miku → dir=web://selected-dir/PMX type=actor format=pmx

[90mstdout[2m | src/core/backend/backend.test.ts[2m > [22m[2mFSA 目录扫描嵌套结构（保留目录层级 + 同名不覆盖）[2m > [22m[2m[p2b] 子目录纹理 → 按相对 PMX 路径写入 dir:<stem>:<relPath>，readFileBytes 精确命中
[22m[39m[web-scan]   纹理关联: 1 个纹理 → PMX [miku]

[90mstdout[2m | src/core/backend/backend.test.ts[2m > [22m[2mFSA 目录扫描嵌套结构（保留目录层级 + 同名不覆盖）[2m > [22m[2m[p2b] 子目录纹理 → 按相对 PMX 路径写入 dir:<stem>:<relPath>，readFileBytes 精确命中
[22m[39m[web-scan] 目录 "PMX/tex": 1 个文件, 0 个子目录 []

[90mstdout[2m | src/core/backend/backend.test.ts[2m > [22m[2mFSA 目录扫描嵌套结构（保留目录层级 + 同名不覆盖）[2m > [22m[2m[p2b] 子目录纹理 → 按相对 PMX 路径写入 dir:<stem>:<relPath>，readFileBytes 精确命中
[22m[39m[web-scan]   纹理关联: 1 个纹理 → PMX [miku]

[90mstdout[2m | src/core/backend/backend.test.ts[2m > [22m[2mFSA 目录扫描嵌套结构（保留目录层级 + 同名不覆盖）[2m > [22m[2m[p2b] 子目录纹理 → 按相对 PMX 路径写入 dir:<stem>:<relPath>，readFileBytes 精确命中
[22m[39m[web-scan] SelectDir: 扫描完成

[90mstdout[2m | src/core/backend/backend.test.ts[2m > [22m[2mFSA 目录扫描嵌套结构（保留目录层级 + 同名不覆盖）[2m > [22m[2m[adr-180] SelectDir 后持久化 fsaRootHandle 到 IndexedDB
[22m[39m[web-scan] SelectDir: 用户选择目录 "models"，开始扫描...

[90mstdout[2m | src/core/backend/backend.test.ts[2m > [22m[2mFSA 目录扫描嵌套结构（保留目录层级 + 同名不覆盖）[2m > [22m[2m[adr-180] SelectDir 后持久化 fsaRootHandle 到 IndexedDB
[22m[39m[web-scan] 目录 "(根)": 1 个文件, 0 个子目录 []

[90mstdout[2m | src/core/backend/backend.test.ts[2m > [22m[2mFSA 目录扫描嵌套结构（保留目录层级 + 同名不覆盖）[2m > [22m[2m[adr-180] SelectDir 后持久化 fsaRootHandle 到 IndexedDB
[22m[39m[web-scan]   写入 entry:m → dir=web://selected-dir/PMX type=actor format=pmx

[90mstdout[2m | src/core/backend/backend.test.ts[2m > [22m[2mFSA 目录扫描嵌套结构（保留目录层级 + 同名不覆盖）[2m > [22m[2m[adr-180] SelectDir 后持久化 fsaRootHandle 到 IndexedDB
[22m[39m[web-scan] SelectDir: 扫描完成

[90mstdout[2m | src/core/backend/backend.test.ts[2m > [22m[2mFSA 目录扫描嵌套结构（保留目录层级 + 同名不覆盖）[2m > [22m[2m[adr-180] ScanModelDir 从持久化句柄自动重扫，覆盖旧塌缩 entry
[22m[39m[web-scan] ScanModelDir: 自动恢复持久化句柄并重扫

[90mstdout[2m | src/core/backend/backend.test.ts[2m > [22m[2mFSA 目录扫描嵌套结构（保留目录层级 + 同名不覆盖）[2m > [22m[2m[adr-180] ScanModelDir 从持久化句柄自动重扫，覆盖旧塌缩 entry
[22m[39m[web-scan] 目录 "(根)": 0 个文件, 1 个子目录 [PMX]

[90mstdout[2m | src/core/backend/backend.test.ts[2m > [22m[2mFSA 目录扫描嵌套结构（保留目录层级 + 同名不覆盖）[2m > [22m[2m[adr-180] ScanModelDir 从持久化句柄自动重扫，覆盖旧塌缩 entry
[22m[39m[web-scan] 目录 "PMX": 1 个文件, 0 个子目录 []

[90mstdout[2m | src/core/backend/backend.test.ts[2m > [22m[2mFSA 目录扫描嵌套结构（保留目录层级 + 同名不覆盖）[2m > [22m[2m[adr-180] ScanModelDir 从持久化句柄自动重扫，覆盖旧塌缩 entry
[22m[39m[web-scan]   写入 entry:miku → dir=web://selected-dir/PMX type=actor format=pmx

[90mstdout[2m | src/core/backend/backend.test.ts[2m > [22m[2mFSA 目录扫描嵌套结构（保留目录层级 + 同名不覆盖）[2m > [22m[2m[adr-180] ScanModelDir 从持久化句柄自动重扫，覆盖旧塌缩 entry
[22m[39m[web-scan] _listModels: IDB 共 3 个键, 其中 entry: 1 个

[90mstdout[2m | src/core/backend/backend.test.ts[2m > [22m[2mFSA 目录扫描嵌套结构（保留目录层级 + 同名不覆盖）[2m > [22m[2m[adr-180] ScanModelDir 从持久化句柄自动重扫，覆盖旧塌缩 entry
[22m[39m[web-scan] _listModels: 返回 1 个 ModelEntry

[90mstdout[2m | src/core/backend/backend.test.ts[2m > [22m[2mFSA 目录扫描嵌套结构（保留目录层级 + 同名不覆盖）[2m > [22m[2m[adr-180] 根重扫不误删用户导入模型（无 dir 的 import entry 与 file:/dir: 保留）
[22m[39m[web-scan] SelectDir: 用户选择目录 "models"，开始扫描...

[90mstdout[2m | src/core/backend/backend.test.ts[2m > [22m[2mFSA 目录扫描嵌套结构（保留目录层级 + 同名不覆盖）[2m > [22m[2m[adr-180] 根重扫不误删用户导入模型（无 dir 的 import entry 与 file:/dir: 保留）
[22m[39m[web-scan] 目录 "(根)": 1 个文件, 0 个子目录 []

[90mstdout[2m | src/core/backend/backend.test.ts[2m > [22m[2mFSA 目录扫描嵌套结构（保留目录层级 + 同名不覆盖）[2m > [22m[2m[adr-180] 根重扫不误删用户导入模型（无 dir 的 import entry 与 file:/dir: 保留）
[22m[39m[web-scan]   写入 entry:m → dir=web://selected-dir/PMX type=actor format=pmx

[90mstdout[2m | src/core/backend/backend.test.ts[2m > [22m[2mFSA 目录扫描嵌套结构（保留目录层级 + 同名不覆盖）[2m > [22m[2m[adr-180] 根重扫不误删用户导入模型（无 dir 的 import entry 与 file:/dir: 保留）
[22m[39m[web-scan] SelectDir: 扫描完成

 [32m✓[39m src/core/backend/backend.test.ts [2m([22m[2m71 tests[22m[2m)[22m[32m 88[2mms[22m[39m
 [32m✓[39m src/__tests__/utils.test.ts [2m([22m[2m59 tests[22m[2m)[22m[32m 80[2mms[22m[39m
 [32m✓[39m src/__tests__/ui-helpers.test.ts [2m([22m[2m38 tests[22m[2m)[22m[32m 104[2mms[22m[39m
 [32m✓[39m src/__tests__/menu/level-management.test.ts [2m([22m[2m17 tests[22m[2m)[22m[32m 77[2mms[22m[39m
 [32m✓[39m src/__tests__/menu/lifecycle.test.ts [2m([22m[2m14 tests[22m[2m)[22m[32m 67[2mms[22m[39m
 [32m✓[39m src/__tests__/menu/focus.test.ts [2m([22m[2m12 tests[22m[2m)[22m[32m 62[2mms[22m[39m
 [32m✓[39m src/__tests__/skirt-analyzer.test.ts [2m([22m[2m25 tests[22m[2m)[22m[32m 56[2mms[22m[39m
[90mstdout[2m | src/__tests__/perception/gaze.int.test.ts[2m > [22m[2mgaze reset[2m > [22m[2mdeactivatePerception 时调用 _resetGazeState
[22m[39m[bone-override] _getOverrideMap 首次为模型创建覆盖索引 {"modelId":"m1","existingModels":["m1"]}

[90mstderr[2m | src/__tests__/perception/gaze.int.test.ts[2m > [22m[2mgaze reset[2m > [22m[2mdeactivatePerception 时调用 _resetGazeState
[22m[39m[perception] 已注销
[adr-147] bone "首" 已被模块 "perception.gaze.head"(priority=92) 占用，模块 "perception.breath"(priority=93) 跳过该骨骼
[adr-147] bone "頭" 已被模块 "perception.gaze.head"(priority=92) 占用，模块 "perception.breath"(priority=93) 跳过该骨骼
[adr-147] bone "head" 已被模块 "perception.gaze.head"(priority=92) 占用，模块 "perception.breath"(priority=93) 跳过该骨骼
[adr-147] bone "Head" 已被模块 "perception.gaze.head"(priority=92) 占用，模块 "perception.breath"(priority=93) 跳过该骨骼
[adr-147] bone "上半身2" 已被模块 "perception.breath"(priority=93) 占用，模块 "perception.balance.upper"(priority=95) 跳过该骨骼
[perception] 激活: 模型=m1 呼吸=true 眨眼=true 头=true 眼=true
[perception] 已注销

 [32m✓[39m src/__tests__/perception/gaze.int.test.ts [2m([22m[2m12 tests[22m[2m)[22m[33m 503[2mms[22m[39m
 [32m✓[39m src/__tests__/menu/stack-render.test.ts [2m([22m[2m17 tests[22m[2m)[22m[32m 84[2mms[22m[39m
 [32m✓[39m src/__tests__/menu/rows.test.ts [2m([22m[2m10 tests[22m[2m)[22m[32m 53[2mms[22m[39m
 [32m✓[39m src/__tests__/menu/register-popup.test.ts [2m([22m[2m11 tests[22m[2m)[22m[32m 54[2mms[22m[39m
 [32m✓[39m src/__tests__/menu/nav-touch.test.ts [2m([22m[2m8 tests[22m[2m)[22m[32m 44[2mms[22m[39m
[90mstdout[2m | src/__tests__/vmd-evaluator.regression.spec.ts[2m > [22m[2mvmd-evaluator.regression[2m > [22m[2mbaseline[2m > [22m[2msingle movable track weight=1 returns correct interpolants at frame 0/5/10
[22m[39mBJS - [19:29:17]: Babylon.js v9.17.0 - Null engine

[90mstdout[2m | src/__tests__/vmd-evaluator.regression.spec.ts[2m > [22m[2mvmd-evaluator.regression[2m > [22m[2mtwoLayersSameDuration[2m > [22m[2mweight=[1,1] with different rotation tracks produces blended Slerp
[22m[39mBJS - [19:29:17]: Babylon.js v9.17.0 - Null engine

[90mstdout[2m | src/__tests__/vmd-evaluator.regression.spec.ts[2m > [22m[2mvmd-evaluator.regression[2m > [22m[2mtwoLayersSameDuration[2m > [22m[2mweight=[1,1] identical tracks yields same as single track
[22m[39mBJS - [19:29:17]: Babylon.js v9.17.0 - Null engine

[90mstdout[2m | src/__tests__/vmd-evaluator.regression.spec.ts[2m > [22m[2mvmd-evaluator.regression[2m > [22m[2mthreeLayersMixedTweenableAndWeighted[2m > [22m[2mweights [0.5,0.3,0.2] with LINEAR & EASE_IN_OUT blend correctly
[22m[39mBJS - [19:29:17]: Babylon.js v9.17.0 - Null engine

[90mstdout[2m | src/__tests__/vmd-evaluator.regression.spec.ts[2m > [22m[2mvmd-evaluator.regression[2m > [22m[2mstaggeredLengthOffsets[2m > [22m[2mshort layer clamps past its end while long layer continues
[22m[39mBJS - [19:29:17]: Babylon.js v9.17.0 - Null engine

[90mstdout[2m | src/__tests__/vmd-evaluator.regression.spec.ts[2m > [22m[2mvmd-evaluator.regression[2m > [22m[2mmisalignedWeightedRegions[2m > [22m[2mnon-overlapping frames: earlier layer active alone, later alone
[22m[39mBJS - [19:29:17]: Babylon.js v9.17.0 - Null engine

[90mstdout[2m | src/__tests__/vmd-evaluator.regression.spec.ts[2m > [22m[2mvmd-evaluator.regression[2m > [22m[2medgeWeights[2m > [22m[2mweight=0 track contributes nothing to blend
[22m[39mBJS - [19:29:17]: Babylon.js v9.17.0 - Null engine

[90mstdout[2m | src/__tests__/vmd-evaluator.regression.spec.ts[2m > [22m[2mvmd-evaluator.regression[2m > [22m[2medgeWeights[2m > [22m[2mweight=0.001 approximates near-zero contribution
[22m[39mBJS - [19:29:17]: Babylon.js v9.17.0 - Null engine

[90mstdout[2m | src/__tests__/vmd-evaluator.regression.spec.ts[2m > [22m[2mvmd-evaluator.regression[2m > [22m[2medgeWeights[2m > [22m[2mweight=1 single track is identity transform
[22m[39mBJS - [19:29:17]: Babylon.js v9.17.0 - Null engine

[90mstdout[2m | src/__tests__/vmd-evaluator.regression.spec.ts[2m > [22m[2mvmd-evaluator.regression[2m > [22m[2medgeWeights[2m > [22m[2mweight=2 normalizes to 1 with other weight=2 track (even split)
[22m[39mBJS - [19:29:17]: Babylon.js v9.17.0 - Null engine

 [32m✓[39m src/__tests__/vmd-evaluator.regression.spec.ts [2m([22m[2m10 tests[22m[2m)[22m[32m 47[2mms[22m[39m
[90mstderr[2m | src/__tests__/audio.test.ts[2m > [22m[2mplayAudio[2m > [22m[2mhandles play rejection gracefully
[22m[39m[audio] playAudio Error: autoplay blocked
    at C:/Users/zhujieling11/MikuMikuAR/frontend/src/__tests__/audio.test.ts:200:40
    at [90mfile:///C:/Users/zhujieling11/MikuMikuAR/frontend/[39mnode_modules/[4m@vitest/runner[24m/dist/chunk-artifact.js:302:11
    at [90mfile:///C:/Users/zhujieling11/MikuMikuAR/frontend/[39mnode_modules/[4m@vitest/runner[24m/dist/chunk-artifact.js:1903:26
    at [90mfile:///C:/Users/zhujieling11/MikuMikuAR/frontend/[39mnode_modules/[4m@vitest/runner[24m/dist/chunk-artifact.js:2326:20
    at new Promise (<anonymous>)
    at runWithCancel [90m(file:///C:/Users/zhujieling11/MikuMikuAR/frontend/[39mnode_modules/[4m@vitest/runner[24m/dist/chunk-artifact.js:2323:10[90m)[39m
    at [90mfile:///C:/Users/zhujieling11/MikuMikuAR/frontend/[39mnode_modules/[4m@vitest/runner[24m/dist/chunk-artifact.js:2305:20
    at new Promise (<anonymous>)
    at runWithTimeout [90m(file:///C:/Users/zhujieling11/MikuMikuAR/frontend/[39mnode_modules/[4m@vitest/runner[24m/dist/chunk-artifact.js:2272:10[90m)[39m
    at [90mfile:///C:/Users/zhujieling11/MikuMikuAR/frontend/[39mnode_modules/[4m@vitest/runner[24m/dist/chunk-artifact.js:2955:64

[90mstderr[2m | src/__tests__/audio.test.ts[2m > [22m[2mpauseAudio / resumeAudio[2m > [22m[2mresumeAudio handles rejection
[22m[39m[audio] resumeAudio Error: blocked
    at C:/Users/zhujieling11/MikuMikuAR/frontend/src/__tests__/audio.test.ts:257:40
    at [90mfile:///C:/Users/zhujieling11/MikuMikuAR/frontend/[39mnode_modules/[4m@vitest/runner[24m/dist/chunk-artifact.js:302:11
    at [90mfile:///C:/Users/zhujieling11/MikuMikuAR/frontend/[39mnode_modules/[4m@vitest/runner[24m/dist/chunk-artifact.js:1903:26
    at [90mfile:///C:/Users/zhujieling11/MikuMikuAR/frontend/[39mnode_modules/[4m@vitest/runner[24m/dist/chunk-artifact.js:2326:20
    at new Promise (<anonymous>)
    at runWithCancel [90m(file:///C:/Users/zhujieling11/MikuMikuAR/frontend/[39mnode_modules/[4m@vitest/runner[24m/dist/chunk-artifact.js:2323:10[90m)[39m
    at [90mfile:///C:/Users/zhujieling11/MikuMikuAR/frontend/[39mnode_modules/[4m@vitest/runner[24m/dist/chunk-artifact.js:2305:20
    at new Promise (<anonymous>)
    at runWithTimeout [90m(file:///C:/Users/zhujieling11/MikuMikuAR/frontend/[39mnode_modules/[4m@vitest/runner[24m/dist/chunk-artifact.js:2272:10[90m)[39m
    at [90mfile:///C:/Users/zhujieling11/MikuMikuAR/frontend/[39mnode_modules/[4m@vitest/runner[24m/dist/chunk-artifact.js:2955:64

[90mstdout[2m | src/__tests__/scene/env-particles.test.ts[2m > [22m[2menv-particles[2m > [22m[2mcreateParticleEmitter / disposeParticles[2m > [22m[2mtype=none 时不会创建粒子系统
[22m[39mBJS - [19:29:17]: Babylon.js v9.17.0 - Null engine

[90mstdout[2m | src/__tests__/scene/env-particles.test.ts[2m > [22m[2menv-particles[2m > [22m[2mcreateParticleEmitter / disposeParticles[2m > [22m[2m创建樱花粒子后 system 被赋值
[22m[39mBJS - [19:29:17]: Babylon.js v9.17.0 - Null engine

 [32m✓[39m src/__tests__/audio.test.ts [2m([22m[2m48 tests[22m[2m)[22m[32m 44[2mms[22m[39m
[90mstdout[2m | src/__tests__/scene/env-particles.test.ts[2m > [22m[2menv-particles[2m > [22m[2mcreateParticleEmitter / disposeParticles[2m > [22m[2m创建雨粒子后 system 被赋值
[22m[39mBJS - [19:29:17]: Babylon.js v9.17.0 - Null engine

 [32m✓[39m src/__tests__/vpd-parser-security.test.ts [2m([22m[2m29 tests[22m[2m)[22m[32m 37[2mms[22m[39m
[90mstdout[2m | src/__tests__/scene/env-particles.test.ts[2m > [22m[2menv-particles[2m > [22m[2mcreateParticleEmitter / disposeParticles[2m > [22m[2m创建雪粒子后 system 被赋值
[22m[39mBJS - [19:29:17]: Babylon.js v9.17.0 - Null engine

[90mstdout[2m | src/__tests__/scene/env-particles.test.ts[2m > [22m[2menv-particles[2m > [22m[2mcreateParticleEmitter / disposeParticles[2m > [22m[2m创建烟花粒子后 system 被赋值
[22m[39mBJS - [19:29:17]: Babylon.js v9.17.0 - Null engine

[90mstdout[2m | src/__tests__/scene/env-particles.test.ts[2m > [22m[2menv-particles[2m > [22m[2mcreateParticleEmitter / disposeParticles[2m > [22m[2m创建萤火虫粒子后 system 被赋值
[22m[39mBJS - [19:29:17]: Babylon.js v9.17.0 - Null engine

[90mstdout[2m | src/__tests__/scene/env-particles.test.ts[2m > [22m[2menv-particles[2m > [22m[2mcreateParticleEmitter / disposeParticles[2m > [22m[2m创建落叶粒子后 system 被赋值
[22m[39mBJS - [19:29:17]: Babylon.js v9.17.0 - Null engine

[90mstdout[2m | src/__tests__/scene/env-particles.test.ts[2m > [22m[2menv-particles[2m > [22m[2mcreateParticleEmitter / disposeParticles[2m > [22m[2m重复创建同类型不重建
[22m[39mBJS - [19:29:17]: Babylon.js v9.17.0 - Null engine

 [32m✓[39m src/__tests__/scene/motion-modules-registry.test.ts [2m([22m[2m33 tests[22m[2m)[22m[32m 50[2mms[22m[39m
[90mstdout[2m | src/__tests__/scene/env-particles.test.ts[2m > [22m[2menv-particles[2m > [22m[2mcreateParticleEmitter / disposeParticles[2m > [22m[2m切换类型先 dispose 旧系统
[22m[39mBJS - [19:29:17]: Babylon.js v9.17.0 - Null engine

[90mstdout[2m | src/__tests__/scene/env-particles.test.ts[2m > [22m[2menv-particles[2m > [22m[2mcreateParticleEmitter / disposeParticles[2m > [22m[2mdispose 清理所有资源
[22m[39mBJS - [19:29:17]: Babylon.js v9.17.0 - Null engine

[90mstdout[2m | src/__tests__/scene/env-particles.test.ts[2m > [22m[2menv-particles[2m > [22m[2mcreateParticleEmitter / disposeParticles[2m > [22m[2mdispose 可重复调用（幂等）
[22m[39mBJS - [19:29:17]: Babylon.js v9.17.0 - Null engine

[90mstdout[2m | src/__tests__/scene/env-particles.test.ts[2m > [22m[2menv-particles[2m > [22m[2mgetCurrentParticleType[2m > [22m[2m创建后返回当前类型
[22m[39mBJS - [19:29:17]: Babylon.js v9.17.0 - Null engine

[90mstdout[2m | src/__tests__/scene/env-particles.test.ts[2m > [22m[2menv-particles[2m > [22m[2mgetCurrentParticleType[2m > [22m[2mdispose 后仍保留上次类型（用于自动恢复）
[22m[39mBJS - [19:29:17]: Babylon.js v9.17.0 - Null engine

[90mstdout[2m | src/__tests__/scene/env-particles.test.ts[2m > [22m[2menv-particles[2m > [22m[2mgetCurrentParticleType[2m > [22m[2m切换类型后返回新类型
[22m[39mBJS - [19:29:17]: Babylon.js v9.17.0 - Null engine

[90mstdout[2m | src/__tests__/scene/env-particles.test.ts[2m > [22m[2menv-particles[2m > [22m[2mupdateParticleParams[2m > [22m[2m无 system 时不抛错
[22m[39mBJS - [19:29:17]: Babylon.js v9.17.0 - Null engine

[90mstdout[2m | src/__tests__/scene/env-particles.test.ts[2m > [22m[2menv-particles[2m > [22m[2mupdateParticleParams[2m > [22m[2m有 system 时正常更新
[22m[39mBJS - [19:29:17]: Babylon.js v9.17.0 - Null engine

[90mstdout[2m | src/__tests__/scene/env-particles.test.ts[2m > [22m[2menv-particles[2m > [22m[2mapplyWindToParticles[2m > [22m[2m无初始方向时不抛错
[22m[39mBJS - [19:29:17]: Babylon.js v9.17.0 - Null engine

[90mstdout[2m | src/__tests__/scene/env-particles.test.ts[2m > [22m[2menv-particles[2m > [22m[2m湿身效果（wetness effect）[2m > [22m[2m不在雨天时不激活
[22m[39mBJS - [19:29:17]: Babylon.js v9.17.0 - Null engine

[90mstdout[2m | src/__tests__/scene/env-particles.test.ts[2m > [22m[2menv-particles[2m > [22m[2m湿身效果（wetness effect）[2m > [22m[2m创建 rain 粒子时激活湿身
[22m[39mBJS - [19:29:17]: Babylon.js v9.17.0 - Null engine

[90mstdout[2m | src/__tests__/scene/env-particles.test.ts[2m > [22m[2menv-particles[2m > [22m[2m湿身效果（wetness effect）[2m > [22m[2mPBRMaterial roughness 减半且不低于 0.1
[22m[39mBJS - [19:29:17]: Babylon.js v9.17.0 - Null engine

[90mstdout[2m | src/__tests__/scene/env-particles.test.ts[2m > [22m[2menv-particles[2m > [22m[2m湿身效果（wetness effect）[2m > [22m[2mStandardMaterial specularPower 加倍
[22m[39mBJS - [19:29:17]: Babylon.js v9.17.0 - Null engine

[90mstdout[2m | src/__tests__/scene/env-particles.test.ts[2m > [22m[2menv-particles[2m > [22m[2m湿身效果（wetness effect）[2m > [22m[2mdispose 后恢复所有材质原始值
[22m[39mBJS - [19:29:17]: Babylon.js v9.17.0 - Null engine

[90mstdout[2m | src/__tests__/scene/env-particles.test.ts[2m > [22m[2menv-particles[2m > [22m[2m湿身效果（wetness effect）[2m > [22m[2mapplyWetnessToInst 对后加载模型生效
[22m[39mBJS - [19:29:17]: Babylon.js v9.17.0 - Null engine

[90mstdout[2m | src/__tests__/scene/env-particles.test.ts[2m > [22m[2menv-particles[2m > [22m[2m湿身效果（wetness effect）[2m > [22m[2m共享材质去重：同一材质只处理一次
[22m[39mBJS - [19:29:17]: Babylon.js v9.17.0 - Null engine

 [32m✓[39m src/__tests__/scene/env-particles.test.ts [2m([22m[2m24 tests[22m[2m)[22m[32m 220[2mms[22m[39m
[90mstdout[2m | src/__tests__/scene/env-water.test.ts[2m > [22m[2mWater LOD — 仅一层可见[2m > [22m[2m创建后默认仅高精度层（high）可见
[22m[39mBJS - [19:29:17]: Babylon.js v9.17.0 - Null engine

[90mstdout[2m | src/__tests__/scene/water-preset-repro.test.ts[2m > [22m[2mwater preset repro (ADR-env water preset NaN-uniform regression)[2m > [22m[2m回归核心：buildWaterPresetEnvState 对所有预设不产生 undefined 字段
[22m[39mBJS - [19:29:18]: Babylon.js v9.17.0 - Null engine

[90mstdout[2m | src/__tests__/scene/water-preset-repro.test.ts[2m > [22m[2mwater preset repro (ADR-env water preset NaN-uniform regression)[2m > [22m[2m点击水面预设（携带 waterEnabled:true）后水面被创建且材质非空
[22m[39mBJS - [19:29:18]: Babylon.js v9.17.0 - Null engine

 [32m✓[39m src/__tests__/pose-preset.test.ts [2m([22m[2m6 tests[22m[2m)[22m[32m 27[2mms[22m[39m
[90mstdout[2m | src/__tests__/vmd-evaluator.test.ts[2m > [22m[2mvmd-evaluator: 空数据兜底[2m > [22m[2m无效签名应 reject
[22m[39mBJS - [19:29:18]: Babylon.js v9.17.0 - Null engine

[90mstdout[2m | src/__tests__/vmd-evaluator.test.ts[2m > [22m[2mvmd-evaluator: 混合 bone + movable bone[2m > [22m[2m重复 bone 名（两轨道）应各自独立求值
[22m[39mBJS - [19:29:18]: Babylon.js v9.17.0 - Null engine

[90mstdout[2m | src/__tests__/vmd-evaluator.test.ts[2m > [22m[2mvmd-evaluator: shutdownVmdEvaluator[2m > [22m[2mshutdown 后可重新创建 evaluator
[22m[39mBJS - [19:29:18]: Babylon.js v9.17.0 - Null engine

[90mstdout[2m | src/__tests__/vmd-evaluator.test.ts[2m > [22m[2mvmd-evaluator: shutdownVmdEvaluator[2m > [22m[2mshutdown 后可重新创建 evaluator
[22m[39mBJS - [19:29:18]: Babylon.js v9.17.0 - Null engine

 [32m✓[39m src/__tests__/vmd-evaluator.test.ts [2m([22m[2m18 tests[22m[2m)[22m[32m 40[2mms[22m[39m
 [32m✓[39m src/__tests__/dialog.test.ts [2m([22m[2m11 tests[22m[2m)[22m[32m 34[2mms[22m[39m
[90mstdout[2m | src/__tests__/scene/env-water.test.ts[2m > [22m[2mWater LOD — 仅一层可见[2m > [22m[2m相机拉远时精确切换层级，且任意距离都恰好一层可见
[22m[39mBJS - [19:29:18]: Babylon.js v9.17.0 - Null engine

[90mstdout[2m | src/__tests__/scene/water-preset-repro.test.ts[2m > [22m[2mwater preset repro (ADR-env water preset NaN-uniform regression)[2m > [22m[2m关闭→再开（预设）循环，材质稳定不丢
[22m[39mBJS - [19:29:18]: Babylon.js v9.17.0 - Null engine

[90mstdout[2m | src/__tests__/scene/lighting-follow.test.ts[2m > [22m[2mPersonalLightSettings 默认值[2m > [22m[2mDEFAULT_PERSONAL_LIGHT 包含 boneName: null
[22m[39mBJS - [19:29:18]: Babylon.js v9.17.0 - Null engine

[90mstdout[2m | src/__tests__/scene/lighting-follow.test.ts[2m > [22m[2mPersonalLightSettings 默认值[2m > [22m[2mDEFAULT_PERSONAL_LIGHT 包含所有必要字段
[22m[39mBJS - [19:29:18]: Babylon.js v9.17.0 - Null engine

[90mstdout[2m | src/__tests__/scene/lighting-follow.test.ts[2m > [22m[2mStageLightState.followTarget 向后兼容[2m > [22m[2m_defaultStageLightState 返回 followTarget: null
[22m[39mBJS - [19:29:18]: Babylon.js v9.17.0 - Null engine

[90mstdout[2m | src/__tests__/scene/lighting-follow.test.ts[2m > [22m[2mStageLightState.followTarget 向后兼容[2m > [22m[2mgetStageLights 返回的灯光 followTarget 默认为 null
[22m[39mBJS - [19:29:18]: Babylon.js v9.17.0 - Null engine

[90mstdout[2m | src/__tests__/scene/lighting-follow.test.ts[2m > [22m[2mgetAllPersonalLights / restorePersonalLights[2m > [22m[2m无个人灯时 getAllPersonalLights 返回空数组
[22m[39mBJS - [19:29:18]: Babylon.js v9.17.0 - Null engine

[90mstdout[2m | src/__tests__/scene/lighting-follow.test.ts[2m > [22m[2mgetAllPersonalLights / restorePersonalLights[2m > [22m[2mrestorePersonalLights 对不存在的 modelId 静默跳过
[22m[39mBJS - [19:29:18]: Babylon.js v9.17.0 - Null engine

[90mstdout[2m | src/__tests__/scene/lighting-follow.test.ts[2m > [22m[2mtickStageLightFollow[2m > [22m[2m无 followTarget 时 tick 不修改 target
[22m[39mBJS - [19:29:18]: Babylon.js v9.17.0 - Null engine

[90mstdout[2m | src/__tests__/scene/lighting-follow.test.ts[2m > [22m[2mtickStageLightFollow[2m > [22m[2mfollowTarget 指向不存在的模型时静默跳过
[22m[39mBJS - [19:29:18]: Babylon.js v9.17.0 - Null engine

[90mstdout[2m | src/__tests__/env-bridge/presets.int.test.ts[2m > [22m[2mapplyEnvPresetObject[2m > [22m[2mcalls setSkipLightAutoSave(true) at start and (false) on completion
[22m[39m[env-persist] setEnvState() called: skyMode, skyColorTop, skyColorMid, skyColorBot, skyBrightness, sunAngle, azimuth, envIntensity (skipAutoSave)
[env-persist] setEnvState() called: skyMode, skyColorTop, skyColorMid, skyColorBot, skyBrightness, sunAngle, azimuth, envIntensity (skipAutoSave)
[env-persist] setEnvState() called: skyMode, skyColorTop, skyColorMid, skyColorBot, skyBrightness, sunAngle, azimuth, envIntensity (skipAutoSave)
[env-persist] setEnvState() called: skyMode, skyColorTop, skyColorMid, skyColorBot, skyBrightness, sunAngle, azimuth, envIntensity (skipAutoSave)
[env-persist] setEnvState() called: skyMode, skyColorTop, skyColorMid, skyColorBot, skyBrightness, sunAngle, azimuth, envIntensity (skipAutoSave)
[env-persist] setEnvState() called: skyMode, skyColorTop, skyColorMid, skyColorBot, skyBrightness, sunAngle, azimuth, envIntensity (skipAutoSave)
[env-persist] setEnvState() called: skyMode, skyColorTop, skyColorMid, skyColorBot, skyBrightness, sunAngle, azimuth, envIntensity (skipAutoSave)
[env-persist] setEnvState() called: skyMode, skyColorTop, skyColorMid, skyColorBot, skyBrightness, sunAngle, azimuth, envIntensity (skipAutoSave)
[env-persist] setEnvState() called: skyMode, skyColorTop, skyColorMid, skyColorBot, skyBrightness, sunAngle, azimuth, envIntensity (skipAutoSave)
[env-persist] setEnvState() called: skyMode, skyColorTop, skyColorMid, skyColorBot, skyBrightness, sunAngle, azimuth, envIntensity (skipAutoSave)
[env-persist] setEnvState() called: skyMode, skyColorTop, skyColorMid, skyColorBot, skyBrightness, sunAngle, azimuth, envIntensity (skipAutoSave)
[env-persist] setEnvState() called: skyMode, skyColorTop, skyColorMid, skyColorBot, skyBrightness, sunAngle, azimuth, envIntensity (skipAutoSave)
[env-persist] setEnvState() called: skyMode, skyColorTop, skyColorMid, skyColorBot, skyBrightness, sunAngle, azimuth, envIntensity (skipAutoSave)
[env-persist] setEnvState() called: skyMode, skyColorTop, skyColorMid, skyColorBot, skyBrightness, sunAngle, azimuth, envIntensity (skipAutoSave)
[env-persist] setEnvState() called: skyMode, skyColorTop, skyColorMid, skyColorBot, skyBrightness, sunAngle, azimuth, envIntensity (skipAutoSave)
[env-persist] setEnvState() called: skyMode, skyColorTop, skyColorMid, skyColorBot, skyBrightness, sunAngle, azimuth, envIntensity (skipAutoSave)
[env-persist] setEnvState() called: skyMode, skyColorTop, skyColorMid, skyColorBot, skyBrightness, sunAngle, azimuth, envIntensity (skipAutoSave)
[env-persist] setEnvState() called: skyMode, skyColorTop, skyColorMid, skyColorBot, skyBrightness, sunAngle, azimuth, envIntensity (skipAutoSave)
[env-persist] setEnvState() called: skyMode, skyColorTop, skyColorMid, skyColorBot, skyBrightness, sunAngle, azimuth, envIntensity (skipAutoSave)
[env-persist] setEnvState() called: skyMode, skyColorTop, skyColorMid, skyColorBot, skyBrightness, sunAngle, azimuth, envIntensity (skipAutoSave)
[env-persist] setEnvState() called: skyMode, skyColorTop, skyColorMid, skyColorBot, skyBrightness, sunAngle, azimuth, envIntensity (skipAutoSave)
[env-persist] setEnvState() called: skyMode, skyColorTop, skyColorMid, skyColorBot, skyBrightness, sunAngle, azimuth, envIntensity (skipAutoSave)
[env-persist] setEnvState() called: skyMode, skyColorTop, skyColorMid, skyColorBot, skyBrightness, sunAngle, azimuth, envIntensity (skipAutoSave)
[env-persist] setEnvState() called: skyMode, skyColorTop, skyColorMid, skyColorBot, skyBrightness, sunAngle, azimuth, envIntensity (skipAutoSave)
[env-persist] setEnvState() called: skyMode, skyColorTop, skyColorMid, skyColorBot, skyBrightness, sunAngle, azimuth, envIntensity (skipAutoSave)
[env-persist] setEnvState() called: skyMode, skyColorTop, skyColorMid, skyColorBot, skyBrightness, sunAngle, azimuth, envIntensity (skipAutoSave)
[env-persist] setEnvState() called: skyMode, skyColorTop, skyColorMid, skyColorBot, skyBrightness, sunAngle, azimuth, envIntensity (skipAutoSave)
[env-persist] setEnvState() called: skyMode, skyColorTop, skyColorMid, skyColorBot, skyBrightness, sunAngle, azimuth, envIntensity (skipAutoSave)
[env-persist] setEnvState() called: skyMode, skyColorTop, skyColorMid, skyColorBot, skyBrightness, sunAngle, azimuth, envIntensity (skipAutoSave)
[env-persist] setEnvState() called: skyMode, skyColorTop, skyColorMid, skyColorBot, skyBrightness, sunAngle, azimuth, envIntensity (skipAutoSave)
[env-persist] setEnvState() called: skyMode, skyColorTop, skyColorMid, skyColorBot, skyBrightness, sunAngle, azimuth, envIntensity (skipAutoSave)
[env-persist] setEnvState() called: skyMode, skyColorTop, skyColorMid, skyColorBot, skyBrightness, sunAngle, azimuth, envIntensity (skipAutoSave)

 [32m✓[39m src/__tests__/scene/lighting-follow.test.ts [2m([22m[2m8 tests[22m[2m)[22m[32m 35[2mms[22m[39m
[90mstdout[2m | src/__tests__/env-bridge/presets.int.test.ts[2m > [22m[2mapplyEnvPresetObject[2m > [22m[2mcalls setLightState during animation
[22m[39m[env-persist] setEnvState() called: skyMode, skyColorTop, skyColorMid, skyColorBot, skyBrightness, sunAngle, azimuth, envIntensity (skipAutoSave)

[90mstdout[2m | src/__tests__/env-bridge/presets.int.test.ts[2m > [22m[2m_presetAnimId cancellation[2m > [22m[2msecond preset cancels first: only one completion fires setSkipLightAutoSave(false)
[22m[39m[env-persist] setEnvState() called: skyMode, skyColorTop, skyColorMid, skyColorBot, skyBrightness, sunAngle, azimuth, envIntensity (skipAutoSave)
[env-persist] setEnvState() called: skyMode, skyColorTop, skyColorMid, skyColorBot, skyBrightness, sunAngle, azimuth, envIntensity (skipAutoSave)
[env-persist] setEnvState() called: skyMode, skyColorTop, skyColorMid, skyColorBot, skyBrightness, sunAngle, azimuth, envIntensity (skipAutoSave)
[env-persist] setEnvState() called: skyMode, skyColorTop, skyColorMid, skyColorBot, skyBrightness, sunAngle, azimuth, envIntensity (skipAutoSave)
[env-persist] setEnvState() called: skyMode, skyColorTop, skyColorMid, skyColorBot, skyBrightness, sunAngle, azimuth, envIntensity (skipAutoSave)
[env-persist] setEnvState() called: skyMode, skyColorTop, skyColorMid, skyColorBot, skyBrightness, sunAngle, azimuth, envIntensity (skipAutoSave)
[env-persist] setEnvState() called: skyMode, skyColorTop, skyColorMid, skyColorBot, skyBrightness, sunAngle, azimuth, envIntensity (skipAutoSave)
[env-persist] setEnvState() called: skyMode, skyColorTop, skyColorMid, skyColorBot, skyBrightness, sunAngle, azimuth, envIntensity (skipAutoSave)
[env-persist] setEnvState() called: skyMode, skyColorTop, skyColorMid, skyColorBot, skyBrightness, sunAngle, azimuth, envIntensity (skipAutoSave)
[env-persist] setEnvState() called: skyMode, skyColorTop, skyColorMid, skyColorBot, skyBrightness, sunAngle, azimuth, envIntensity (skipAutoSave)
[env-persist] setEnvState() called: skyMode, skyColorTop, skyColorMid, skyColorBot, skyBrightness, sunAngle, azimuth, envIntensity (skipAutoSave)
[env-persist] setEnvState() called: skyMode, skyColorTop, skyColorMid, skyColorBot, skyBrightness, sunAngle, azimuth, envIntensity (skipAutoSave)
[env-persist] setEnvState() called: skyMode, skyColorTop, skyColorMid, skyColorBot, skyBrightness, sunAngle, azimuth, envIntensity (skipAutoSave)
[env-persist] setEnvState() called: skyMode, skyColorTop, skyColorMid, skyColorBot, skyBrightness, sunAngle, azimuth, envIntensity (skipAutoSave)
[env-persist] setEnvState() called: skyMode, skyColorTop, skyColorMid, skyColorBot, skyBrightness, sunAngle, azimuth, envIntensity (skipAutoSave)
[env-persist] setEnvState() called: skyMode, skyColorTop, skyColorMid, skyColorBot, skyBrightness, sunAngle, azimuth, envIntensity (skipAutoSave)
[env-persist] setEnvState() called: skyMode, skyColorTop, skyColorMid, skyColorBot, skyBrightness, sunAngle, azimuth, envIntensity (skipAutoSave)
[env-persist] setEnvState() called: skyMode, skyColorTop, skyColorMid, skyColorBot, skyBrightness, sunAngle, azimuth, envIntensity (skipAutoSave)
[env-persist] setEnvState() called: skyMode, skyColorTop, skyColorMid, skyColorBot, skyBrightness, sunAngle, azimuth, envIntensity (skipAutoSave)
[env-persist] setEnvState() called: skyMode, skyColorTop, skyColorMid, skyColorBot, skyBrightness, sunAngle, azimuth, envIntensity (skipAutoSave)
[env-persist] setEnvState() called: skyMode, skyColorTop, skyColorMid, skyColorBot, skyBrightness, sunAngle, azimuth, envIntensity (skipAutoSave)
[env-persist] setEnvState() called: skyMode, skyColorTop, skyColorMid, skyColorBot, skyBrightness, sunAngle, azimuth, envIntensity (skipAutoSave)
[env-persist] setEnvState() called: skyMode, skyColorTop, skyColorMid, skyColorBot, skyBrightness, sunAngle, azimuth, envIntensity (skipAutoSave)
[env-persist] setEnvState() called: skyMode, skyColorTop, skyColorMid, skyColorBot, skyBrightness, sunAngle, azimuth, envIntensity (skipAutoSave)
[env-persist] setEnvState() called: skyMode, skyColorTop, skyColorMid, skyColorBot, skyBrightness, sunAngle, azimuth, envIntensity (skipAutoSave)
[env-persist] setEnvState() called: skyMode, skyColorTop, skyColorMid, skyColorBot, skyBrightness, sunAngle, azimuth, envIntensity (skipAutoSave)
[env-persist] setEnvState() called: skyMode, skyColorTop, skyColorMid, skyColorBot, skyBrightness, sunAngle, azimuth, envIntensity (skipAutoSave)
[env-persist] setEnvState() called: skyMode, skyColorTop, skyColorMid, skyColorBot, skyBrightness, sunAngle, azimuth, envIntensity (skipAutoSave)
[env-persist] setEnvState() called: skyMode, skyColorTop, skyColorMid, skyColorBot, skyBrightness, sunAngle, azimuth, envIntensity (skipAutoSave)
[env-persist] setEnvState() called: skyMode, skyColorTop, skyColorMid, skyColorBot, skyBrightness, sunAngle, azimuth, envIntensity (skipAutoSave)
[env-persist] setEnvState() called: skyMode, skyColorTop, skyColorMid, skyColorBot, skyBrightness, sunAngle, azimuth, envIntensity (skipAutoSave)
[env-persist] setEnvState() called: skyMode, skyColorTop, skyColorMid, skyColorBot, skyBrightness, sunAngle, azimuth, envIntensity (skipAutoSave)

[90mstdout[2m | src/__tests__/scene/env-water.test.ts[2m > [22m[2mWater LOD — 仅一层可见[2m > [22m[2mselectWaterLOD 边界：30/80 为切换阈值
[22m[39mBJS - [19:29:18]: Babylon.js v9.17.0 - Null engine

[90mstdout[2m | src/__tests__/env-bridge/presets.int.test.ts[2m > [22m[2m_presetAnimId cancellation[2m > [22m[2mcompleting second preset calls setLightState at completion
[22m[39m[env-persist] setEnvState() called: skyMode, skyColorTop, skyColorMid, skyColorBot, skyBrightness, sunAngle, azimuth, envIntensity (skipAutoSave)
[env-persist] setEnvState() called: skyMode, skyColorTop, skyColorMid, skyColorBot, skyBrightness, sunAngle, azimuth, envIntensity (skipAutoSave)
[env-persist] setEnvState() called: skyMode, skyColorTop, skyColorMid, skyColorBot, skyBrightness, sunAngle, azimuth, envIntensity (skipAutoSave)
[env-persist] setEnvState() called: skyMode, skyColorTop, skyColorMid, skyColorBot, skyBrightness, sunAngle, azimuth, envIntensity (skipAutoSave)
[env-persist] setEnvState() called: skyMode, skyColorTop, skyColorMid, skyColorBot, skyBrightness, sunAngle, azimuth, envIntensity (skipAutoSave)
[env-persist] setEnvState() called: skyMode, skyColorTop, skyColorMid, skyColorBot, skyBrightness, sunAngle, azimuth, envIntensity (skipAutoSave)
[env-persist] setEnvState() called: skyMode, skyColorTop, skyColorMid, skyColorBot, skyBrightness, sunAngle, azimuth, envIntensity (skipAutoSave)
[env-persist] setEnvState() called: skyMode, skyColorTop, skyColorMid, skyColorBot, skyBrightness, sunAngle, azimuth, envIntensity (skipAutoSave)
[env-persist] setEnvState() called: skyMode, skyColorTop, skyColorMid, skyColorBot, skyBrightness, sunAngle, azimuth, envIntensity (skipAutoSave)
[env-persist] setEnvState() called: skyMode, skyColorTop, skyColorMid, skyColorBot, skyBrightness, sunAngle, azimuth, envIntensity (skipAutoSave)
[env-persist] setEnvState() called: skyMode, skyColorTop, skyColorMid, skyColorBot, skyBrightness, sunAngle, azimuth, envIntensity (skipAutoSave)
[env-persist] setEnvState() called: skyMode, skyColorTop, skyColorMid, skyColorBot, skyBrightness, sunAngle, azimuth, envIntensity (skipAutoSave)
[env-persist] setEnvState() called: skyMode, skyColorTop, skyColorMid, skyColorBot, skyBrightness, sunAngle, azimuth, envIntensity (skipAutoSave)
[env-persist] setEnvState() called: skyMode, skyColorTop, skyColorMid, skyColorBot, skyBrightness, sunAngle, azimuth, envIntensity (skipAutoSave)
[env-persist] setEnvState() called: skyMode, skyColorTop, skyColorMid, skyColorBot, skyBrightness, sunAngle, azimuth, envIntensity (skipAutoSave)
[env-persist] setEnvState() called: skyMode, skyColorTop, skyColorMid, skyColorBot, skyBrightness, sunAngle, azimuth, envIntensity (skipAutoSave)
[env-persist] setEnvState() called: skyMode, skyColorTop, skyColorMid, skyColorBot, skyBrightness, sunAngle, azimuth, envIntensity (skipAutoSave)
[env-persist] setEnvState() called: skyMode, skyColorTop, skyColorMid, skyColorBot, skyBrightness, sunAngle, azimuth, envIntensity (skipAutoSave)
[env-persist] setEnvState() called: skyMode, skyColorTop, skyColorMid, skyColorBot, skyBrightness, sunAngle, azimuth, envIntensity (skipAutoSave)
[env-persist] setEnvState() called: skyMode, skyColorTop, skyColorMid, skyColorBot, skyBrightness, sunAngle, azimuth, envIntensity (skipAutoSave)
[env-persist] setEnvState() called: skyMode, skyColorTop, skyColorMid, skyColorBot, skyBrightness, sunAngle, azimuth, envIntensity (skipAutoSave)
[env-persist] setEnvState() called: skyMode, skyColorTop, skyColorMid, skyColorBot, skyBrightness, sunAngle, azimuth, envIntensity (skipAutoSave)
[env-persist] setEnvState() called: skyMode, skyColorTop, skyColorMid, skyColorBot, skyBrightness, sunAngle, azimuth, envIntensity (skipAutoSave)
[env-persist] setEnvState() called: skyMode, skyColorTop, skyColorMid, skyColorBot, skyBrightness, sunAngle, azimuth, envIntensity (skipAutoSave)
[env-persist] setEnvState() called: skyMode, skyColorTop, skyColorMid, skyColorBot, skyBrightness, sunAngle, azimuth, envIntensity (skipAutoSave)
[env-persist] setEnvState() called: skyMode, skyColorTop, skyColorMid, skyColorBot, skyBrightness, sunAngle, azimuth, envIntensity (skipAutoSave)
[env-persist] setEnvState() called: skyMode, skyColorTop, skyColorMid, skyColorBot, skyBrightness, sunAngle, azimuth, envIntensity (skipAutoSave)
[env-persist] setEnvState() called: skyMode, skyColorTop, skyColorMid, skyColorBot, skyBrightness, sunAngle, azimuth, envIntensity (skipAutoSave)
[env-persist] setEnvState() called: skyMode, skyColorTop, skyColorMid, skyColorBot, skyBrightness, sunAngle, azimuth, envIntensity (skipAutoSave)
[env-persist] setEnvState() called: skyMode, skyColorTop, skyColorMid, skyColorBot, skyBrightness, sunAngle, azimuth, envIntensity (skipAutoSave)
[env-persist] setEnvState() called: skyMode, skyColorTop, skyColorMid, skyColorBot, skyBrightness, sunAngle, azimuth, envIntensity (skipAutoSave)
[env-persist] setEnvState() called: skyMode, skyColorTop, skyColorMid, skyColorBot, skyBrightness, sunAngle, azimuth, envIntensity (skipAutoSave)

[90mstdout[2m | src/__tests__/scene/env-water.test.ts[2m > [22m[2mWater 波相位 — 调节波速不跳变[2m > [22m[2m相位逐帧累加，且改波速后绝对值连续（无跳帧）
[22m[39mBJS - [19:29:18]: Babylon.js v9.17.0 - Null engine

 [32m✓[39m src/__tests__/env-bridge/presets.int.test.ts [2m([22m[2m12 tests[22m[2m)[22m[32m 36[2mms[22m[39m
[90mstdout[2m | src/__tests__/env-bridge/time-of-day.int.test.ts[2m > [22m[2mTime of Day[2m > [22m[2mstartTimeOfDay[2m > [22m[2mstarts time-of-day and sets active flag
[22m[39m[env-persist] setEnvState() called: timeOfDayActive (skipAutoSave)

[90mstdout[2m | src/__tests__/env-bridge/time-of-day.int.test.ts[2m > [22m[2mTime of Day[2m > [22m[2mstartTimeOfDay[2m > [22m[2mstarts time-of-day and sets active flag
[22m[39m[env-persist] setEnvState() called: timeOfDayActive (skipAutoSave)

[90mstdout[2m | src/__tests__/env-bridge/time-of-day.int.test.ts[2m > [22m[2mTime of Day[2m > [22m[2mstartTimeOfDay[2m > [22m[2mcalls ensureEnvUpdateObserver
[22m[39m[env-persist] setEnvState() called: timeOfDayActive (skipAutoSave)

[90mstdout[2m | src/__tests__/env-bridge/time-of-day.int.test.ts[2m > [22m[2mTime of Day[2m > [22m[2mstartTimeOfDay[2m > [22m[2mcalls ensureEnvUpdateObserver
[22m[39m[env-persist] setEnvState() called: timeOfDayActive (skipAutoSave)

[90mstdout[2m | src/__tests__/env-bridge/time-of-day.int.test.ts[2m > [22m[2mTime of Day[2m > [22m[2mstartTimeOfDay[2m > [22m[2mregisters tick callback via registerSceneTickCallback
[22m[39m[env-persist] setEnvState() called: timeOfDayActive (skipAutoSave)

[90mstdout[2m | src/__tests__/env-bridge/time-of-day.int.test.ts[2m > [22m[2mTime of Day[2m > [22m[2mstartTimeOfDay[2m > [22m[2mregisters tick callback via registerSceneTickCallback
[22m[39m[env-persist] setEnvState() called: timeOfDayActive (skipAutoSave)

[90mstdout[2m | src/__tests__/env-bridge/time-of-day.int.test.ts[2m > [22m[2mTime of Day[2m > [22m[2mstartTimeOfDay[2m > [22m[2muses provided speed parameter
[22m[39m[env-persist] setEnvState() called: timeOfDaySpeed (skipAutoSave)
[env-persist] setEnvState() called: timeOfDayActive (skipAutoSave)

[90mstdout[2m | src/__tests__/env-bridge/time-of-day.int.test.ts[2m > [22m[2mTime of Day[2m > [22m[2mstartTimeOfDay[2m > [22m[2muses provided speed parameter
[22m[39m[env-persist] setEnvState() called: timeOfDayActive (skipAutoSave)

[90mstdout[2m | src/__tests__/env-bridge/time-of-day.int.test.ts[2m > [22m[2mTime of Day[2m > [22m[2mstartTimeOfDay[2m > [22m[2mkeeps existing speed when no parameter given
[22m[39m[env-persist] setEnvState() called: timeOfDaySpeed (skipAutoSave)
[env-persist] setEnvState() called: timeOfDayActive (skipAutoSave)

[90mstdout[2m | src/__tests__/env-bridge/time-of-day.int.test.ts[2m > [22m[2mTime of Day[2m > [22m[2mstartTimeOfDay[2m > [22m[2mkeeps existing speed when no parameter given
[22m[39m[env-persist] setEnvState() called: timeOfDayActive (skipAutoSave)

[90mstdout[2m | src/__tests__/env-bridge/time-of-day.int.test.ts[2m > [22m[2mTime of Day[2m > [22m[2mstartTimeOfDay[2m > [22m[2mis idempotent when already active
[22m[39m[env-persist] setEnvState() called: timeOfDayActive (skipAutoSave)

[90mstdout[2m | src/__tests__/env-bridge/time-of-day.int.test.ts[2m > [22m[2mTime of Day[2m > [22m[2mstartTimeOfDay[2m > [22m[2mis idempotent when already active
[22m[39m[env-persist] setEnvState() called: timeOfDayActive (skipAutoSave)

[90mstdout[2m | src/__tests__/env-bridge/time-of-day.int.test.ts[2m > [22m[2mTime of Day[2m > [22m[2mstopTimeOfDay[2m > [22m[2mclears active flag
[22m[39m[env-persist] setEnvState() called: timeOfDayActive (skipAutoSave)
[env-persist] setEnvState() called: timeOfDayActive (skipAutoSave)

[90mstdout[2m | src/__tests__/env-bridge/time-of-day.int.test.ts[2m > [22m[2mTime of Day[2m > [22m[2mstopTimeOfDay[2m > [22m[2mcalls unregister function
[22m[39m[env-persist] setEnvState() called: timeOfDayActive (skipAutoSave)
[env-persist] setEnvState() called: timeOfDayActive (skipAutoSave)

[90mstdout[2m | src/__tests__/env-bridge/time-of-day.int.test.ts[2m > [22m[2mTime of Day[2m > [22m[2mstopTimeOfDay[2m > [22m[2mcalls SetEnvState to persist
[22m[39m[env-persist] setEnvState() called: timeOfDayActive (skipAutoSave)
[env-persist] setEnvState() called: timeOfDayActive (skipAutoSave)

[90mstdout[2m | src/__tests__/env-bridge/time-of-day.int.test.ts[2m > [22m[2mTime of Day[2m > [22m[2misTimeOfDayActive[2m > [22m[2mreturns true after start
[22m[39m[env-persist] setEnvState() called: timeOfDayActive (skipAutoSave)

[90mstdout[2m | src/__tests__/env-bridge/time-of-day.int.test.ts[2m > [22m[2mTime of Day[2m > [22m[2misTimeOfDayActive[2m > [22m[2mreturns false after stop
[22m[39m[env-persist] setEnvState() called: timeOfDayActive (skipAutoSave)

[90mstdout[2m | src/__tests__/env-bridge/time-of-day.int.test.ts[2m > [22m[2mTime of Day[2m > [22m[2misTimeOfDayActive[2m > [22m[2mreturns false after stop
[22m[39m[env-persist] setEnvState() called: timeOfDayActive (skipAutoSave)
[env-persist] setEnvState() called: timeOfDayActive (skipAutoSave)

[90mstdout[2m | src/__tests__/env-bridge/time-of-day.int.test.ts[2m > [22m[2mTime of Day[2m > [22m[2mspeed controls[2m > [22m[2mgetTimeOfDaySpeed returns 3 initially
[22m[39m[env-persist] setEnvState() called: timeOfDaySpeed (skipAutoSave)

[90mstdout[2m | src/__tests__/env-bridge/time-of-day.int.test.ts[2m > [22m[2mTime of Day[2m > [22m[2mspeed controls[2m > [22m[2msetTimeOfDaySpeed updates speed
[22m[39m[env-persist] setEnvState() called: timeOfDaySpeed (skipAutoSave)

[90mstdout[2m | src/__tests__/env-bridge/time-of-day.int.test.ts[2m > [22m[2mTime of Day[2m > [22m[2mspeed controls[2m > [22m[2msetTimeOfDaySpeed updates speed
[22m[39m[env-persist] setEnvState() called: timeOfDaySpeed (skipAutoSave)

[90mstdout[2m | src/__tests__/env-bridge/time-of-day.int.test.ts[2m > [22m[2mTime of Day[2m > [22m[2mspeed controls[2m > [22m[2msetTimeOfDaySpeed accepts zero
[22m[39m[env-persist] setEnvState() called: timeOfDaySpeed (skipAutoSave)

[90mstdout[2m | src/__tests__/env-bridge/time-of-day.int.test.ts[2m > [22m[2mTime of Day[2m > [22m[2mspeed controls[2m > [22m[2msetTimeOfDaySpeed accepts zero
[22m[39m[env-persist] setEnvState() called: timeOfDaySpeed (skipAutoSave)

[90mstdout[2m | src/__tests__/env-bridge/time-of-day.int.test.ts[2m > [22m[2mTime of Day[2m > [22m[2m_timeOfDayTick (via registered callback)[2m > [22m[2mdoes nothing when time-of-day is not active
[22m[39m[env-persist] setEnvState() called: timeOfDaySpeed (skipAutoSave)

[90mstdout[2m | src/__tests__/env-bridge/time-of-day.int.test.ts[2m > [22m[2mTime of Day[2m > [22m[2m_timeOfDayTick (via registered callback)[2m > [22m[2mdoes nothing when time-of-day is not active
[22m[39m[env-persist] setEnvState() called: timeOfDayActive (skipAutoSave)
[env-persist] setEnvState() called: timeOfDayActive (skipAutoSave)

[90mstdout[2m | src/__tests__/env-bridge/time-of-day.int.test.ts[2m > [22m[2mTime of Day[2m > [22m[2m_timeOfDayTick (via registered callback)[2m > [22m[2mincrements envSunAngle by speed * dt when active
[22m[39m[env-persist] setEnvState() called: timeOfDaySpeed (skipAutoSave)

[90mstdout[2m | src/__tests__/env-bridge/time-of-day.int.test.ts[2m > [22m[2mTime of Day[2m > [22m[2m_timeOfDayTick (via registered callback)[2m > [22m[2mincrements envSunAngle by speed * dt when active
[22m[39m[env-persist] setEnvState() called: timeOfDaySpeed (skipAutoSave)
[env-persist] setEnvState() called: timeOfDayActive (skipAutoSave)

[90mstdout[2m | src/__tests__/env-bridge/time-of-day.int.test.ts[2m > [22m[2mTime of Day[2m > [22m[2m_timeOfDayTick (via registered callback)[2m > [22m[2mincrements envSunAngle by speed * dt when active
[22m[39m[env-persist] setEnvState() called: timeOfDayActive (skipAutoSave)

[90mstdout[2m | src/__tests__/env-bridge/time-of-day.int.test.ts[2m > [22m[2mTime of Day[2m > [22m[2m_timeOfDayTick (via registered callback)[2m > [22m[2mwraps sun angle > 90 to -15
[22m[39m[env-persist] setEnvState() called: timeOfDaySpeed (skipAutoSave)

[90mstdout[2m | src/__tests__/env-bridge/time-of-day.int.test.ts[2m > [22m[2mTime of Day[2m > [22m[2m_timeOfDayTick (via registered callback)[2m > [22m[2mwraps sun angle > 90 to -15
[22m[39m[env-persist] setEnvState() called: timeOfDaySpeed (skipAutoSave)
[env-persist] setEnvState() called: timeOfDayActive (skipAutoSave)

[90mstdout[2m | src/__tests__/env-bridge/time-of-day.int.test.ts[2m > [22m[2mTime of Day[2m > [22m[2m_timeOfDayTick (via registered callback)[2m > [22m[2mwraps sun angle > 90 to -15
[22m[39m[env-persist] setEnvState() called: timeOfDayActive (skipAutoSave)

[90mstdout[2m | src/__tests__/env-bridge/time-of-day.int.test.ts[2m > [22m[2mTime of Day[2m > [22m[2m_timeOfDayTick (via registered callback)[2m > [22m[2mwraps sun angle < -15 to 90
[22m[39m[env-persist] setEnvState() called: timeOfDaySpeed (skipAutoSave)

[90mstdout[2m | src/__tests__/env-bridge/time-of-day.int.test.ts[2m > [22m[2mTime of Day[2m > [22m[2m_timeOfDayTick (via registered callback)[2m > [22m[2mwraps sun angle < -15 to 90
[22m[39m[env-persist] setEnvState() called: timeOfDaySpeed (skipAutoSave)
[env-persist] setEnvState() called: timeOfDayActive (skipAutoSave)

[90mstdout[2m | src/__tests__/env-bridge/time-of-day.int.test.ts[2m > [22m[2mTime of Day[2m > [22m[2m_timeOfDayTick (via registered callback)[2m > [22m[2mwraps sun angle < -15 to 90
[22m[39m[env-persist] setEnvState() called: timeOfDayActive (skipAutoSave)

[90mstdout[2m | src/__tests__/env-bridge/time-of-day.int.test.ts[2m > [22m[2mTime of Day[2m > [22m[2m_timeOfDayTick (via registered callback)[2m > [22m[2mcalls _updateSunDisc every tick
[22m[39m[env-persist] setEnvState() called: timeOfDaySpeed (skipAutoSave)

[90mstdout[2m | src/__tests__/env-bridge/time-of-day.int.test.ts[2m > [22m[2mTime of Day[2m > [22m[2m_timeOfDayTick (via registered callback)[2m > [22m[2mcalls _updateSunDisc every tick
[22m[39m[env-persist] setEnvState() called: timeOfDaySpeed (skipAutoSave)
[env-persist] setEnvState() called: timeOfDayActive (skipAutoSave)

[90mstdout[2m | src/__tests__/env-bridge/time-of-day.int.test.ts[2m > [22m[2mTime of Day[2m > [22m[2m_timeOfDayTick (via registered callback)[2m > [22m[2mcalls _updateSunDisc every tick
[22m[39m[env-persist] setEnvState() called: timeOfDayActive (skipAutoSave)

[90mstdout[2m | src/__tests__/env-bridge/time-of-day.int.test.ts[2m > [22m[2mTime of Day[2m > [22m[2m_timeOfDayTick (via registered callback)[2m > [22m[2mcalls _applyEnvStateFacade when angle diff >= AUTO_LINK_THRESHOLD_DEG (0.5)
[22m[39m[env-persist] setEnvState() called: timeOfDaySpeed (skipAutoSave)

[90mstdout[2m | src/__tests__/env-bridge/time-of-day.int.test.ts[2m > [22m[2mTime of Day[2m > [22m[2m_timeOfDayTick (via registered callback)[2m > [22m[2mcalls _applyEnvStateFacade when angle diff >= AUTO_LINK_THRESHOLD_DEG (0.5)
[22m[39m[env-persist] setEnvState() called: timeOfDaySpeed (skipAutoSave)
[env-persist] setEnvState() called: timeOfDayActive (skipAutoSave)

[90mstdout[2m | src/__tests__/env-bridge/time-of-day.int.test.ts[2m > [22m[2mTime of Day[2m > [22m[2m_timeOfDayTick (via registered callback)[2m > [22m[2mcalls _applyEnvStateFacade when angle diff >= AUTO_LINK_THRESHOLD_DEG (0.5)
[22m[39m[env-persist] setEnvState() called: timeOfDayActive (skipAutoSave)

[90mstdout[2m | src/__tests__/env-bridge/time-of-day.int.test.ts[2m > [22m[2mTime of Day[2m > [22m[2m_timeOfDayTick (via registered callback)[2m > [22m[2mdoes NOT call _applyEnvStateFacade for tiny angle changes below threshold
[22m[39m[env-persist] setEnvState() called: timeOfDaySpeed (skipAutoSave)

[90mstdout[2m | src/__tests__/env-bridge/time-of-day.int.test.ts[2m > [22m[2mTime of Day[2m > [22m[2m_timeOfDayTick (via registered callback)[2m > [22m[2mdoes NOT call _applyEnvStateFacade for tiny angle changes below threshold
[22m[39m[env-persist] setEnvState() called: timeOfDaySpeed (skipAutoSave)
[env-persist] setEnvState() called: timeOfDayActive (skipAutoSave)

[90mstdout[2m | src/__tests__/env-bridge/time-of-day.int.test.ts[2m > [22m[2mTime of Day[2m > [22m[2m_timeOfDayTick (via registered callback)[2m > [22m[2mdoes NOT call _applyEnvStateFacade for tiny angle changes below threshold
[22m[39m[env-persist] setEnvState() called: timeOfDayActive (skipAutoSave)

[90mstdout[2m | src/__tests__/env-bridge/time-of-day.int.test.ts[2m > [22m[2mTime of Day[2m > [22m[2m_timeOfDayTick (via registered callback)[2m > [22m[2mcalls impl.applySky when skyMode=procedural and angle diff >= 0.4
[22m[39m[env-persist] setEnvState() called: timeOfDaySpeed (skipAutoSave)

[90mstdout[2m | src/__tests__/env-bridge/time-of-day.int.test.ts[2m > [22m[2mTime of Day[2m > [22m[2m_timeOfDayTick (via registered callback)[2m > [22m[2mcalls impl.applySky when skyMode=procedural and angle diff >= 0.4
[22m[39m[env-persist] setEnvState() called: timeOfDaySpeed (skipAutoSave)
[env-persist] setEnvState() called: timeOfDayActive (skipAutoSave)

[90mstdout[2m | src/__tests__/env-bridge/time-of-day.int.test.ts[2m > [22m[2mTime of Day[2m > [22m[2m_timeOfDayTick (via registered callback)[2m > [22m[2mcalls impl.applySky when skyMode=procedural and angle diff >= 0.4
[22m[39m[env-persist] setEnvState() called: timeOfDayActive (skipAutoSave)

[90mstdout[2m | src/__tests__/env-bridge/time-of-day.int.test.ts[2m > [22m[2mTime of Day[2m > [22m[2m_timeOfDayTick (via registered callback)[2m > [22m[2mdoes NOT call the sky-mode-specific applySky (only from _applyEnvStateFacade) when skyMode is not procedural
[22m[39m[env-persist] setEnvState() called: timeOfDaySpeed (skipAutoSave)

[90mstdout[2m | src/__tests__/env-bridge/time-of-day.int.test.ts[2m > [22m[2mTime of Day[2m > [22m[2m_timeOfDayTick (via registered callback)[2m > [22m[2mdoes NOT call the sky-mode-specific applySky (only from _applyEnvStateFacade) when skyMode is not procedural
[22m[39m[env-persist] setEnvState() called: timeOfDaySpeed (skipAutoSave)
[env-persist] setEnvState() called: timeOfDayActive (skipAutoSave)

[90mstdout[2m | src/__tests__/env-bridge/time-of-day.int.test.ts[2m > [22m[2mTime of Day[2m > [22m[2m_timeOfDayTick (via registered callback)[2m > [22m[2mdoes NOT call the sky-mode-specific applySky (only from _applyEnvStateFacade) when skyMode is not procedural
[22m[39m[env-persist] setEnvState() called: timeOfDayActive (skipAutoSave)

 [32m✓[39m src/__tests__/env-bridge/time-of-day.int.test.ts [2m([22m[2m24 tests[22m[2m)[22m[32m 33[2mms[22m[39m
[90mstdout[2m | src/__tests__/scene/env-water.test.ts[2m > [22m[2mWater 预设 — 扩展参数进入 envState[2m > [22m[2mbuildWaterPresetEnvState 含基础与扩展参数
[22m[39mBJS - [19:29:18]: Babylon.js v9.17.0 - Null engine

[90mstdout[2m | src/__tests__/scene/env-water.test.ts[2m > [22m[2mWater 波方向 — 归一化[2m > [22m[2m零风向时回退到默认方向 [0,0,1]（不抛错）
[22m[39mBJS - [19:29:18]: Babylon.js v9.17.0 - Null engine

[90mstderr[2m | src/__tests__/scene/env-water.test.ts[2m > [22m[2mWater 波方向 — 归一化[2m > [22m[2m零风向时回退到默认方向 [0,0,1]（不抛错）
[22m[39m[env-water] 零风向，回退到默认方向 [0,0,1]

[90mstdout[2m | src/__tests__/scene/env-water.test.ts[2m > [22m[2mWater 波方向 — 归一化[2m > [22m[2m有风向时返回 4 个归一化方向
[22m[39mBJS - [19:29:18]: Babylon.js v9.17.0 - Null engine

[90mstdout[2m | src/__tests__/scene/env-water.test.ts[2m > [22m[2mWater Ripple — 添加与清理[2m > [22m[2mcreateWater 后 addRipple 不抛错
[22m[39mBJS - [19:29:18]: Babylon.js v9.17.0 - Null engine

 [32m✓[39m src/__tests__/scene/water-preset-repro.test.ts [2m([22m[2m3 tests[22m[2m)[22m[33m 857[2mms[22m[39m
     [33m[2m✓[22m[39m 关闭→再开（预设）循环，材质稳定不丢 [33m 545[2mms[22m[39m
[90mstderr[2m | src/__tests__/fullscreen-overlay.test.ts[2m > [22m[2mFullscreenOverlay navigation[2m > [22m[2mopens only from CLOSED and restores CLOSED on close
[22m[39m[FullscreenOverlay] Cannot open: current state is FULLSCREEN

 [32m✓[39m src/__tests__/fullscreen-overlay.test.ts [2m([22m[2m3 tests[22m[2m)[22m[32m 32[2mms[22m[39m
[90mstdout[2m | src/__tests__/scene/env-water.test.ts[2m > [22m[2mWater Ripple — 添加与清理[2m > [22m[2mclearRipples 可重复调用不抛错
[22m[39mBJS - [19:29:19]: Babylon.js v9.17.0 - Null engine

 [32m✓[39m src/__tests__/vmd.test.ts [2m([22m[2m27 tests[22m[2m)[22m[32m 37[2mms[22m[39m
 [32m✓[39m src/__tests__/menu/popup-overlay.test.ts [2m([22m[2m6 tests[22m[2m)[22m[32m 35[2mms[22m[39m
[90mstdout[2m | src/__tests__/scene/env-water.test.ts[2m > [22m[2mWater Ripple — 添加与清理[2m > [22m[2mdisposeWater 后 clearRipples 由 beforeEach 重置，不残留
[22m[39mBJS - [19:29:19]: Babylon.js v9.17.0 - Null engine

 [32m✓[39m src/core/__tests__/shortcut-registry.test.ts [2m([22m[2m24 tests[22m[2m)[22m[32m 30[2mms[22m[39m
 [32m✓[39m src/__tests__/wind-physics-integration.test.ts [2m([22m[2m8 tests[22m[2m)[22m[32m 33[2mms[22m[39m
[90mstderr[2m | src/__tests__/proc-motion-bridge.test.ts[2m > [22m[2mgetProcMotionState[2m > [22m[2mreflects changes made by setters
[22m[39m[proc-motion] regenerateProcMotion: 无目标 MMD 模型，跳过
[proc-motion] regenerateProcMotion: 无目标 MMD 模型，跳过

[90mstdout[2m | src/__tests__/scene/lighting-stage.test.ts[2m > [22m[2m舞台灯生命周期（_registerStageLight / _disposeStageLightEntry 收口）[2m > [22m[2m初始化后存在 1 盏默认主光
[22m[39mBJS - [19:29:19]: Babylon.js v9.17.0 - Null engine

[90mstdout[2m | src/__tests__/scene/lighting-stage.test.ts[2m > [22m[2m舞台灯生命周期（_registerStageLight / _disposeStageLightEntry 收口）[2m > [22m[2maddStageLight 真实创建 Babylon 灯并注册进场景
[22m[39mBJS - [19:29:19]: Babylon.js v9.17.0 - Null engine

[90mstdout[2m | src/__tests__/scene/lighting-stage.test.ts[2m > [22m[2m舞台灯生命周期（_registerStageLight / _disposeStageLightEntry 收口）[2m > [22m[2mremoveStageLight 真实释放该灯，无 Babylon 泄漏
[22m[39mBJS - [19:29:19]: Babylon.js v9.17.0 - Null engine

[90mstdout[2m | src/__tests__/scene/lighting-stage.test.ts[2m > [22m[2m舞台灯生命周期（_registerStageLight / _disposeStageLightEntry 收口）[2m > [22m[2mremoveStageLight 拒绝删除最后一盏灯（防空状态）
[22m[39mBJS - [19:29:19]: Babylon.js v9.17.0 - Null engine

[90mstdout[2m | src/__tests__/scene/lighting-stage.test.ts[2m > [22m[2m舞台灯生命周期（_registerStageLight / _disposeStageLightEntry 收口）[2m > [22m[2mloadStageLights 清空旧灯后精确重建，旧灯被释放
[22m[39mBJS - [19:29:19]: Babylon.js v9.17.0 - Null engine

[90mstdout[2m | src/__tests__/scene/lighting-stage.test.ts[2m > [22m[2m舞台灯生命周期（_registerStageLight / _disposeStageLightEntry 收口）[2m > [22m[2mdisposeLighting 级联释放全部舞台灯
[22m[39mBJS - [19:29:19]: Babylon.js v9.17.0 - Null engine

 [32m✓[39m src/__tests__/scene/lighting-stage.test.ts [2m([22m[2m6 tests[22m[2m)[22m[32m 38[2mms[22m[39m
[90mstdout[2m | src/__tests__/scene/env-ground.test.ts[2m > [22m[2mGround Presets — 字段完整性[2m > [22m[2mbuildGroundPresetEnvState 对所有预设不产生 undefined 字段
[22m[39mBJS - [19:29:19]: Babylon.js v9.17.0 - Null engine

[90mstdout[2m | src/__tests__/scene/env-ground.test.ts[2m > [22m[2mGround Presets — 字段完整性[2m > [22m[2m每个预设含 label 且非空
[22m[39mBJS - [19:29:19]: Babylon.js v9.17.0 - Null engine

[90mstdout[2m | src/__tests__/scene/env-water.test.ts[2m > [22m[2mWater dispose — 资源释放彻底[2m > [22m[2mdisposeWater 后 mesh 和 material 被置空
[22m[39mBJS - [19:29:19]: Babylon.js v9.17.0 - Null engine

[90mstdout[2m | src/__tests__/scene/env-ground.test.ts[2m > [22m[2mGround Presets — 字段完整性[2m > [22m[2mbuildGroundPresetEnvState 返回包含基础参数
[22m[39mBJS - [19:29:19]: Babylon.js v9.17.0 - Null engine

[90mstdout[2m | src/__tests__/scene/env-ground.test.ts[2m > [22m[2mclearGroundTexCache — 幂等[2m > [22m[2m可重复调用不抛错
[22m[39mBJS - [19:29:19]: Babylon.js v9.17.0 - Null engine

[90mstdout[2m | src/__tests__/scene/env-ground.test.ts[2m > [22m[2msetOnTerrainReady / setOnGroundChanged — 回调管理[2m > [22m[2m注册 null 回调不抛错
[22m[39mBJS - [19:29:19]: Babylon.js v9.17.0 - Null engine

[90mstdout[2m | src/__tests__/scene/env-ground.test.ts[2m > [22m[2msetOnTerrainReady / setOnGroundChanged — 回调管理[2m > [22m[2m注册/清除可重复
[22m[39mBJS - [19:29:19]: Babylon.js v9.17.0 - Null engine

[90mstdout[2m | src/__tests__/scene/env-ground.test.ts[2m > [22m[2mdisposeGround — 幂等与资源释放[2m > [22m[2m未初始化时调用不抛错（幂等）
[22m[39mBJS - [19:29:19]: Babylon.js v9.17.0 - Null engine

[90mstdout[2m | src/__tests__/scene/env-ground.test.ts[2m > [22m[2mdisposeGround — 幂等与资源释放[2m > [22m[2m携带真实网格时释放并置空引用
[22m[39mBJS - [19:29:19]: Babylon.js v9.17.0 - Null engine

[90mstdout[2m | src/__tests__/scene/env-ground.test.ts[2m > [22m[2mdisposeGround — 幂等与资源释放[2m > [22m[2m重复调用 disposeGround 后网格引用仍为 null
[22m[39mBJS - [19:29:19]: Babylon.js v9.17.0 - Null engine

[90mstdout[2m | src/__tests__/scene/env-ground.test.ts[2m > [22m[2mdisposeGround — 幂等与资源释放[2m > [22m[2m网格无 material 时 dispose 不抛错
[22m[39mBJS - [19:29:19]: Babylon.js v9.17.0 - Null engine

[90mstdout[2m | src/__tests__/scene/env-ground.test.ts[2m > [22m[2m_effectiveBumpLevel — 法线扭曲映射[2m > [22m[2m中等/高质量下 bumpLevel = normalStrength + distort*2.0
[22m[39mBJS - [19:29:19]: Babylon.js v9.17.0 - Null engine

[90mstdout[2m | src/__tests__/scene/env-ground.test.ts[2m > [22m[2m_effectiveBumpLevel — 法线扭曲映射[2m > [22m[2m低质量/关闭时退化为 groundNormalStrength（忽略 distort）
[22m[39mBJS - [19:29:19]: Babylon.js v9.17.0 - Null engine

[90mstdout[2m | src/__tests__/scene/env-ground.test.ts[2m > [22m[2m_effectiveRoughness — 反射模糊映射[2m > [22m[2m中等/高质量下 roughness = groundRoughness + blur * 0.4
[22m[39mBJS - [19:29:19]: Babylon.js v9.17.0 - Null engine

[90mstdout[2m | src/__tests__/scene/env-ground.test.ts[2m > [22m[2m_effectiveRoughness — 反射模糊映射[2m > [22m[2m模糊+粗糙度总和不超过 1
[22m[39mBJS - [19:29:19]: Babylon.js v9.17.0 - Null engine

[90mstdout[2m | src/__tests__/scene/env-ground.test.ts[2m > [22m[2m_effectiveRoughness — 反射模糊映射[2m > [22m[2m低质量/关闭时退化为 groundRoughness（忽略 blur）
[22m[39mBJS - [19:29:19]: Babylon.js v9.17.0 - Null engine

 [32m✓[39m src/__tests__/scene/env-ground.test.ts [2m([22m[2m15 tests[22m[2m)[22m[32m 55[2mms[22m[39m
[90mstdout[2m | src/__tests__/scene/env-texture.test.ts[2m > [22m[2mcreateCanvasTexture[2m > [22m[2m用 DynamicTexture 创建贴图并调用 draw 回调
[22m[39mBJS - [19:29:20]: Babylon.js v9.17.0 - Null engine

[90mstdout[2m | src/__tests__/scene/env-texture.test.ts[2m > [22m[2mcreateCanvasTexture[2m > [22m[2m设置 CLAMP / WRAP 地址模式
[22m[39mBJS - [19:29:20]: Babylon.js v9.17.0 - Null engine

[90mstdout[2m | src/__tests__/scene/env-texture.test.ts[2m > [22m[2mcreateCanvasTexture[2m > [22m[2m传递 getAlphaFromRGB 与 hasAlpha
[22m[39mBJS - [19:29:20]: Babylon.js v9.17.0 - Null engine

[90mstdout[2m | src/__tests__/scene/env-texture.test.ts[2m > [22m[2mgetOrCreateCanvasTexture[2m > [22m[2m同一 key 返回缓存的贴图，draw 只调用一次
[22m[39mBJS - [19:29:20]: Babylon.js v9.17.0 - Null engine

[90mstdout[2m | src/__tests__/scene/env-texture.test.ts[2m > [22m[2mgetOrCreateCanvasTexture[2m > [22m[2m不同 key 返回不同贴图
[22m[39mBJS - [19:29:20]: Babylon.js v9.17.0 - Null engine

[90mstdout[2m | src/__tests__/scene/env-texture.test.ts[2m > [22m[2mgetOrCreateCanvasTexture[2m > [22m[2m超过缓存上限时淘汰索引但不立即释放旧贴图
[22m[39mBJS - [19:29:20]: Babylon.js v9.17.0 - Null engine

[90mstdout[2m | src/__tests__/scene/env-texture.test.ts[2m > [22m[2mdisposeTextureCache[2m > [22m[2m清空缓存且不抛异常
[22m[39mBJS - [19:29:20]: Babylon.js v9.17.0 - Null engine

 [32m✓[39m src/__tests__/scene/env-texture.test.ts [2m([22m[2m7 tests[22m[2m)[22m[32m 40[2mms[22m[39m
 [32m✓[39m src/__tests__/ui-keyboard-nav.test.ts [2m([22m[2m11 tests[22m[2m)[22m[32m 32[2mms[22m[39m
[90mstdout[2m | src/__tests__/scene/env-water.test.ts[2m > [22m[2mWater dispose — 资源释放彻底[2m > [22m[2mdisposeWater 后 getWaterPhase 重置为 0
[22m[39mBJS - [19:29:20]: Babylon.js v9.17.0 - Null engine

[90mstdout[2m | src/__tests__/env-bridge/set-env-state.int.test.ts[2m > [22m[2msetEnvState[2m > [22m[2mmerges partial state into envState
[22m[39m[env-persist] setEnvState() called: sunAngle 

[90mstdout[2m | src/__tests__/env-bridge/set-env-state.int.test.ts[2m > [22m[2msetEnvState[2m > [22m[2mcalls _applyEnvStateFacade (applySky)
[22m[39m[env-persist] setEnvState() called: skyMode 

[90mstdout[2m | src/__tests__/env-bridge/set-env-state.int.test.ts[2m > [22m[2msetEnvState[2m > [22m[2mdoes NOT call updateWaterAnimSpeed from setEnvState (handled by _syncWaterUniforms)
[22m[39m[env-persist] setEnvState() called: waterAnimSpeed 

[90mstdout[2m | src/__tests__/env-bridge/set-env-state.int.test.ts[2m > [22m[2msetEnvState[2m > [22m[2mdoes NOT call updateWaterAnimSpeed when waterAnimSpeed is undefined
[22m[39m[env-persist] setEnvState() called: skyMode 

[90mstdout[2m | src/__tests__/env-bridge/middleware.int.test.ts[2m > [22m[2mADR-173: setEnvState middleware[2m > [22m[2mpre-facade: syncEnvSunAngle 同步 envSunAngle 缓存
[22m[39m[env-persist] setEnvState() called: sunAngle 

[90mstdout[2m | src/__tests__/env-bridge/set-env-state.int.test.ts[2m > [22m[2msetEnvState[2m > [22m[2mcalls applyLightingPresetFromEnv when lightingPresetName provided
[22m[39m[env-persist] setEnvState() called: lightingPresetName 

[90mstdout[2m | src/__tests__/env-bridge/set-env-state.int.test.ts[2m > [22m[2msetEnvState[2m > [22m[2mdoes NOT call applyLightingPresetFromEnv when lightingPresetName is undefined
[22m[39m[env-persist] setEnvState() called: skyMode 

[90mstdout[2m | src/__tests__/env-bridge/middleware.int.test.ts[2m > [22m[2mADR-173: setEnvState middleware[2m > [22m[2mpre-facade: resolveQualityProfileMiddleware 解析 qualityProfile 为子字段
[22m[39m[env-persist] setEnvState() called: qualityProfile 
[19:29:20.303] [Performance] Mode set to: custom

[90mstdout[2m | src/__tests__/env-bridge/middleware.int.test.ts[2m > [22m[2mADR-173: setEnvState middleware[2m > [22m[2mpre-facade: qualityProfile=high 解析为 high/high/high
[22m[39m[env-persist] setEnvState() called: qualityProfile 

[90mstdout[2m | src/__tests__/env-bridge/set-env-state.int.test.ts[2m > [22m[2msetEnvState[2m > [22m[2msets a persistent timer (calls setTimeout)
[22m[39m[env-persist] setEnvState() called: sunAngle 

[90mstdout[2m | src/__tests__/env-bridge/middleware.int.test.ts[2m > [22m[2mADR-173: setEnvState middleware[2m > [22m[2mpre-facade: 无 qualityProfile 时不触发子字段解析
[22m[39m[env-persist] setEnvState() called: sunAngle 

[90mstdout[2m | src/__tests__/env-bridge/set-env-state.int.test.ts[2m > [22m[2msetEnvState[2m > [22m[2mdebounces persistent timer (calls clearTimeout on consecutive calls)
[22m[39m[env-persist] setEnvState() called: sunAngle 
[env-persist] setEnvState() called: sunAngle 

[90mstdout[2m | src/__tests__/env-bridge/middleware.int.test.ts[2m > [22m[2mADR-173: setEnvState middleware[2m > [22m[2mpost-facade: applyLightingPresetMiddleware 触发灯光预设过渡
[22m[39m[env-persist] setEnvState() called: lightingPresetName 

[90mstdout[2m | src/__tests__/env-bridge/set-env-state.int.test.ts[2m > [22m[2msetEnvState[2m > [22m[2mfires SetEnvState via timer callback
[22m[39m[env-persist] setEnvState() called: sunAngle 
[env-persist] debounce fired → SetEnvState()

[90mstdout[2m | src/__tests__/env-bridge/middleware.int.test.ts[2m > [22m[2mADR-173: setEnvState middleware[2m > [22m[2mpost-facade: 无 lightingPresetName 时不触发灯光预设
[22m[39m[env-persist] setEnvState() called: sunAngle 

[90mstdout[2m | src/__tests__/env-bridge/set-env-state.int.test.ts[2m > [22m[2msetEnvState[2m > [22m[2mcalls triggerAutoSave by default
[22m[39m[env-persist] setEnvState() called: sunAngle 

[90mstdout[2m | src/__tests__/env-bridge/middleware.int.test.ts[2m > [22m[2mADR-173: setEnvState middleware[2m > [22m[2mmiddleware 异常隔离: pre-facade 抛错不中断 post-facade 和 persist
[22m[39m[env-persist] setEnvState() called: skyMode, lightingPresetName 

[90mstdout[2m | src/__tests__/env-bridge/set-env-state.int.test.ts[2m > [22m[2msetEnvState[2m > [22m[2mskips triggerAutoSave when skipAutoSave=true
[22m[39m[env-persist] setEnvState() called: sunAngle (skipAutoSave)

[90mstdout[2m | src/__tests__/env-bridge/middleware.int.test.ts[2m > [22m[2mADR-173: setEnvState middleware[2m > [22m[2mmiddleware 执行顺序: pre-facade 全部先于 post-facade
[22m[39m[env-persist] setEnvState() called: qualityProfile, lightingPresetName 

[90mstdout[2m | src/__tests__/env-bridge/set-env-state.int.test.ts[2m > [22m[2msetEnvState[2m > [22m[2mstill sets persistent timer when skipAutoSave=true
[22m[39m[env-persist] setEnvState() called: sunAngle (skipAutoSave)

[90mstdout[2m | src/__tests__/env-bridge/middleware.int.test.ts[2m > [22m[2mADR-173: setEnvState middleware[2m > [22m[2mpre-facade: 手动改 ground 字段 → groundPreset 重置为 custom
[22m[39m[env-persist] setEnvState() called: groundColor 

[90mstdout[2m | src/__tests__/env-bridge/set-env-state.int.test.ts[2m > [22m[2msetEnvState[2m > [22m[2mclears previous timer when setting new one (debounce)
[22m[39m[env-persist] setEnvState() called: sunAngle 
[env-persist] setEnvState() called: sunAngle 

[90mstdout[2m | src/__tests__/env-bridge/middleware.int.test.ts[2m > [22m[2mADR-173: setEnvState middleware[2m > [22m[2mpre-facade: 点击预设（带 groundPreset）不被误清为 custom
[22m[39m[env-persist] setEnvState() called: groundColor, groundPreset 

[90mstdout[2m | src/__tests__/env-bridge/middleware.int.test.ts[2m > [22m[2mADR-173: setEnvState middleware[2m > [22m[2mpre-facade: 仅改非 ground 字段时不动 groundPreset
[22m[39m[env-persist] setEnvState() called: sunAngle 

[90mstdout[2m | src/__tests__/env-bridge/middleware.int.test.ts[2m > [22m[2mADR-173: setEnvState middleware[2m > [22m[2mpre-facade: 改预设不管的 ground 字段（碰撞/无限）不清 groundPreset
[22m[39m[env-persist] setEnvState() called: groundCollisionEnabled 
[env-persist] setEnvState() called: groundInfinite 

 [32m✓[39m src/__tests__/env-bridge/set-env-state.int.test.ts [2m([22m[2m13 tests[22m[2m)[22m[32m 21[2mms[22m[39m
 [32m✓[39m src/__tests__/env-bridge/middleware.int.test.ts [2m([22m[2m12 tests[22m[2m)[22m[32m 21[2mms[22m[39m
[90mstdout[2m | src/__tests__/scene/env-water.test.ts[2m > [22m[2mWater dispose — 资源释放彻底[2m > [22m[2mdisposeWater 可重复调用不抛错（幂等）
[22m[39mBJS - [19:29:20]: Babylon.js v9.17.0 - Null engine

[90mstderr[2m | src/core/backend/browser-adapter.test.ts[2m > [22m[2mFSA 多选同名 PMX 冲突检测与序号后缀[2m > [22m[2m两次导入同名 PMX → 第二次自动加序号后缀 "(2)"，两个 stem 互不覆盖
[22m[39m[readFileBytes] web://model/miku 未命中 dir: 命名空间键，经 file:miku 兜底返回数据——该数据可能来自其他 ZIP 的同名文件，非期望来源

[90mstderr[2m | src/core/backend/browser-adapter.test.ts[2m > [22m[2mFSA 多选同名 PMX 冲突检测与序号后缀[2m > [22m[2m两次导入同名 PMX → 第二次自动加序号后缀 "(2)"，两个 stem 互不覆盖
[22m[39m[readFileBytes] web://model/miku%20(2) 未命中 dir: 命名空间键，经 file:miku%20(2) 兜底返回数据——该数据可能来自其他 ZIP 的同名文件，非期望来源

[90mstderr[2m | src/core/backend/browser-adapter.test.ts[2m > [22m[2mFSA 多选同名 PMX 冲突检测与序号后缀[2m > [22m[2m三次导入同名 PMX → 三次递增后缀 (2), (3)，全不覆盖
[22m[39m[readFileBytes] web://model/miku 未命中 dir: 命名空间键，经 file:miku 兜底返回数据——该数据可能来自其他 ZIP 的同名文件，非期望来源

[90mstderr[2m | src/core/backend/browser-adapter.test.ts[2m > [22m[2mFSA 多选同名 PMX 冲突检测与序号后缀[2m > [22m[2m三次导入同名 PMX → 三次递增后缀 (2), (3)，全不覆盖
[22m[39m[readFileBytes] web://model/miku%20(2) 未命中 dir: 命名空间键，经 file:miku%20(2) 兜底返回数据——该数据可能来自其他 ZIP 的同名文件，非期望来源

[90mstderr[2m | src/core/backend/browser-adapter.test.ts[2m > [22m[2mFSA 多选同名 PMX 冲突检测与序号后缀[2m > [22m[2m三次导入同名 PMX → 三次递增后缀 (2), (3)，全不覆盖
[22m[39m[readFileBytes] web://model/miku%20(3) 未命中 dir: 命名空间键，经 file:miku%20(3) 兜底返回数据——该数据可能来自其他 ZIP 的同名文件，非期望来源

[90mstderr[2m | src/core/backend/browser-adapter.test.ts[2m > [22m[2mFSA 多选同名 PMX 冲突检测与序号后缀[2m > [22m[2m不同名 PMX 不触发冲突检测，各自使用原始 stem
[22m[39m[readFileBytes] web://model/miku 未命中 dir: 命名空间键，经 file:miku 兜底返回数据——该数据可能来自其他 ZIP 的同名文件，非期望来源

[90mstderr[2m | src/core/backend/browser-adapter.test.ts[2m > [22m[2mFSA 多选同名 PMX 冲突检测与序号后缀[2m > [22m[2m不同名 PMX 不触发冲突检测，各自使用原始 stem
[22m[39m[readFileBytes] web://model/rin 未命中 dir: 命名空间键，经 file:rin 兜底返回数据——该数据可能来自其他 ZIP 的同名文件，非期望来源

[90mstdout[2m | src/core/backend/browser-adapter.test.ts[2m > [22m[2mFSA 多选同名 PMX 冲突检测与序号后缀[2m > [22m[2m手动导入 entry 补全 dir/file_path → 模型库可见（_listModels 不再过滤）
[22m[39m[web-scan] _listModels: IDB 共 6 个键, 其中 entry: 2 个

[90mstdout[2m | src/core/backend/browser-adapter.test.ts[2m > [22m[2mFSA 多选同名 PMX 冲突检测与序号后缀[2m > [22m[2m手动导入 entry 补全 dir/file_path → 模型库可见（_listModels 不再过滤）
[22m[39m[web-scan] _listModels: 返回 2 个 ModelEntry

[90mstdout[2m | src/core/backend/browser-adapter.test.ts[2m > [22m[2mFSA 多选同名 PMX 冲突检测与序号后缀[2m > [22m[2m扫描 entry（dir=web://selected-dir）与手动导入 entry（dir=web://model）无冲突
[22m[39m[web-scan] _listModels: IDB 共 4 个键, 其中 entry: 2 个

[90mstdout[2m | src/core/backend/browser-adapter.test.ts[2m > [22m[2mFSA 多选同名 PMX 冲突检测与序号后缀[2m > [22m[2m扫描 entry（dir=web://selected-dir）与手动导入 entry（dir=web://model）无冲突
[22m[39m[web-scan] _listModels: 返回 2 个 ModelEntry

[90mstdout[2m | src/core/backend/browser-adapter.test.ts[2m > [22m[2m[doc:adr-195] 下载文件夹统一摄入：ingestModelFile / ingestModelBytes / ingestModelFiles[2m > [22m[2mingestModelBytes(pmx) 写入 file:<encStem>+entry:<encStem>，且入库可见（不进场景）
[22m[39m[web-scan] _listModels: IDB 共 2 个键, 其中 entry: 1 个

[90mstdout[2m | src/core/backend/browser-adapter.test.ts[2m > [22m[2m[doc:adr-195] 下载文件夹统一摄入：ingestModelFile / ingestModelBytes / ingestModelFiles[2m > [22m[2mingestModelBytes(pmx) 写入 file:<encStem>+entry:<encStem>，且入库可见（不进场景）
[22m[39m[web-scan] _listModels: 返回 1 个 ModelEntry

[90mstdout[2m | src/core/backend/browser-adapter.test.ts[2m > [22m[2m[doc:adr-195] 下载文件夹统一摄入：ingestModelFile / ingestModelBytes / ingestModelFiles[2m > [22m[2m同名 PMX 冲突追加序号后缀，不覆盖既有 entry
[22m[39m[web-scan] _listModels: IDB 共 4 个键, 其中 entry: 2 个

[90mstdout[2m | src/core/backend/browser-adapter.test.ts[2m > [22m[2m[doc:adr-195] 下载文件夹统一摄入：ingestModelFile / ingestModelBytes / ingestModelFiles[2m > [22m[2m同名 PMX 冲突追加序号后缀，不覆盖既有 entry
[22m[39m[web-scan] _listModels: 返回 2 个 ModelEntry

 [32m✓[39m src/core/__tests__/error-buffer.test.ts [2m([22m[2m24 tests[22m[2m)[22m[32m 23[2mms[22m[39m
 [32m✓[39m src/core/backend/browser-adapter.test.ts [2m([22m[2m24 tests[22m[2m)[22m[32m 24[2mms[22m[39m
[90mstdout[2m | src/__tests__/scene/env-water.test.ts[2m > [22m[2mWater dispose — 资源释放彻底[2m > [22m[2mdisposeWater 后可重新 createWater（无残留 observer 冲突）
[22m[39mBJS - [19:29:20]: Babylon.js v9.17.0 - Null engine

[90mstdout[2m | src/__tests__/scene/planar-reflection.test.ts[2m > [22m[2mPlanarReflection — 互斥协调[2m > [22m[2m创建后 isEnabled 为 true
[22m[39mBJS - [19:29:20]: Babylon.js v9.17.0 - Null engine

[90mstdout[2m | src/__tests__/scene/planar-reflection.test.ts[2m > [22m[2mPlanarReflection — 互斥协调[2m > [22m[2mshouldEnable=false 时 disable，isEnabled 为 false
[22m[39mBJS - [19:29:20]: Babylon.js v9.17.0 - Null engine

[90mstdout[2m | src/__tests__/scene/planar-reflection.test.ts[2m > [22m[2mPlanarReflection — 互斥协调[2m > [22m[2mquality=off 时 disable
[22m[39mBJS - [19:29:20]: Babylon.js v9.17.0 - Null engine

[90mstdout[2m | src/__tests__/scene/planar-reflection.test.ts[2m > [22m[2mPlanarReflection — 互斥协调[2m > [22m[2m两 surface 同时 shouldEnable=true 时仅一面活跃（互斥）
[22m[39mBJS - [19:29:20]: Babylon.js v9.17.0 - Null engine

 [32m✓[39m src/__tests__/fileservice.test.ts [2m([22m[2m8 tests[22m[2m)[22m[32m 23[2mms[22m[39m
[90mstdout[2m | src/__tests__/scene/planar-reflection.test.ts[2m > [22m[2mPlanarReflection — 互斥协调[2m > [22m[2m停用活跃面后另一面恢复（可恢复互斥）
[22m[39mBJS - [19:29:20]: Babylon.js v9.17.0 - Null engine

[90mstdout[2m | src/__tests__/scene/planar-reflection.test.ts[2m > [22m[2mPlanarReflection — 互斥协调[2m > [22m[2msetBlend 被 update 调用时传递正确的 blend 值
[22m[39mBJS - [19:29:20]: Babylon.js v9.17.0 - Null engine

[90mstdout[2m | src/__tests__/scene/planar-reflection.test.ts[2m > [22m[2mPlanarReflection — 互斥协调[2m > [22m[2mblend 变化时 setBlend 收到新值
[22m[39mBJS - [19:29:20]: Babylon.js v9.17.0 - Null engine

 [32m✓[39m src/__tests__/bindings/app.contract.test.ts [2m([22m[2m17 tests[22m[2m)[22m[32m 17[2mms[22m[39m
[90mstdout[2m | src/__tests__/scene/planar-reflection.test.ts[2m > [22m[2mPlanarReflection — 互斥协调[2m > [22m[2msetBlend 写入 reflectionTexture.level
[22m[39mBJS - [19:29:20]: Babylon.js v9.17.0 - Null engine

[90mstdout[2m | src/__tests__/scene/planar-reflection.test.ts[2m > [22m[2mPlanarReflection — 互斥协调[2m > [22m[2mdispose 后 isEnabled 为 false
[22m[39mBJS - [19:29:20]: Babylon.js v9.17.0 - Null engine

 [32m✓[39m src/__tests__/scene/planar-reflection.test.ts [2m([22m[2m9 tests[22m[2m)[22m[32m 52[2mms[22m[39m
 [32m✓[39m src/__tests__/scene/motion-history.test.ts [2m([22m[2m19 tests[22m[2m)[22m[32m 17[2mms[22m[39m
[90mstderr[2m | src/__tests__/proc-motion-bridge.test.ts[2m > [22m[2msetProcMotionEyeTrackingEnabled[2m > [22m[2msets eyeTrackingEnabled in state
[22m[39m[perception] activate: 无目标模型 ID

 [32m✓[39m src/__tests__/menus/download-manager.test.ts [2m([22m[2m25 tests[22m[2m)[22m[32m 19[2mms[22m[39m
[90mstdout[2m | src/__tests__/scene/motion-frame-hooks.test.ts[2m > [22m[2mBone Override 帧钩子顺序（ADR-147 R2）[2m > [22m[2m帧钩子按 order 升序执行，与注册顺序无关
[22m[39mBJS - [19:29:21]: Babylon.js v9.17.0 - Null engine

[90mstderr[2m | src/__tests__/proc-motion-bridge.test.ts[2m > [22m[2msetProcMotionEyeTrackingEnabled[2m > [22m[2mcalls triggerAutoSave
[22m[39m[perception] activate: 无目标模型 ID

[90mstdout[2m | src/__tests__/scene/motion-frame-hooks.test.ts[2m > [22m[2mBone Override 帧钩子顺序（ADR-147 R2）[2m > [22m[2m帧钩子按 order 升序执行，与注册顺序无关
[22m[39m[bone-override] _getOverrideMap 首次为模型创建覆盖索引 {"modelId":"test-model","existingModels":["test-model"]}

[90mstdout[2m | src/__tests__/scene/env-water.test.ts[2m > [22m[2mWater Underwater — 相机入水触发过渡[2m > [22m[2mwaterEnabled=false 时直接重置，不进入水下
[22m[39mBJS - [19:29:21]: Babylon.js v9.17.0 - Null engine

 [32m✓[39m src/__tests__/vmd-layers-filter.test.ts [2m([22m[2m13 tests[22m[2m)[22m[32m 33[2mms[22m[39m
[90mstdout[2m | src/__tests__/scene/motion-frame-hooks.test.ts[2m > [22m[2mBone Override 帧钩子顺序（ADR-147 R2）[2m > [22m[2m同 order 时按注册顺序（稳定排序）
[22m[39mBJS - [19:29:21]: Babylon.js v9.17.0 - Null engine

[90mstdout[2m | src/__tests__/scene/env-water.test.ts[2m > [22m[2mWater Underwater — 相机入水触发过渡[2m > [22m[2m相机在水面以上时 _underwaterActive 保持 false
[22m[39mBJS - [19:29:21]: Babylon.js v9.17.0 - Null engine

[90mstdout[2m | src/__tests__/scene/motion-frame-hooks.test.ts[2m > [22m[2mBone Override 帧钩子顺序（ADR-147 R2）[2m > [22m[2m执行期间 unregister 安全（快照迭代，不跳过后续钩子）
[22m[39mBJS - [19:29:21]: Babylon.js v9.17.0 - Null engine

[90mstdout[2m | src/__tests__/scene/env-water.test.ts[2m > [22m[2mWater Underwater — 相机入水触发过渡[2m > [22m[2m相机潜入水面以下时 _underwaterActive 变为 true
[22m[39mBJS - [19:29:21]: Babylon.js v9.17.0 - Null engine

[90mstdout[2m | src/__tests__/scene/motion-frame-hooks.test.ts[2m > [22m[2mBone Override 帧钩子顺序（ADR-147 R2）[2m > [22m[2mstopBoneOverride 清空所有帧钩子
[22m[39mBJS - [19:29:21]: Babylon.js v9.17.0 - Null engine

[90mstdout[2m | src/__tests__/scene/env-water.test.ts[2m > [22m[2mWater Underwater — 相机入水触发过渡[2m > [22m[2mresetUnderwaterState 清除 _underwaterActive 和过渡进度
[22m[39mBJS - [19:29:21]: Babylon.js v9.17.0 - Null engine

[90mstdout[2m | src/__tests__/scene/env-water.test.ts[2m > [22m[2mWater Preset — applyWaterPresetToCurrent[2m > [22m[2m应用预设后 envState 的水相关字段被更新
[22m[39mBJS - [19:29:21]: Babylon.js v9.17.0 - Null engine

[90mstdout[2m | src/__tests__/scene/env-water.test.ts[2m > [22m[2mWater Preset — applyWaterPresetToCurrent[2m > [22m[2mbuildWaterPresetEnvState 返回的对象包含基础水参数
[22m[39mBJS - [19:29:21]: Babylon.js v9.17.0 - Null engine

 [32m✓[39m src/__tests__/scene/motion-frame-hooks.test.ts [2m([22m[2m4 tests[22m[2m)[22m[32m 22[2mms[22m[39m
[90mstdout[2m | src/__tests__/scene/env-water.test.ts[2m > [22m[2mmirror camera math[2m > [22m[2mclipPlane 等效逻辑：保留 y >= waterLevel 的几何
[22m[39mBJS - [19:29:21]: Babylon.js v9.17.0 - Null engine

[90mstdout[2m | src/__tests__/scene/env-water.test.ts[2m > [22m[2mmirror camera math[2m > [22m[2m水下判断逻辑：camera.y < waterLevel 时跳过反射
[22m[39mBJS - [19:29:21]: Babylon.js v9.17.0 - Null engine

[90mstdout[2m | src/__tests__/scene/env-water.test.ts[2m > [22m[2mreflection quality tier[2m > [22m[2mreflectionQuality=off 时不创建 RT（_setupMirrorRT 提前返回）
[22m[39mBJS - [19:29:21]: Babylon.js v9.17.0 - Null engine

[90mstderr[2m | src/__tests__/proc-motion-bridge.test.ts[2m > [22m[2msetProcMotionHeadTrackingEnabled[2m > [22m[2msets headTrackingEnabled in state
[22m[39m[perception] activate: 无目标模型 ID

[90mstdout[2m | src/__tests__/scene/env-water.test.ts[2m > [22m[2mreflection quality tier[2m > [22m[2mreflectionQuality=high 映射 512 分辨率
[22m[39mBJS - [19:29:21]: Babylon.js v9.17.0 - Null engine

[90mstdout[2m | src/__tests__/scene/env-water.test.ts[2m > [22m[2mreflection quality tier[2m > [22m[2mreflectionQuality=low 映射 128 分辨率
[22m[39mBJS - [19:29:21]: Babylon.js v9.17.0 - Null engine

[90mstdout[2m | src/__tests__/scene/env-water.test.ts[2m > [22m[2mreflection quality tier[2m > [22m[2m帧跳过逻辑：high 每帧渲染，low 每 4 帧渲染
[22m[39mBJS - [19:29:21]: Babylon.js v9.17.0 - Null engine

[90mstdout[2m | src/__tests__/scene/env-water.test.ts[2m > [22m[2mreflection quality toggle — P1 修复（ADR-114）[2m > [22m[2mreflectionQuality off→on：惰性路径重建材质并启用 PLANAR_REFLECTION
[22m[39mBJS - [19:29:21]: Babylon.js v9.17.0 - Null engine

[90mstderr[2m | src/__tests__/proc-motion-bridge.test.ts[2m > [22m[2msetProcMotionHeadTrackingEnabled[2m > [22m[2mcalls triggerAutoSave
[22m[39m[perception] activate: 无目标模型 ID

[90mstdout[2m | src/__tests__/scene/env-water.test.ts[2m > [22m[2mreflection quality toggle — P1 修复（ADR-114）[2m > [22m[2mreflectionQuality on→off：惰性路径重建材质并移除 PLANAR_REFLECTION
[22m[39mBJS - [19:29:21]: Babylon.js v9.17.0 - Null engine

 [32m✓[39m src/core/__tests__/slider-controller.test.ts [2m([22m[2m17 tests[22m[2m)[22m[32m 21[2mms[22m[39m
 [32m✓[39m src/core/__tests__/sse.test.ts [2m([22m[2m8 tests[22m[2m)[22m[32m 18[2mms[22m[39m
 [32m✓[39m src/__tests__/model-ops.test.ts [2m([22m[2m36 tests[22m[2m)[22m[32m 27[2mms[22m[39m
 [32m✓[39m src/__tests__/model-detail-ui.test.ts [2m([22m[2m13 tests[22m[2m)[22m[32m 64[2mms[22m[39m
 [32m✓[39m src/__tests__/scene/env-water.test.ts [2m([22m[2m28 tests[22m[2m)[22m[33m 3775[2mms[22m[39m
     [33m[2m✓[22m[39m 创建后默认仅高精度层（high）可见 [33m 329[2mms[22m[39m
     [33m[2m✓[22m[39m disposeWater 后 clearRipples 由 beforeEach 重置，不残留 [33m 508[2mms[22m[39m
     [33m[2m✓[22m[39m disposeWater 后可重新 createWater（无残留 observer 冲突） [33m 529[2mms[22m[39m
 [32m✓[39m src/__tests__/scene/env-terrain.test.ts [2m([22m[2m4 tests[22m[2m)[22m[32m 45[2mms[22m[39m
[90mstderr[2m | src/core/__tests__/drop-import.test.ts[2m > [22m[2mhandleDropFile 直接调用（路径已落地）[2m > [22m[2mzip + bytes 且 ExtractZip 抛错 → 不崩溃，不触发 load
[22m[39mImportZip failed: Error: zip boom
    at C:/Users/zhujieling11/MikuMikuAR/frontend/src/core/__tests__/drop-import.test.ts:168:46
    at [90mfile:///C:/Users/zhujieling11/MikuMikuAR/frontend/[39mnode_modules/[4m@vitest/runner[24m/dist/chunk-artifact.js:302:11
    at [90mfile:///C:/Users/zhujieling11/MikuMikuAR/frontend/[39mnode_modules/[4m@vitest/runner[24m/dist/chunk-artifact.js:1903:26
    at [90mfile:///C:/Users/zhujieling11/MikuMikuAR/frontend/[39mnode_modules/[4m@vitest/runner[24m/dist/chunk-artifact.js:2326:20
    at new Promise (<anonymous>)
    at runWithCancel [90m(file:///C:/Users/zhujieling11/MikuMikuAR/frontend/[39mnode_modules/[4m@vitest/runner[24m/dist/chunk-artifact.js:2323:10[90m)[39m
    at [90mfile:///C:/Users/zhujieling11/MikuMikuAR/frontend/[39mnode_modules/[4m@vitest/runner[24m/dist/chunk-artifact.js:2305:20
    at new Promise (<anonymous>)
    at runWithTimeout [90m(file:///C:/Users/zhujieling11/MikuMikuAR/frontend/[39mnode_modules/[4m@vitest/runner[24m/dist/chunk-artifact.js:2272:10[90m)[39m
    at [90mfile:///C:/Users/zhujieling11/MikuMikuAR/frontend/[39mnode_modules/[4m@vitest/runner[24m/dist/chunk-artifact.js:2955:64

[90mstderr[2m | src/core/__tests__/drop-import.test.ts[2m > [22m[2mhandleDropFile 直接调用（路径已落地）[2m > [22m[2mpmx 加载抛错 → 不崩溃
[22m[39mloadManager actor failed: Error: pmx boom
    at C:/Users/zhujieling11/MikuMikuAR/frontend/src/core/__tests__/drop-import.test.ts:175:52
    at [90mfile:///C:/Users/zhujieling11/MikuMikuAR/frontend/[39mnode_modules/[4m@vitest/runner[24m/dist/chunk-artifact.js:302:11
    at [90mfile:///C:/Users/zhujieling11/MikuMikuAR/frontend/[39mnode_modules/[4m@vitest/runner[24m/dist/chunk-artifact.js:1903:26
    at [90mfile:///C:/Users/zhujieling11/MikuMikuAR/frontend/[39mnode_modules/[4m@vitest/runner[24m/dist/chunk-artifact.js:2326:20
    at new Promise (<anonymous>)
    at runWithCancel [90m(file:///C:/Users/zhujieling11/MikuMikuAR/frontend/[39mnode_modules/[4m@vitest/runner[24m/dist/chunk-artifact.js:2323:10[90m)[39m
    at [90mfile:///C:/Users/zhujieling11/MikuMikuAR/frontend/[39mnode_modules/[4m@vitest/runner[24m/dist/chunk-artifact.js:2305:20
    at new Promise (<anonymous>)
    at runWithTimeout [90m(file:///C:/Users/zhujieling11/MikuMikuAR/frontend/[39mnode_modules/[4m@vitest/runner[24m/dist/chunk-artifact.js:2272:10[90m)[39m
    at [90mfile:///C:/Users/zhujieling11/MikuMikuAR/frontend/[39mnode_modules/[4m@vitest/runner[24m/dist/chunk-artifact.js:2955:64

 [32m✓[39m src/core/__tests__/drop-import.test.ts [2m([22m[2m13 tests[22m[2m)[22m[32m 15[2mms[22m[39m
[90mstderr[2m | src/__tests__/proc-motion-bridge.test.ts[2m > [22m[2mupdateProcMotion — 程序化动作保持生效[2m > [22m[2m不误停焦点模型上 vmdData 非空但 vmdPath 为 null 的程序化动作
[22m[39m[proc-motion] bones: []
[proc-motion] morphs: []

[90mstdout[2m | src/__tests__/scene/env-impl.test.ts[2m > [22m[2mgetGroundHeightAt — 倾斜 + 非均匀缩放[2m > [22m[2m地形路径：倾斜(rotX/rotZ)+非均匀缩放 下世界↔本地逆矩阵变换正确
[22m[39mBJS - [19:29:22]: Babylon.js v9.17.0 - Null engine

 [32m✓[39m src/__tests__/env-lighting.test.ts [2m([22m[2m22 tests[22m[2m)[22m[32m 24[2mms[22m[39m
[90mstderr[2m | src/__tests__/proc-motion-bridge.test.ts[2m > [22m[2mupdateProcMotion — 程序化动作保持生效[2m > [22m[2m焦点模型持有用户/场景 VMD（vmdPath 非空）时仍会优先于程序化动作
[22m[39m[proc-motion] bones: []
[proc-motion] morphs: []

[90mstdout[2m | src/__tests__/scene/env-impl.test.ts[2m > [22m[2mgetGroundHeightAt — 倾斜 + 非均匀缩放[2m > [22m[2m地形路径：非均匀缩放确实参与变换（uniform vs non-uniform 结果不同）
[22m[39mBJS - [19:29:22]: Babylon.js v9.17.0 - Null engine

[90mstdout[2m | src/__tests__/scene/env-impl.test.ts[2m > [22m[2mgetGroundHeightAt — 倾斜 + 非均匀缩放[2m > [22m[2m地形路径：getHeightAtCoordinates 返回非有限值时回退 groundLevel（isFinite 守卫）
[22m[39mBJS - [19:29:22]: Babylon.js v9.17.0 - Null engine

 [32m✓[39m src/core/ai/__tests__/markdown.test.ts [2m([22m[2m8 tests[22m[2m)[22m[32m 22[2mms[22m[39m
[90mstdout[2m | src/__tests__/scene/env-impl.test.ts[2m > [22m[2mgetGroundHeightAt — 平面倾斜（getTiltedPlaneHeight）[2m > [22m[2m无倾斜时退化为 groundLevel
[22m[39mBJS - [19:29:22]: Babylon.js v9.17.0 - Null engine

 [32m✓[39m src/__tests__/proc-motion-bridge.test.ts [2m([22m[2m68 tests[22m[2m)[22m[33m 8872[2mms[22m[39m
     [33m[2m✓[22m[39m returns false initially [33m 5271[2mms[22m[39m
[90mstdout[2m | src/__tests__/scene/env-impl.test.ts[2m > [22m[2mgetGroundHeightAt — 平面倾斜（getTiltedPlaneHeight）[2m > [22m[2mrotation.x=30° 时满足平面方程 height = L - tan(θ)·z
[22m[39mBJS - [19:29:22]: Babylon.js v9.17.0 - Null engine

 [32m✓[39m src/__tests__/scene/env-impl.test.ts [2m([22m[2m5 tests[22m[2m)[22m[32m 51[2mms[22m[39m
 [32m✓[39m src/__tests__/vmd-layers-dispose.test.ts [2m([22m[2m1 test[22m[2m)[22m[32m 25[2mms[22m[39m
 [32m✓[39m src/__tests__/ui-nav-item.test.ts [2m([22m[2m9 tests[22m[2m)[22m[32m 22[2mms[22m[39m
[90mstderr[2m | src/__tests__/scene/replace-model-inherit.test.ts[2m > [22m[2mapplyInheritedState[2m > [22m[2mboneLockBoneName 在新模型不存在时不调用 setOrbitBoneLock(true)
[22m[39m[adr-150] bone lock '消失的骨' not found on new model, lock cleared

 [32m✓[39m src/__tests__/scene/replace-model-inherit.test.ts [2m([22m[2m16 tests[22m[2m)[22m[32m 28[2mms[22m[39m
[90mstdout[2m | src/__tests__/perception/claim-bones.int.test.ts[2m > [22m[2mADR-163 claimBones[2m > [22m[2md) [doc:adr-166] 任意模型冲突均显示 banner（不限焦点）
[22m[39m[bone-override] _getOverrideMap 首次为模型创建覆盖索引 {"modelId":"m2","existingModels":["m2"]}

 [32m✓[39m src/__tests__/model-manager.bone-overlay.test.ts [2m([22m[2m14 tests[22m[2m)[22m[32m 23[2mms[22m[39m
[90mstderr[2m | src/__tests__/perception/claim-bones.int.test.ts[2m > [22m[2mADR-163 claimBones[2m > [22m[2md) [doc:adr-166] 任意模型冲突均显示 banner（不限焦点）
[22m[39m[adr-147] bone "頭" 被模块 "body-posture"(priority=1) 从 "perception.gaze.head"(priority=100) 抢占

[90mstdout[2m | src/__tests__/env-bridge/facade.int.test.ts[2m > [22m[2m_applyEnvStateFacade (via setEnvState)[2m > [22m[2mcalls only the relevant subsystems for changed keys
[22m[39m[env-persist] setEnvState() called: skyMode 

[90mstdout[2m | src/__tests__/env-bridge/facade.int.test.ts[2m > [22m[2m_applyEnvStateFacade (via setEnvState)[2m > [22m[2mcalls all subsystems when keys from all groups change
[22m[39m[env-persist] setEnvState() called: skyMode, groundType, groundStyle, fogEnabled 

[90mstdout[2m | src/__tests__/env-bridge/facade.int.test.ts[2m > [22m[2m_applyEnvStateFacade (via setEnvState)[2m > [22m[2mcreates water when waterEnabled is true
[22m[39m[env-persist] setEnvState() called: waterEnabled 

[90mstdout[2m | src/__tests__/env-bridge/facade.int.test.ts[2m > [22m[2m_applyEnvStateFacade (via setEnvState)[2m > [22m[2mdisposes water when waterEnabled is false
[22m[39m[env-persist] setEnvState() called: waterEnabled 

[90mstdout[2m | src/__tests__/env-bridge/facade.int.test.ts[2m > [22m[2m_applyEnvStateFacade (via setEnvState)[2m > [22m[2mcreates particles when enabled with valid type
[22m[39m[env-persist] setEnvState() called: particleEnabled, particleType 

[90mstdout[2m | src/__tests__/env-bridge/facade.int.test.ts[2m > [22m[2m_applyEnvStateFacade (via setEnvState)[2m > [22m[2mdisposes particles when particleType is none
[22m[39m[env-persist] setEnvState() called: particleEnabled 

[90mstdout[2m | src/__tests__/env-bridge/facade.int.test.ts[2m > [22m[2m_applyEnvStateFacade (via setEnvState)[2m > [22m[2mcreates clouds when cloudsEnabled is true
[22m[39m[env-persist] setEnvState() called: cloudsEnabled 

[90mstdout[2m | src/__tests__/env-bridge/facade.int.test.ts[2m > [22m[2m_applyEnvStateFacade (via setEnvState)[2m > [22m[2mdisposes clouds when cloudsEnabled is false
[22m[39m[env-persist] setEnvState() called: cloudsEnabled 

[90mstdout[2m | src/__tests__/env-bridge/facade.int.test.ts[2m > [22m[2m_applyEnvStateFacade (via setEnvState)[2m > [22m[2mupdates hemiLight intensity from getLightState()
[22m[39m[env-persist] setEnvState() called: skyMode 

[90mstdout[2m | src/__tests__/env-bridge/facade.int.test.ts[2m > [22m[2m_applyEnvStateFacade (via setEnvState)[2m > [22m[2msets hemiLight.diffuse from skyColorMid when present
[22m[39m[env-persist] setEnvState() called: skyMode 

[90mstdout[2m | src/__tests__/env-bridge/facade.int.test.ts[2m > [22m[2m_applyEnvStateFacade (via setEnvState)[2m > [22m[2mcomputes hemiLight.diffuse as average of top/bot when skyColorMid absent
[22m[39m[env-persist] setEnvState() called:  

[90mstdout[2m | src/__tests__/env-bridge/facade.int.test.ts[2m > [22m[2m_applyEnvStateFacade (via setEnvState)[2m > [22m[2msets hemiLight.groundColor from skyColorBot
[22m[39m[env-persist] setEnvState() called:  

[90mstdout[2m | src/__tests__/env-bridge/facade.int.test.ts[2m > [22m[2m_applyEnvStateFacade (via setEnvState)[2m > [22m[2msets scene.ambientColor based on envIntensity (capped at 0.5)
[22m[39m[env-persist] setEnvState() called:  

[90mstdout[2m | src/__tests__/env-bridge/facade.int.test.ts[2m > [22m[2mModule-level edge cases[2m > [22m[2msetEnvState catches errors in applySky
[22m[39m[env-persist] setEnvState() called: skyMode, groundColor 

 [32m✓[39m src/__tests__/env-bridge/facade.int.test.ts [2m([22m[2m14 tests[22m[2m)[22m[32m 27[2mms[22m[39m
[90mstderr[2m | src/core/__tests__/env-dispatcher.test.ts[2m > [22m[2menv-dispatcher: registerEnvCallback / dispatchEnvChange[2m > [22m[2mcallback error does not block other callbacks
[22m[39m[env-dispatcher] callback error: Error: boom
    at C:/Users/zhujieling11/MikuMikuAR/frontend/src/core/__tests__/env-dispatcher.test.ts:48:19
    at Mock [90m(file:///C:/Users/zhujieling11/MikuMikuAR/frontend/[39mnode_modules/[4m@vitest/spy[24m/dist/index.js:332:34[90m)[39m
    at dispatchEnvChange (C:/Users/zhujieling11/MikuMikuAR/frontend/src/scene/env/env-dispatcher.ts:43:13)
    at C:/Users/zhujieling11/MikuMikuAR/frontend/src/core/__tests__/env-dispatcher.test.ts:55:22
    at Proxy.assertThrows [90m(file:///C:/Users/zhujieling11/MikuMikuAR/frontend/[39mnode_modules/[4mchai[24m/index.js:2798:5[90m)[39m
    at Proxy.methodWrapper [90m(file:///C:/Users/zhujieling11/MikuMikuAR/frontend/[39mnode_modules/[4mchai[24m/index.js:1700:25[90m)[39m
    at Proxy.<anonymous> [90m(file:///C:/Users/zhujieling11/MikuMikuAR/frontend/[39mnode_modules/[4m@vitest/expect[24m/dist/index.js:1216:12[90m)[39m
    at Proxy.overwritingMethodWrapper [90m(file:///C:/Users/zhujieling11/MikuMikuAR/frontend/[39mnode_modules/[4mchai[24m/index.js:1750:33[90m)[39m
    at Proxy.<anonymous> [90m(file:///C:/Users/zhujieling11/MikuMikuAR/frontend/[39mnode_modules/[4m@vitest/expect[24m/dist/index.js:1552:16[90m)[39m
    at Proxy.<anonymous> [90m(file:///C:/Users/zhujieling11/MikuMikuAR/frontend/[39mnode_modules/[4m@vitest/expect[24m/dist/index.js:1156:15[90m)[39m

[90mstdout[2m | src/__tests__/perception/claim-bones.int.test.ts[2m > [22m[2mADR-163 claimBones[2m > [22m[2md) [doc:adr-166 P2-3] renderPerceptionConflictBanners 同屏并显焦点+pinned 冲突
[22m[39m[bone-override] _getOverrideMap 首次为模型创建覆盖索引 {"modelId":"m1","existingModels":["m1"]}
[bone-override] _getOverrideMap 首次为模型创建覆盖索引 {"modelId":"m2","existingModels":["m1","m2"]}

[90mstderr[2m | src/__tests__/perception/claim-bones.int.test.ts[2m > [22m[2mADR-163 claimBones[2m > [22m[2md) [doc:adr-166 P2-3] renderPerceptionConflictBanners 同屏并显焦点+pinned 冲突
[22m[39m[adr-147] bone "頭" 被模块 "body-posture"(priority=1) 从 "perception.gaze.head"(priority=100) 抢占
[adr-147] bone "首" 已被模块 "perception.gaze.head"(priority=92) 占用，模块 "perception.breath"(priority=93) 跳过该骨骼
[adr-147] bone "頭" 已被模块 "perception.gaze.head"(priority=92) 占用，模块 "perception.breath"(priority=93) 跳过该骨骼
[adr-147] bone "head" 已被模块 "perception.gaze.head"(priority=92) 占用，模块 "perception.breath"(priority=93) 跳过该骨骼
[adr-147] bone "Head" 已被模块 "perception.gaze.head"(priority=92) 占用，模块 "perception.breath"(priority=93) 跳过该骨骼
[adr-147] bone "上半身2" 已被模块 "perception.breath"(priority=93) 占用，模块 "perception.balance.upper"(priority=95) 跳过该骨骼
[perception] pin: 模型=m2
[adr-147] bone "頭" 被模块 "body-posture"(priority=1) 从 "perception.gaze.head"(priority=100) 抢占

 [32m✓[39m src/core/__tests__/env-dispatcher.test.ts [2m([22m[2m9 tests[22m[2m)[22m[32m 23[2mms[22m[39m
 [32m✓[39m src/__tests__/perception/claim-bones.int.test.ts [2m([22m[2m7 tests[22m[2m)[22m[33m 10208[2mms[22m[39m
     [33m[2m✓[22m[39m a) activatePerception 后感知层骨骼被正确认领 [33m 1674[2mms[22m[39m
     [33m[2m✓[22m[39m d) 冲突 banner 文本内容正确（仅焦点模型显示） [33m 8045[2mms[22m[39m
 [32m✓[39m src/__tests__/scene/performance-reflection.test.ts [2m([22m[2m8 tests[22m[2m)[22m[32m 34[2mms[22m[39m
[90mstderr[2m | src/__tests__/config.test.ts[2m > [22m[2mresolveLibraryRef[2m > [22m[2mrejects refs starting with "/"
[22m[39m[resolveLibraryRef] suspicious libraryRef rejected: "/etc/passwd"

[90mstderr[2m | src/__tests__/library-core.subdir-file.test.ts[2m > [22m[2mimportFile[2m > [22m[2mcatches loadManager error on pmx load
[22m[39m[library.loadingModel] Error: corrupt file
    at C:/Users/zhujieling11/MikuMikuAR/frontend/src/__tests__/library-core.subdir-file.test.ts:141:36
[90m    at processTicksAndRejections (node:internal/process/task_queues:104:5)[39m
    at [90mfile:///C:/Users/zhujieling11/MikuMikuAR/frontend/[39mnode_modules/[4m@vitest/runner[24m/dist/chunk-artifact.js:1903:20

[90mstderr[2m | src/__tests__/config.test.ts[2m > [22m[2mresolveLibraryRef[2m > [22m[2mrejects refs containing ".."
[22m[39m[resolveLibraryRef] suspicious libraryRef rejected: "../etc/passwd"

[90mstderr[2m | src/__tests__/library-core.subdir-file.test.ts[2m > [22m[2mimportFile[2m > [22m[2mcatches ImportZip error
[22m[39m[library.importingZip] Error: extraction failed
    at C:/Users/zhujieling11/MikuMikuAR/frontend/src/__tests__/library-core.subdir-file.test.ts:150:52
[90m    at processTicksAndRejections (node:internal/process/task_queues:104:5)[39m
    at [90mfile:///C:/Users/zhujieling11/MikuMikuAR/frontend/[39mnode_modules/[4m@vitest/runner[24m/dist/chunk-artifact.js:1903:20

 [32m✓[39m src/__tests__/library-core.build-level.test.ts [2m([22m[2m14 tests[22m[2m)[22m[32m 47[2mms[22m[39m
[90mstderr[2m | src/__tests__/config.test.ts[2m > [22m[2mresolveLibraryRef[2m > [22m[2mrejects external library refs (no longer supported)
[22m[39m[resolveLibraryRef] external library ref no longer supported: "ExtLib:chars/ami.pmx"

[90mstderr[2m | src/__tests__/config.test.ts[2m > [22m[2mresolveLibraryRef[2m > [22m[2mreturns null for unknown external source
[22m[39m[resolveLibraryRef] external library ref no longer supported: "Unknown:file.pmx"

[90mstderr[2m | src/__tests__/config.test.ts[2m > [22m[2mresolveLibraryRef[2m > [22m[2mrejects main ref with path traversal
[22m[39m[resolveLibraryRef] suspicious libraryRef rejected: "../../etc/passwd"

 [32m✓[39m src/__tests__/library-core.subdir-file.test.ts [2m([22m[2m20 tests[22m[2m)[22m[32m 72[2mms[22m[39m
 [32m✓[39m src/__tests__/config.test.ts [2m([22m[2m49 tests[22m[2m)[22m[32m 22[2mms[22m[39m
 [32m✓[39m src/core/__tests__/action-registry.test.ts [2m([22m[2m14 tests[22m[2m)[22m[32m 21[2mms[22m[39m
 [32m✓[39m src/__tests__/library-session-store.test.ts [2m([22m[2m12 tests[22m[2m)[22m[32m 21[2mms[22m[39m
 [32m✓[39m src/__tests__/lipsync-bridge.test.ts [2m([22m[2m27 tests[22m[2m)[22m[32m 21[2mms[22m[39m
[90mstderr[2m | src/__tests__/scene/env-reflection.test.ts[2m > [22m[2mADR-151 P3: AR 模式联动反射挂起（纯派生覆盖）[2m > [22m[2m挂起后 resolveReflectionMode 派生为 none，地面/水面倒影关闭
[22m[39m[env-reflection] setReflectionARSuspended: applyReflection 跳过（scene 未就绪）: Error: [env-context] Scene not initialized
    at getScene (C:/Users/zhujieling11/MikuMikuAR/frontend/src/scene/env/env-context.ts:26:15)
    at applyReflection (C:/Users/zhujieling11/MikuMikuAR/frontend/src/scene/env/env-reflection.ts:411:19)
    at setReflectionARSuspended (C:/Users/zhujieling11/MikuMikuAR/frontend/src/scene/env/env-reflection.ts:158:9)
    at C:/Users/zhujieling11/MikuMikuAR/frontend/src/__tests__/scene/env-reflection.test.ts:68:9
    at [90mfile:///C:/Users/zhujieling11/MikuMikuAR/frontend/[39mnode_modules/[4m@vitest/runner[24m/dist/chunk-artifact.js:302:11
    at [90mfile:///C:/Users/zhujieling11/MikuMikuAR/frontend/[39mnode_modules/[4m@vitest/runner[24m/dist/chunk-artifact.js:1903:26
    at [90mfile:///C:/Users/zhujieling11/MikuMikuAR/frontend/[39mnode_modules/[4m@vitest/runner[24m/dist/chunk-artifact.js:2326:20
    at new Promise (<anonymous>)
    at runWithCancel [90m(file:///C:/Users/zhujieling11/MikuMikuAR/frontend/[39mnode_modules/[4m@vitest/runner[24m/dist/chunk-artifact.js:2323:10[90m)[39m
    at [90mfile:///C:/Users/zhujieling11/MikuMikuAR/frontend/[39mnode_modules/[4m@vitest/runner[24m/dist/chunk-artifact.js:2305:20

[90mstderr[2m | src/__tests__/scene/env-reflection.test.ts[2m > [22m[2mADR-151 P3: AR 模式联动反射挂起（纯派生覆盖）[2m > [22m[2m恢复后回到用户 reflectionMode（不改写用户值）
[22m[39m[env-reflection] setReflectionARSuspended: applyReflection 跳过（scene 未就绪）: Error: [env-context] Scene not initialized
    at getScene (C:/Users/zhujieling11/MikuMikuAR/frontend/src/scene/env/env-context.ts:26:15)
    at applyReflection (C:/Users/zhujieling11/MikuMikuAR/frontend/src/scene/env/env-reflection.ts:411:19)
    at setReflectionARSuspended (C:/Users/zhujieling11/MikuMikuAR/frontend/src/scene/env/env-reflection.ts:158:9)
    at C:/Users/zhujieling11/MikuMikuAR/frontend/src/__tests__/scene/env-reflection.test.ts:64:9
    at [90mfile:///C:/Users/zhujieling11/MikuMikuAR/frontend/[39mnode_modules/[4m@vitest/runner[24m/dist/chunk-artifact.js:302:11
    at wrapper [90m(file:///C:/Users/zhujieling11/MikuMikuAR/frontend/[39mnode_modules/[4m@vitest/runner[24m/dist/chunk-artifact.js:722:10[90m)[39m
    at [90mfile:///C:/Users/zhujieling11/MikuMikuAR/frontend/[39mnode_modules/[4m@vitest/runner[24m/dist/chunk-artifact.js:2305:20
    at new Promise (<anonymous>)
    at runWithTimeout [90m(file:///C:/Users/zhujieling11/MikuMikuAR/frontend/[39mnode_modules/[4m@vitest/runner[24m/dist/chunk-artifact.js:2272:10[90m)[39m
    at [90mfile:///C:/Users/zhujieling11/MikuMikuAR/frontend/[39mnode_modules/[4m@vitest/runner[24m/dist/chunk-artifact.js:2621:52

[90mstderr[2m | src/__tests__/scene/env-reflection.test.ts[2m > [22m[2mADR-151 P3: AR 模式联动反射挂起（纯派生覆盖）[2m > [22m[2m恢复后回到用户 reflectionMode（不改写用户值）
[22m[39m[env-reflection] setReflectionARSuspended: applyReflection 跳过（scene 未就绪）: Error: [env-context] Scene not initialized
    at getScene (C:/Users/zhujieling11/MikuMikuAR/frontend/src/scene/env/env-context.ts:26:15)
    at applyReflection (C:/Users/zhujieling11/MikuMikuAR/frontend/src/scene/env/env-reflection.ts:411:19)
    at setReflectionARSuspended (C:/Users/zhujieling11/MikuMikuAR/frontend/src/scene/env/env-reflection.ts:158:9)
    at C:/Users/zhujieling11/MikuMikuAR/frontend/src/__tests__/scene/env-reflection.test.ts:74:9
    at [90mfile:///C:/Users/zhujieling11/MikuMikuAR/frontend/[39mnode_modules/[4m@vitest/runner[24m/dist/chunk-artifact.js:302:11
    at [90mfile:///C:/Users/zhujieling11/MikuMikuAR/frontend/[39mnode_modules/[4m@vitest/runner[24m/dist/chunk-artifact.js:1903:26
    at [90mfile:///C:/Users/zhujieling11/MikuMikuAR/frontend/[39mnode_modules/[4m@vitest/runner[24m/dist/chunk-artifact.js:2326:20
    at new Promise (<anonymous>)
    at runWithCancel [90m(file:///C:/Users/zhujieling11/MikuMikuAR/frontend/[39mnode_modules/[4m@vitest/runner[24m/dist/chunk-artifact.js:2323:10[90m)[39m
    at [90mfile:///C:/Users/zhujieling11/MikuMikuAR/frontend/[39mnode_modules/[4m@vitest/runner[24m/dist/chunk-artifact.js:2305:20
[env-reflection] setReflectionARSuspended: applyReflection 跳过（scene 未就绪）: Error: [env-context] Scene not initialized
    at getScene (C:/Users/zhujieling11/MikuMikuAR/frontend/src/scene/env/env-context.ts:26:15)
    at applyReflection (C:/Users/zhujieling11/MikuMikuAR/frontend/src/scene/env/env-reflection.ts:411:19)
    at setReflectionARSuspended (C:/Users/zhujieling11/MikuMikuAR/frontend/src/scene/env/env-reflection.ts:158:9)
    at C:/Users/zhujieling11/MikuMikuAR/frontend/src/__tests__/scene/env-reflection.test.ts:75:9
    at [90mfile:///C:/Users/zhujieling11/MikuMikuAR/frontend/[39mnode_modules/[4m@vitest/runner[24m/dist/chunk-artifact.js:302:11
    at [90mfile:///C:/Users/zhujieling11/MikuMikuAR/frontend/[39mnode_modules/[4m@vitest/runner[24m/dist/chunk-artifact.js:1903:26
    at [90mfile:///C:/Users/zhujieling11/MikuMikuAR/frontend/[39mnode_modules/[4m@vitest/runner[24m/dist/chunk-artifact.js:2326:20
    at new Promise (<anonymous>)
    at runWithCancel [90m(file:///C:/Users/zhujieling11/MikuMikuAR/frontend/[39mnode_modules/[4m@vitest/runner[24m/dist/chunk-artifact.js:2323:10[90m)[39m
    at [90mfile:///C:/Users/zhujieling11/MikuMikuAR/frontend/[39mnode_modules/[4m@vitest/runner[24m/dist/chunk-artifact.js:2305:20

[90mstderr[2m | src/__tests__/scene/env-reflection.test.ts[2m > [22m[2mADR-151 P3: AR 模式联动反射挂起（纯派生覆盖）[2m > [22m[2m重复设置同一状态为空操作（不抛错）
[22m[39m[env-reflection] setReflectionARSuspended: applyReflection 跳过（scene 未就绪）: Error: [env-context] Scene not initialized
    at getScene (C:/Users/zhujieling11/MikuMikuAR/frontend/src/scene/env/env-context.ts:26:15)
    at applyReflection (C:/Users/zhujieling11/MikuMikuAR/frontend/src/scene/env/env-reflection.ts:411:19)
    at setReflectionARSuspended (C:/Users/zhujieling11/MikuMikuAR/frontend/src/scene/env/env-reflection.ts:158:9)
    at C:/Users/zhujieling11/MikuMikuAR/frontend/src/__tests__/scene/env-reflection.test.ts:85:9
    at [90mfile:///C:/Users/zhujieling11/MikuMikuAR/frontend/[39mnode_modules/[4m@vitest/runner[24m/dist/chunk-artifact.js:302:11
    at [90mfile:///C:/Users/zhujieling11/MikuMikuAR/frontend/[39mnode_modules/[4m@vitest/runner[24m/dist/chunk-artifact.js:1903:26
    at [90mfile:///C:/Users/zhujieling11/MikuMikuAR/frontend/[39mnode_modules/[4m@vitest/runner[24m/dist/chunk-artifact.js:2326:20
    at new Promise (<anonymous>)
    at runWithCancel [90m(file:///C:/Users/zhujieling11/MikuMikuAR/frontend/[39mnode_modules/[4m@vitest/runner[24m/dist/chunk-artifact.js:2323:10[90m)[39m
    at [90mfile:///C:/Users/zhujieling11/MikuMikuAR/frontend/[39mnode_modules/[4m@vitest/runner[24m/dist/chunk-artifact.js:2305:20

 [32m✓[39m src/__tests__/scene/env-reflection.test.ts [2m([22m[2m7 tests[22m[2m)[22m[32m 20[2mms[22m[39m
[90mstdout[2m | src/__tests__/scene/performance-snapshot.test.ts[2m > [22m[2m性能快照恢复（_restoreSnapshot 收口路径）[2m > [22m[2m降级建立快照后，恢复用原始 light/render 值回写并归零 level
[22m[39m[19:29:24.054] [Performance] renderScale mul → 0.7
[19:29:24.057] [Performance] Level 2: 中度降级
[19:29:24.057] [Performance] Mode set to: performance

[90mstdout[2m | src/__tests__/scene/performance-snapshot.test.ts[2m > [22m[2m性能快照恢复（_restoreSnapshot 收口路径）[2m > [22m[2m恢复时环境快照非空 → 桥接 setEnvStateForPerformance 且成对切换降级标志
[22m[39m[19:29:24.062] [Performance] renderScale mul → 0.7
[19:29:24.062] [Performance] Level 2: 中度降级
[19:29:24.062] [Performance] Mode set to: performance

[90mstdout[2m | src/__tests__/scene/performance-snapshot.test.ts[2m > [22m[2m性能快照恢复（_restoreSnapshot 收口路径）[2m > [22m[2m回写 light 时抑制标志为 true（防反馈循环）
[22m[39m[19:29:24.063] [Performance] renderScale mul → 0.7
[19:29:24.064] [Performance] Level 2: 中度降级
[19:29:24.064] [Performance] Mode set to: performance

 [32m✓[39m src/__tests__/scene/performance-snapshot.test.ts [2m([22m[2m4 tests[22m[2m)[22m[32m 16[2mms[22m[39m
 [32m✓[39m src/core/__tests__/config-store.test.ts [2m([22m[2m9 tests[22m[2m)[22m[32m 19[2mms[22m[39m
 [32m✓[39m src/__tests__/wind-physics-state.test.ts [2m([22m[2m17 tests[22m[2m)[22m[32m 20[2mms[22m[39m
 [32m✓[39m src/__tests__/env-state.test.ts [2m([22m[2m16 tests[22m[2m)[22m[32m 17[2mms[22m[39m
 [32m✓[39m src/__tests__/model-manager.physics.test.ts [2m([22m[2m14 tests[22m[2m)[22m[32m 19[2mms[22m[39m
 [32m✓[39m src/__tests__/model-manager.transform.test.ts [2m([22m[2m16 tests[22m[2m)[22m[32m 23[2mms[22m[39m
 [32m✓[39m src/__tests__/physics-bridge.test.ts [2m([22m[2m9 tests[22m[2m)[22m[32m 14[2mms[22m[39m
[90mstdout[2m | src/core/__tests__/runtime-bridge.test.ts[2m > [22m[2mruntime-bridge — 桌面事件桥接[2m > [22m[2minitRuntimeBridge() 后 events.on 命中真实 Wails Events.On（非 no-op）
[22m[39m[runtime-bridge] initRuntimeBridge: isWebPlatform=false bridge=Wails window.wails=object

[90mstdout[2m | src/core/__tests__/runtime-bridge.test.ts[2m > [22m[2mruntime-bridge — 桌面事件桥接[2m > [22m[2minitRuntimeBridge() 后 events.on 命中真实 Wails Events.On（非 no-op）
[22m[39m[runtime-bridge] WailsRuntimeBridge.init() 完成，events 已绑定真实 @wailsio/runtime

 [32m✓[39m src/core/__tests__/runtime-bridge.test.ts [2m([22m[2m2 tests[22m[2m)[22m[32m 18[2mms[22m[39m
[90mstderr[2m | src/__tests__/mmd-adapter.contract.test.ts[2m > [22m[2mMmdAdapter — babylon-mmd 私有字段网关（ADR-192）[2m > [22m[2mapplyForceToModelRigidBodies（条目 — ADR-200 守卫式反射施力）[2m > [22m[2m_physicsModel 缺失时返回 0（降级，不抛异常）
[22m[39m[mmd-adapter] MmdWasmModel._physicsModel._bundle 缺失（可能已被 babylon-mmd 重命名，或模型未构建物理）。风力将不作用于模型原生刚体。检查 babylon-mmd 版本兼容性

[90mstderr[2m | src/__tests__/mmd-adapter.contract.test.ts[2m > [22m[2mMmdAdapter — babylon-mmd 私有字段网关（ADR-192）[2m > [22m[2mgetStreamAudio[2m > [22m[2maudio 缺失时返回 null（降级）
[22m[39m[mmd-adapter] StreamAudioPlayer.audio 缺失（postinstall patch 未生效或上游移除）。音频 WebAudio 处理（fade/beat/ended）将降级。检查 apply-vendored-wasm.mjs 与 babylon-mmd 版本兼容性

 [32m✓[39m src/__tests__/mmd-adapter.contract.test.ts [2m([22m[2m16 tests[22m[2m)[22m[32m 18[2mms[22m[39m
 [32m✓[39m src/__tests__/beat-detector.test.ts [2m([22m[2m35 tests[22m[2m)[22m[32m 18[2mms[22m[39m
 [32m✓[39m src/core/__tests__/param-adapters.test.ts [2m([22m[2m27 tests[22m[2m)[22m[32m 16[2mms[22m[39m
 [32m✓[39m src/core/__tests__/dialogue-speech.test.ts [2m([22m[2m10 tests[22m[2m)[22m[32m 13[2mms[22m[39m
 [32m✓[39m src/__tests__/orbit.test.ts [2m([22m[2m14 tests[22m[2m)[22m[32m 13[2mms[22m[39m
 [32m✓[39m src/__tests__/dom.test.ts [2m([22m[2m6 tests[22m[2m)[22m[32m 17[2mms[22m[39m
 [32m✓[39m src/__tests__/model-manager.focus.test.ts [2m([22m[2m14 tests[22m[2m)[22m[32m 19[2mms[22m[39m
 [32m✓[39m src/__tests__/scene/motion-intent-replace-default.test.ts [2m([22m[2m6 tests[22m[2m)[22m[32m 13[2mms[22m[39m
 [32m✓[39m src/__tests__/model-manager.physics-categories.test.ts [2m([22m[2m12 tests[22m[2m)[22m[32m 23[2mms[22m[39m
 [32m✓[39m src/__tests__/scene-model.test.ts [2m([22m[2m14 tests[22m[2m)[22m[32m 17[2mms[22m[39m
 [32m✓[39m src/__tests__/scene/texture-lru.test.ts [2m([22m[2m9 tests[22m[2m)[22m[32m 12[2mms[22m[39m
 [32m✓[39m src/core/__tests__/safe-call.test.ts [2m([22m[2m5 tests[22m[2m)[22m[32m 13[2mms[22m[39m
 [32m✓[39m src/__tests__/bindings/app.functions.contract.test.ts [2m([22m[2m46 tests[22m[2m)[22m[32m 14[2mms[22m[39m
 [32m✓[39m src/core/__tests__/character-bible.test.ts [2m([22m[2m13 tests[22m[2m)[22m[32m 13[2mms[22m[39m
 [32m✓[39m src/core/ai/__tests__/chat-store.test.ts [2m([22m[2m11 tests[22m[2m)[22m[32m 13[2mms[22m[39m
 [32m✓[39m src/core/__tests__/observer-handle.test.ts [2m([22m[2m10 tests[22m[2m)[22m[32m 13[2mms[22m[39m
 [32m✓[39m src/__tests__/lipsync.test.ts [2m([22m[2m30 tests[22m[2m)[22m[32m 13[2mms[22m[39m
 [32m✓[39m src/__tests__/model-manager.constructor.test.ts [2m([22m[2m8 tests[22m[2m)[22m[32m 12[2mms[22m[39m
 [32m✓[39m src/__tests__/model-manager.vmd-morph.test.ts [2m([22m[2m10 tests[22m[2m)[22m[32m 16[2mms[22m[39m
 [32m✓[39m src/core/__tests__/preset-meta.test.ts [2m([22m[2m5 tests[22m[2m)[22m[32m 11[2mms[22m[39m
 [32m✓[39m src/core/__tests__/mmar-globals.test.ts [2m([22m[2m6 tests[22m[2m)[22m[32m 12[2mms[22m[39m
[90mstderr[2m | src/__tests__/scene/motion-pipeline.test.ts[2m > [22m[2mMotionPipeline (ADR-147 Phase 1)[2m > [22m[2m单 layer 抛错不中断后续层（异常隔离，ADR-147 审核 P3）
[22m[39m[MotionPipeline] layer "boom" run 抛错，已跳过：Error: layer failed

 [32m✓[39m src/__tests__/scene/motion-pipeline.test.ts [2m([22m[2m5 tests[22m[2m)[22m[32m 12[2mms[22m[39m
 [32m✓[39m src/__tests__/prune-history.test.ts [2m([22m[2m7 tests[22m[2m)[22m[32m 9[2mms[22m[39m
[90mstderr[2m | src/__tests__/goerr.test.ts[2m > [22m[2mtranslateGoError [doc:adr-117][2m > [22m[2mfalls back to embedded Chinese msg when code is unknown
[22m[39m[i18n] missing key "goerr.software.totallyUnknown" for "en" — key not in any bundle (typo?)

 [32m✓[39m src/__tests__/goerr.test.ts [2m([22m[2m6 tests[22m[2m)[22m[32m 11[2mms[22m[39m
 [32m✓[39m src/core/__tests__/action-executor.test.ts [2m([22m[2m6 tests[22m[2m)[22m[32m 12[2mms[22m[39m
 [32m✓[39m src/__tests__/scene/motion-modules-timed.test.ts [2m([22m[2m2 tests[22m[2m)[22m[32m 11[2mms[22m[39m
 [32m✓[39m src/__tests__/color-helpers.test.ts [2m([22m[2m13 tests[22m[2m)[22m[32m 11[2mms[22m[39m
 [32m✓[39m src/core/__tests__/logger.test.ts [2m([22m[2m6 tests[22m[2m)[22m[32m 11[2mms[22m[39m
 [32m✓[39m src/__tests__/scene/bone-override.test.ts [2m([22m[2m13 tests[22m[2m)[22m[32m 11[2mms[22m[39m
 [32m✓[39m src/__tests__/ground-collision.test.ts [2m([22m[2m6 tests[22m[2m)[22m[32m 13[2mms[22m[39m
 [32m✓[39m src/__tests__/settings-diagnostic.test.ts [2m([22m[2m10 tests[22m[2m)[22m[32m 8[2mms[22m[39m
 [32m✓[39m src/__tests__/wasm-layers-blender.test.ts [2m([22m[2m8 tests[22m[2m)[22m[32m 10[2mms[22m[39m
 [32m✓[39m src/core/__tests__/scene-snapshot.test.ts [2m([22m[2m6 tests[22m[2m)[22m[32m 8[2mms[22m[39m
 [32m✓[39m src/__tests__/scene/stable-identity-material-roundtrip.test.ts [2m([22m[2m3 tests[22m[2m)[22m[32m 10[2mms[22m[39m
 [32m✓[39m src/__tests__/sw-register.test.ts [2m([22m[2m3 tests[22m[2m)[22m[32m 8[2mms[22m[39m
 [32m✓[39m src/__tests__/thumbnail-key.contract.test.ts [2m([22m[2m16 tests[22m[2m)[22m[32m 9[2mms[22m[39m
 [32m✓[39m src/__tests__/mmd-adapter.native.test.ts [2m([22m[2m4 tests[22m[2m)[22m[32m 11[2mms[22m[39m
 [32m✓[39m src/__tests__/feet-adjustment.test.ts [2m([22m[2m10 tests[22m[2m)[22m[32m 8[2mms[22m[39m
 [32m✓[39m src/__tests__/vmd-loader-race.test.ts [2m([22m[2m8 tests[22m[2m)[22m[32m 9[2mms[22m[39m
 [32m✓[39m src/__tests__/scene-stage.test.ts [2m([22m[2m3 tests[22m[2m)[22m[32m 26[2mms[22m[39m
 [32m✓[39m src/__tests__/vendored-patch.test.ts [2m([22m[2m3 tests[22m[2m)[22m[32m 8[2mms[22m[39m
 [32m✓[39m src/__tests__/scene/resolve-model-id.test.ts [2m([22m[2m5 tests[22m[2m)[22m[32m 8[2mms[22m[39m
 [32m✓[39m src/__tests__/browse-dir.test.ts [2m([22m[2m5 tests[22m[2m)[22m[32m 8[2mms[22m[39m
[90mstderr[2m | src/__tests__/model-preset.test.ts[2m > [22m[2mapplyModelPreset[2m > [22m[2mskips materialOverrides when applying across different models
[22m[39m[model-preset] applyModelPreset: 跨模型应用，已跳过 materialOverrides/materialEnabled（matIndex 不通用） {
  presetModel: [32m'D:/different/model.pmx'[39m,
  currentModel: [32m'D:/models/test.pmx'[39m
}

 [32m✓[39m src/__tests__/model-preset.test.ts [2m([22m[2m21 tests[22m[2m)[22m[32m 35[2mms[22m[39m
 [32m✓[39m src/__tests__/scene/motion-math.test.ts [2m([22m[2m9 tests[22m[2m)[22m[32m 8[2mms[22m[39m
 [32m✓[39m src/core/__tests__/dispose-helpers.test.ts [2m([22m[2m5 tests[22m[2m)[22m[32m 7[2mms[22m[39m
 [32m✓[39m src/__tests__/env-bridge/gravity-sun.int.test.ts [2m([22m[2m9 tests[22m[2m)[22m[32m 9[2mms[22m[39m
 [32m✓[39m src/__tests__/footstep-detect.test.ts [2m([22m[2m7 tests[22m[2m)[22m[32m 6[2mms[22m[39m
 [32m✓[39m src/scene/render/transform-gizmo.test.ts [2m([22m[2m8 tests[22m[2m)[22m[32m 7[2mms[22m[39m
 [32m✓[39m src/__tests__/wind-physics.test.ts [2m([22m[2m1 test[22m[2m)[22m[32m 7[2mms[22m[39m
 [32m✓[39m src/scene/transform/transform-adapter.test.ts [2m([22m[2m4 tests[22m[2m)[22m[32m 9[2mms[22m[39m
 [32m✓[39m src/__tests__/library-thumbnail-streaming.test.ts [2m([22m[2m5 tests[22m[2m)[22m[32m 21[2mms[22m[39m
 [32m✓[39m src/__tests__/library-core.resource-items.test.ts [2m([22m[2m25 tests[22m[2m)[22m[32m 10[2mms[22m[39m
 [32m✓[39m src/__tests__/library-core.path-boundary.test.ts [2m([22m[2m14 tests[22m[2m)[22m[32m 6[2mms[22m[39m
[90mstderr[2m | src/__tests__/scene/bone-override-store.test.ts[2m > [22m[2mBoneOverrideStore (ADR-147 Phase 2)[2m > [22m[2mclaimBones 高优先级抢占低优先级：清落败方 slot + 记录冲突
[22m[39m[adr-147] bone "上半身" 被模块 "B"(priority=1) 从 "A"(priority=2) 抢占

[90mstderr[2m | src/__tests__/scene/bone-override-store.test.ts[2m > [22m[2mBoneOverrideStore (ADR-147 Phase 2)[2m > [22m[2mclaimBones 低优先级落败：跳过且不抢占（返回 claimed 为空，但记本模块视角冲突）
[22m[39m[adr-147] bone "上半身" 已被模块 "A"(priority=1) 占用，模块 "B"(priority=2) 跳过该骨骼

[90mstderr[2m | src/__tests__/scene/bone-override-store.test.ts[2m > [22m[2mBoneOverrideStore (ADR-147 Phase 2)[2m > [22m[2mM4 冲突双视角：抢占方记 loser=原主，落败方记 loser=本模块
[22m[39m[adr-147] bone "上半身" 被模块 "B"(priority=1) 从 "A"(priority=2) 抢占
[adr-147] bone "上半身" 已被模块 "A"(priority=1) 占用，模块 "B"(priority=2) 跳过该骨骼

[90mstderr[2m | src/__tests__/scene/bone-override-store.test.ts[2m > [22m[2mBoneOverrideStore (ADR-147 Phase 2)[2m > [22m[2mM5 releaseBones 清本模块作为 loser 的冲突卡片（避免幽灵冲突累积）
[22m[39m[adr-147] bone "上半身" 已被模块 "A"(priority=1) 占用，模块 "B"(priority=2) 跳过该骨骼

[90mstderr[2m | src/__tests__/scene/bone-override-store.test.ts[2m > [22m[2mBoneOverrideStore (ADR-147 Phase 2)[2m > [22m[2mM6 setSlot/clearSlot 所有权守卫：拒绝越权写/清他人 slot
[22m[39m[adr-147] setSlot 越权：B 写 bone="上半身" 但已被 A 认领，已忽略
[adr-147] clearSlot 越权：B 清 bone="上半身" 但 slot 归属 A，已忽略

[90mstderr[2m | src/__tests__/scene/bone-override-store.test.ts[2m > [22m[2mBoneOverrideStore (ADR-147 Phase 2)[2m > [22m[2mM8 BoneConflict.stage 由 stageOf 注入填充（满足 §九 验收 3）
[22m[39m[adr-147] bone "上半身" 被模块 "B"(priority=1) 从 "A"(priority=2) 抢占

[90mstderr[2m | src/__tests__/scene/bone-override-store.test.ts[2m > [22m[2mBoneOverrideStore (ADR-147 Phase 2)[2m > [22m[2mM9 priority=0 为合法最高优先级（不被哨兵忽略）
[22m[39m[adr-147] bone "上半身" 被模块 "B"(priority=0) 从 "A"(priority=5) 抢占

 [32m✓[39m src/__tests__/scene/bone-override-store.test.ts [2m([22m[2m12 tests[22m[2m)[22m[32m 11[2mms[22m[39m
 [32m✓[39m src/__tests__/scene/scene-serialize-undo.test.ts [2m([22m[2m6 tests[22m[2m)[22m[32m 6[2mms[22m[39m
 [32m✓[39m src/__tests__/scene/env-clouds.test.ts [2m([22m[2m7 tests[22m[2m)[22m[32m 10[2mms[22m[39m
 [32m✓[39m src/__tests__/material-editor.state.test.ts [2m([22m[2m17 tests[22m[2m)[22m[32m 16[2mms[22m[39m
 [32m✓[39m src/__tests__/material-editor.apply-all.test.ts [2m([22m[2m10 tests[22m[2m)[22m[32m 8[2mms[22m[39m
 [32m✓[39m src/__tests__/library-core.model-to-row.test.ts [2m([22m[2m16 tests[22m[2m)[22m[32m 6[2mms[22m[39m
 [32m✓[39m src/__tests__/material-editor.p1p2.test.ts [2m([22m[2m11 tests[22m[2m)[22m[32m 7[2mms[22m[39m
 [32m✓[39m src/__tests__/library-core.model-to-resource.test.ts [2m([22m[2m10 tests[22m[2m)[22m[32m 5[2mms[22m[39m
 [32m✓[39m src/__tests__/material-editor.cat-of.test.ts [2m([22m[2m12 tests[22m[2m)[22m[32m 4[2mms[22m[39m
 [32m✓[39m src/__tests__/plaza.contract.test.ts [2m([22m[2m8 tests[22m[2m)[22m[32m 4[2mms[22m[39m

[2m Test Files [22m [1m[32m162 passed[39m[22m[90m (162)[39m
[2m      Tests [22m [1m[32m2429 passed[39m[22m[90m (2429)[39m
[2m   Start at [22m 19:29:10
[2m   Duration [22m 22.34s[2m (transform 42.37s, setup 7.61s, import 183.39s, tests 46.59s, environment 147.17s)[22m

