
[1m[30m[46m RUN [49m[39m[22m [36mv4.1.9 [39m[90mC:/Users/zhujieling11/MikuMikuAR/frontend[39m

stderr | src/__tests__/env-feature-levels.contract.test.ts > env-feature-levels 瀵煎嚭濂戠害 > 8 涓?build*Level 鍑芥暟瀛樺湪鎬?[2m > buildSkyLevel 杩斿洖 PopupLevel 褰㈢姸
[i18n] key "env.sky" not found in zh-CN base bundle 鈥?possible typo

stderr | src/__tests__/env-feature-levels.contract.test.ts > env-feature-levels 瀵煎嚭濂戠害 > 8 涓?build*Level 鍑芥暟瀛樺湪鎬?[2m > buildGroundLevel 杩斿洖 PopupLevel 褰㈢姸
[i18n] key "env.ground" not found in zh-CN base bundle 鈥?possible typo

stderr | src/__tests__/env-feature-levels.contract.test.ts > env-feature-levels 瀵煎嚭濂戠害 > 8 涓?build*Level 鍑芥暟瀛樺湪鎬?[2m > buildWaterLevel 杩斿洖 PopupLevel 褰㈢姸
[i18n] key "env.water" not found in zh-CN base bundle 鈥?possible typo

stderr | src/__tests__/env-feature-levels.contract.test.ts > env-feature-levels 瀵煎嚭濂戠害 > 8 涓?build*Level 鍑芥暟瀛樺湪鎬?[2m > buildWindLevel 杩斿洖 PopupLevel 褰㈢姸
[i18n] key "env.wind" not found in zh-CN base bundle 鈥?possible typo

stderr | src/__tests__/env-feature-levels.contract.test.ts > env-feature-levels 瀵煎嚭濂戠害 > 8 涓?build*Level 鍑芥暟瀛樺湪鎬?[2m > buildCloudLevel 杩斿洖 PopupLevel 褰㈢姸
[i18n] key "env.cloud" not found in zh-CN base bundle 鈥?possible typo

stderr | src/__tests__/env-feature-levels.contract.test.ts > env-feature-levels 瀵煎嚭濂戠害 > 8 涓?build*Level 鍑芥暟瀛樺湪鎬?[2m > buildFogLevel 杩斿洖 PopupLevel 褰㈢姸
[i18n] key "env.fog" not found in zh-CN base bundle 鈥?possible typo

stderr | src/__tests__/env-feature-levels.contract.test.ts > env-feature-levels 瀵煎嚭濂戠害 > 8 涓?build*Level 鍑芥暟瀛樺湪鎬?[2m > buildShadowLevel 杩斿洖 PopupLevel 褰㈢姸
[i18n] key "env.shadow" not found in zh-CN base bundle 鈥?possible typo

stderr | src/__tests__/env-feature-levels.contract.test.ts > env-feature-levels 瀵煎嚭濂戠害 > 8 涓?build*Level 鍑芥暟瀛樺湪鎬?[2m > buildExperimentalLevel 杩斿洖 PopupLevel 褰㈢姸
[i18n] key "env.experimental" not found in zh-CN base bundle 鈥?possible typo

stderr | src/__tests__/procedural-motion.test.ts
[procedural-motion] 鏈壘鍒颁换浣曡〃鎯?morph锛岃烦杩囨儏缁疆

stderr | src/__tests__/procedural-motion.test.ts > generateAutoDanceVmd > higher BPM produces shorter loop
[procedural-motion] 鏈壘鍒颁换浣曡〃鎯?morph锛岃烦杩囨儏缁疆
[procedural-motion] 鏈壘鍒颁换浣曡〃鎯?morph锛岃烦杩囨儏缁疆

stderr | src/__tests__/procedural-motion.test.ts > generateAutoDanceVmd > clamps BPM below 60
[procedural-motion] 鏈壘鍒颁换浣曡〃鎯?morph锛岃烦杩囨儏缁疆
[procedural-motion] 鏈壘鍒颁换浣曡〃鎯?morph锛岃烦杩囨儏缁疆

stderr | src/__tests__/procedural-motion.test.ts > generateAutoDanceVmd > clamps BPM above 200
[procedural-motion] 鏈壘鍒颁换浣曡〃鎯?morph锛岃烦杩囨儏缁疆
[procedural-motion] 鏈壘鍒颁换浣曡〃鎯?morph锛岃烦杩囨儏缁疆

stderr | src/__tests__/procedural-motion.test.ts > generateAutoDanceVmd > intensity=0 produces minimal motion
[procedural-motion] 鏈壘鍒颁换浣曡〃鎯?morph锛岃烦杩囨儏缁疆
[procedural-motion] 鏈壘鍒颁换浣曡〃鎯?morph锛岃烦杩囨儏缁疆

stderr | src/__tests__/procedural-motion.test.ts > generateAutoDanceVmd > works with groove bone
[procedural-motion] 鏈壘鍒颁换浣曡〃鎯?morph锛岃烦杩囨儏缁疆

stderr | src/__tests__/procedural-motion.test.ts > generateAutoDanceVmd > works with leg IK bones
[procedural-motion] 鏈壘鍒颁换浣曡〃鎯?morph锛岃烦杩囨儏缁疆

stderr | src/__tests__/procedural-motion.test.ts > generateAutoDanceVmd > works with no bones at all
[procedural-motion] 鏈壘鍒颁换浣曡〃鎯?morph锛岃烦杩囨儏缁疆

stderr | src/__tests__/procedural-motion.test.ts > generateAutoDanceVmd > speed=0.1 (minimum) produces longer loop than speed=10
[procedural-motion] 鏈壘鍒颁换浣曡〃鎯?morph锛岃烦杩囨儏缁疆
[procedural-motion] 鏈壘鍒颁换浣曡〃鎯?morph锛岃烦杩囨儏缁疆

stderr | src/__tests__/procedural-motion.test.ts > generateAutoDanceVmd > includes emotion morphs when smile morphs available
[proc-motion-autodance-emotion] 琛ㄦ儏 morph 鍖归厤: [sad=鎮层仐銇? angry=鎬掋倞, shy=鐓с倢]

stderr | src/__tests__/procedural-motion.test.ts > generateAutoDanceVmd > skips emotion wheel when no matching morphs
[procedural-motion] 鏈壘鍒颁换浣曡〃鎯?morph锛岃烦杩囨儏缁疆

stderr | src/__tests__/procedural-motion.test.ts > generateAutoDanceVmd > emotion wheel with only wink morph (no other emotions)
[procedural-motion] 鏈壘鍒颁换浣曡〃鎯?morph锛岃烦杩囨儏缁疆

stderr | src/__tests__/procedural-motion.test.ts > generateAutoDanceVmd > works with wrist bones
[procedural-motion] 鏈壘鍒颁换浣曡〃鎯?morph锛岃烦杩囨儏缁疆

stderr | src/__tests__/perception/claim-bones.int.test.ts > ADR-163 claimBones > a) activatePerception 鍚庢劅鐭ュ眰楠ㄩ琚纭棰?[perception] 宸叉敞閿€
[adr-147] bone "棣? 宸茶妯″潡 "perception.gaze.head"(priority=92) 鍗犵敤锛屾ā鍧?"perception.breath"(priority=93) 璺宠繃璇ラ楠?[adr-147] bone "闋? 宸茶妯″潡 "perception.gaze.head"(priority=92) 鍗犵敤锛屾ā鍧?"perception.breath"(priority=93) 璺宠繃璇ラ楠?[adr-147] bone "head" 宸茶妯″潡 "perception.gaze.head"(priority=92) 鍗犵敤锛屾ā鍧?"perception.breath"(priority=93) 璺宠繃璇ラ楠?[adr-147] bone "Head" 宸茶妯″潡 "perception.gaze.head"(priority=92) 鍗犵敤锛屾ā鍧?"perception.breath"(priority=93) 璺宠繃璇ラ楠?[adr-147] bone "涓婂崐韬?" 宸茶妯″潡 "perception.breath"(priority=93) 鍗犵敤锛屾ā鍧?"perception.balance.upper"(priority=95) 璺宠繃璇ラ楠?[perception] 婵€娲? 妯″瀷=m1 鍛煎惛=true 鐪ㄧ溂=true 澶?true 鐪?true

stderr | src/__tests__/perception/multi-model.int.test.ts > ADR-164 妯″瀷鍔犺浇鑷姩婵€娲?[2m > 8. 鍏ㄥ憳鎰熺煡妯″紡涓嬫柊妯″瀷鍔犺浇鏃惰嚜鍔ㄦ縺娲?[perception] 宸叉敞閿€
[adr-147] bone "棣? 宸茶妯″潡 "perception.gaze.head"(priority=92) 鍗犵敤锛屾ā鍧?"perception.breath"(priority=93) 璺宠繃璇ラ楠?[adr-147] bone "闋? 宸茶妯″潡 "perception.gaze.head"(priority=92) 鍗犵敤锛屾ā鍧?"perception.breath"(priority=93) 璺宠繃璇ラ楠?[adr-147] bone "head" 宸茶妯″潡 "perception.gaze.head"(priority=92) 鍗犵敤锛屾ā鍧?"perception.breath"(priority=93) 璺宠繃璇ラ楠?[adr-147] bone "Head" 宸茶妯″潡 "perception.gaze.head"(priority=92) 鍗犵敤锛屾ā鍧?"perception.breath"(priority=93) 璺宠繃璇ラ楠?[adr-147] bone "涓婂崐韬?" 宸茶妯″潡 "perception.breath"(priority=93) 鍗犵敤锛屾ā鍧?"perception.balance.upper"(priority=95) 璺宠繃璇ラ楠?[perception] 婵€娲? 妯″瀷=m1 鍛煎惛=true 鐪ㄧ溂=true 澶?true 鐪?true
[perception] 鍏ㄥ憳鎰熺煡宸插紑鍚?[adr-147] bone "棣? 宸茶妯″潡 "perception.gaze.head"(priority=92) 鍗犵敤锛屾ā鍧?"perception.breath"(priority=93) 璺宠繃璇ラ楠?[adr-147] bone "闋? 宸茶妯″潡 "perception.gaze.head"(priority=92) 鍗犵敤锛屾ā鍧?"perception.breath"(priority=93) 璺宠繃璇ラ楠?[adr-147] bone "head" 宸茶妯″潡 "perception.gaze.head"(priority=92) 鍗犵敤锛屾ā鍧?"perception.breath"(priority=93) 璺宠繃璇ラ楠?[adr-147] bone "Head" 宸茶妯″潡 "perception.gaze.head"(priority=92) 鍗犵敤锛屾ā鍧?"perception.breath"(priority=93) 璺宠繃璇ラ楠?[adr-147] bone "涓婂崐韬?" 宸茶妯″潡 "perception.breath"(priority=93) 鍗犵敤锛屾ā鍧?"perception.balance.upper"(priority=95) 璺宠繃璇ラ楠?
stderr | src/__tests__/perception/claim-bones.int.test.ts > ADR-163 claimBones > b) P1 鎶㈠崰鍚庢劅鐭ュ眰 ownedBones 涓嶅啀鍖呭惈琚姠鍗犻楠?[perception] 宸叉敞閿€
[adr-147] bone "棣? 宸茶妯″潡 "perception.gaze.head"(priority=92) 鍗犵敤锛屾ā鍧?"perception.breath"(priority=93) 璺宠繃璇ラ楠?[adr-147] bone "闋? 宸茶妯″潡 "perception.gaze.head"(priority=92) 鍗犵敤锛屾ā鍧?"perception.breath"(priority=93) 璺宠繃璇ラ楠?[adr-147] bone "head" 宸茶妯″潡 "perception.gaze.head"(priority=92) 鍗犵敤锛屾ā鍧?"perception.breath"(priority=93) 璺宠繃璇ラ楠?[adr-147] bone "Head" 宸茶妯″潡 "perception.gaze.head"(priority=92) 鍗犵敤锛屾ā鍧?"perception.breath"(priority=93) 璺宠繃璇ラ楠?[adr-147] bone "涓婂崐韬?" 宸茶妯″潡 "perception.breath"(priority=93) 鍗犵敤锛屾ā鍧?"perception.balance.upper"(priority=95) 璺宠繃璇ラ楠?[perception] 婵€娲? 妯″瀷=m1 鍛煎惛=true 鐪ㄧ溂=true 澶?true 鐪?true

[33m[39m[32m路[39m[33m[39m[32m路[39m[33m[39m[32m路[39m[33m[39m[32m路[39m[33m[39m[32m路[39m[33m[39m[32m路[39m[33m[39m[32m路[39m[33m[39m[32m路[39m[33m[39m[32m路[39m[33m[39m[32m路[39m[33m[39m[32m路[39m[33m[39m[32m路[39m[33m[39m[32m路[39m[33m[39m[32m路[39m[33m[39m[32m路[39m[33m[39m[32m路[39m[33m[39m[32m路[39m[33m[39m[32m路[39m[33m[39m[32m路[39m[33m[39m[32m路[39m[33m[39m[32m路[39m[33m[39m[32m路[39m[33m[39m[32m路[39m[33m[39m[32m路[39m[33m[39m[32m路[39m[33m[39m[32m路[39m[33m[39m[32m路[39m[33m[39m[32m路[39m[33m[39m[32m路[39m[33m[39m[32m路[39m[33m[39m[32m路[39m[33m[39m[32m路[39m[33m[39m[32m路[39m[33m[39m[32m路[39m[33m[39m[32m路[39m[33m[39m[32m路[39m[33m[39m[32m路[39m[33m[39m[32m路[39m[33m[39m[32m路[39m[33m[39m[32m路[39m[33m[39m[32m路[39m[33m[39m[32m路[39m[33m[39m[32m路[39m[33m[39m[32m路[39m[33m[39m[32m路[39m[33m[39m[32m路[39m[33m[39m[32m路[39m[33m[39m[32m路[39m[33m[39m[32m路[39m[33m[39m[32m路[39m[33m[39m[32m路[39m[33m[39m[32m路[39m[33m[39m[32m路[39m[33m[39m[32m路[39m[33m[39m[32m路[39m[33m[39m[32m路[39m[33m[39m[32m路[39m[33m[39m[32m路[39m[33m[39m[32m路[39m[33m[39m[32m路[39m[33m[39m[32m路[39m[33m[39m[32m路[39m[33m[39m[32m路[39m[33m[39m[32m路[39m[33m[39m[32m路[39m[33m[39m[32m路[39m[33m[39m[32m路[39m[33m[39m[32m路[39m[33m[39m[32m路[39m[33m[39m[32m路[39m[33m[39m[32m路[39m[33m[39m[32m路[39m[33m[39m[32m路[39m[33m[39m[32m路[39m[33m[39m[32m路[39m[33m[39m[32m路[39m[33m[39m[32m路[39m[33m[39m[32m路[39m[33m[39m[32m路[39m[33m[39m[32m路[39m[33m[39m[32m路[39m[33m[39m[32m路[39m[33m[39m[32m路[39m[33m[39m[32m路[39m[33m[39m[32m路[39m[33m[39m[32m路[39m[33m[39m[32m路[39m[33m[39m[32m路[39m[33m[39m[32m路[39m[33m[39m[32m路[39m[33m[39m[32m路[39m[33m[39m[32m路[39m[33m[39m[32m路[39m[33m[39m[32m路[39m[33m[39m[32m路[39m[33m[39m[32m路[39m[33m[39m[32m路[39m[33m[39m[32m路[39m[33m[39m[32m路[39m[33m[39m[32m路[39m[33m[39m[32m路[39m[33m[39m[32m路[39m[33m[39m[32m路[39m[33m[39m[32m路[39m[33m[39m[32m路[39m[33m[39m[32m路[39m[33m[39m[32m路[39m[33m[39m[32m路[39m[33m[39m[32m路[39m[33m[39m[32m路[39m[33m[39m[32m路[39m[33m[39m[32m路[39m[33m[39m[32m路[39m[33m[39m[32m路[39m[33m[39m[32m路[39m[33m[39m[32m路[39m[33m[39m[32m路[39m[33m[39m[32m路[39m[33m[39m[32m路[39m[33m[39m[32m路[39m[33m[39m[32m路[39m[33m[39m[32m路[39m[90mstdout[2m | src/__tests__/perception/claim-bones.int.test.ts[2m > [22m[2mADR-163 claimBones[2m > [22m[2mb) P1 鎶㈠崰鍚庢劅鐭ュ眰 ownedBones 涓嶅啀鍖呭惈琚姠鍗犻楠?[22m[39m[bone-override] _getOverrideMap 棣栨涓烘ā鍨嬪垱寤鸿鐩栫储寮?{"modelId":"m1","existingModels":["m1"]}

stderr | src/__tests__/perception/claim-bones.int.test.ts > ADR-163 claimBones > b) P1 鎶㈠崰鍚庢劅鐭ュ眰 ownedBones 涓嶅啀鍖呭惈琚姠鍗犻楠?[adr-147] bone "闋? 琚ā鍧?"body-posture"(priority=1) 浠?"perception.gaze.head"(priority=92) 鎶㈠崰

stderr | src/__tests__/perception/claim-bones.int.test.ts > ADR-163 claimBones > c) deactivatePerception 鍚?ownedBones 琚噴鏀?[perception] 宸叉敞閿€
[adr-147] bone "棣? 宸茶妯″潡 "perception.gaze.head"(priority=92) 鍗犵敤锛屾ā鍧?"perception.breath"(priority=93) 璺宠繃璇ラ楠?[adr-147] bone "闋? 宸茶妯″潡 "perception.gaze.head"(priority=92) 鍗犵敤锛屾ā鍧?"perception.breath"(priority=93) 璺宠繃璇ラ楠?[adr-147] bone "head" 宸茶妯″潡 "perception.gaze.head"(priority=92) 鍗犵敤锛屾ā鍧?"perception.breath"(priority=93) 璺宠繃璇ラ楠?[adr-147] bone "Head" 宸茶妯″潡 "perception.gaze.head"(priority=92) 鍗犵敤锛屾ā鍧?"perception.breath"(priority=93) 璺宠繃璇ラ楠?[adr-147] bone "涓婂崐韬?" 宸茶妯″潡 "perception.breath"(priority=93) 鍗犵敤锛屾ā鍧?"perception.balance.upper"(priority=95) 璺宠繃璇ラ楠?[perception] 婵€娲? 妯″瀷=m1 鍛煎惛=true 鐪ㄧ溂=true 澶?true 鐪?true

stderr | src/__tests__/perception/multi-model.int.test.ts > ADR-166 澶氭ā鍨嬮殧绂?[2m > 2. 鐒︾偣 setBreathFrequency 涓嶆薄鏌?pinned 妯″瀷 ctx.state
[perception] 宸叉敞閿€
[adr-147] bone "棣? 宸茶妯″潡 "perception.gaze.head"(priority=92) 鍗犵敤锛屾ā鍧?"perception.breath"(priority=93) 璺宠繃璇ラ楠?[adr-147] bone "闋? 宸茶妯″潡 "perception.gaze.head"(priority=92) 鍗犵敤锛屾ā鍧?"perception.breath"(priority=93) 璺宠繃璇ラ楠?[adr-147] bone "head" 宸茶妯″潡 "perception.gaze.head"(priority=92) 鍗犵敤锛屾ā鍧?"perception.breath"(priority=93) 璺宠繃璇ラ楠?[adr-147] bone "Head" 宸茶妯″潡 "perception.gaze.head"(priority=92) 鍗犵敤锛屾ā鍧?"perception.breath"(priority=93) 璺宠繃璇ラ楠?[adr-147] bone "涓婂崐韬?" 宸茶妯″潡 "perception.breath"(priority=93) 鍗犵敤锛屾ā鍧?"perception.balance.upper"(priority=95) 璺宠繃璇ラ楠?[perception] 婵€娲? 妯″瀷=m1 鍛煎惛=true 鐪ㄧ溂=true 澶?true 鐪?true
[adr-147] bone "棣? 宸茶妯″潡 "perception.gaze.head"(priority=92) 鍗犵敤锛屾ā鍧?"perception.breath"(priority=93) 璺宠繃璇ラ楠?[adr-147] bone "闋? 宸茶妯″潡 "perception.gaze.head"(priority=92) 鍗犵敤锛屾ā鍧?"perception.breath"(priority=93) 璺宠繃璇ラ楠?[adr-147] bone "head" 宸茶妯″潡 "perception.gaze.head"(priority=92) 鍗犵敤锛屾ā鍧?"perception.breath"(priority=93) 璺宠繃璇ラ楠?[adr-147] bone "Head" 宸茶妯″潡 "perception.gaze.head"(priority=92) 鍗犵敤锛屾ā鍧?"perception.breath"(priority=93) 璺宠繃璇ラ楠?[adr-147] bone "涓婂崐韬?" 宸茶妯″潡 "perception.breath"(priority=93) 鍗犵敤锛屾ā鍧?"perception.balance.upper"(priority=95) 璺宠繃璇ラ楠?[perception] pin: 妯″瀷=m2

[90mstdout[2m | src/__tests__/perception/claim-bones.int.test.ts[2m > [22m[2mADR-163 claimBones[2m > [22m[2mc) deactivatePerception 鍚?ownedBones 琚噴鏀?[22m[39m[bone-override] _getOverrideMap 棣栨涓烘ā鍨嬪垱寤鸿鐩栫储寮?{"modelId":"m1","existingModels":["m1"]}

stderr | src/__tests__/perception/claim-bones.int.test.ts > ADR-163 claimBones > c) deactivatePerception 鍚?ownedBones 琚噴鏀?[perception] 宸叉敞閿€

stderr | src/__tests__/perception/micro-expression.int.test.ts > _applyMicroExpression > neutral 鎯呯华涓嶅啓鍏ヤ换浣?morph
[perception] 宸叉敞閿€
[adr-147] bone "棣? 宸茶妯″潡 "perception.gaze.head"(priority=92) 鍗犵敤锛屾ā鍧?"perception.breath"(priority=93) 璺宠繃璇ラ楠?[adr-147] bone "闋? 宸茶妯″潡 "perception.gaze.head"(priority=92) 鍗犵敤锛屾ā鍧?"perception.breath"(priority=93) 璺宠繃璇ラ楠?[adr-147] bone "head" 宸茶妯″潡 "perception.gaze.head"(priority=92) 鍗犵敤锛屾ā鍧?"perception.breath"(priority=93) 璺宠繃璇ラ楠?[adr-147] bone "Head" 宸茶妯″潡 "perception.gaze.head"(priority=92) 鍗犵敤锛屾ā鍧?"perception.breath"(priority=93) 璺宠繃璇ラ楠?[adr-147] bone "涓婂崐韬?" 宸茶妯″潡 "perception.breath"(priority=93) 鍗犵敤锛屾ā鍧?"perception.balance.upper"(priority=95) 璺宠繃璇ラ楠?[perception] 婵€娲? 妯″瀷=m1 鍛煎惛=true 鐪ㄧ溂=true 澶?true 鐪?true

stderr | src/__tests__/perception/multi-model.int.test.ts > ADR-166 澶氭ā鍨嬮殧绂?[2m > 3. 闈炴劅鐭ユā鍧楅噴鏀鹃楠兼椂瑙﹀彂鎰熺煡灞傝嚜鍔?reclaim
[perception] 宸叉敞閿€
[adr-147] bone "棣? 宸茶妯″潡 "perception.gaze.head"(priority=92) 鍗犵敤锛屾ā鍧?"perception.breath"(priority=93) 璺宠繃璇ラ楠?[adr-147] bone "闋? 宸茶妯″潡 "perception.gaze.head"(priority=92) 鍗犵敤锛屾ā鍧?"perception.breath"(priority=93) 璺宠繃璇ラ楠?[adr-147] bone "head" 宸茶妯″潡 "perception.gaze.head"(priority=92) 鍗犵敤锛屾ā鍧?"perception.breath"(priority=93) 璺宠繃璇ラ楠?[adr-147] bone "Head" 宸茶妯″潡 "perception.gaze.head"(priority=92) 鍗犵敤锛屾ā鍧?"perception.breath"(priority=93) 璺宠繃璇ラ楠?[adr-147] bone "涓婂崐韬?" 宸茶妯″潡 "perception.breath"(priority=93) 鍗犵敤锛屾ā鍧?"perception.balance.upper"(priority=95) 璺宠繃璇ラ楠?[perception] 婵€娲? 妯″瀷=m1 鍛煎惛=true 鐪ㄧ溂=true 澶?true 鐪?true

[90mstdout[2m | src/__tests__/perception/multi-model.int.test.ts[2m > [22m[2mADR-166 澶氭ā鍨嬮殧绂?[2m > [22m[2m3. 闈炴劅鐭ユā鍧楅噴鏀鹃楠兼椂瑙﹀彂鎰熺煡灞傝嚜鍔?reclaim
[22m[39m[bone-override] _getOverrideMap 棣栨涓烘ā鍨嬪垱寤鸿鐩栫储寮?{"modelId":"m1","existingModels":["m1"]}

stderr | src/__tests__/perception/multi-model.int.test.ts > ADR-166 澶氭ā鍨嬮殧绂?[2m > 3. 闈炴劅鐭ユā鍧楅噴鏀鹃楠兼椂瑙﹀彂鎰熺煡灞傝嚜鍔?reclaim
[adr-147] bone "闋? 琚ā鍧?"body-posture"(priority=1) 浠?"perception.gaze.head"(priority=92) 鎶㈠崰
[adr-147] bone "棣? 宸茶妯″潡 "perception.gaze.head"(priority=92) 鍗犵敤锛屾ā鍧?"perception.breath"(priority=93) 璺宠繃璇ラ楠?[adr-147] bone "闋? 宸茶妯″潡 "perception.gaze.head"(priority=92) 鍗犵敤锛屾ā鍧?"perception.breath"(priority=93) 璺宠繃璇ラ楠?[adr-147] bone "head" 宸茶妯″潡 "perception.gaze.head"(priority=92) 鍗犵敤锛屾ā鍧?"perception.breath"(priority=93) 璺宠繃璇ラ楠?[adr-147] bone "Head" 宸茶妯″潡 "perception.gaze.head"(priority=92) 鍗犵敤锛屾ā鍧?"perception.breath"(priority=93) 璺宠繃璇ラ楠?[adr-147] bone "涓婂崐韬?" 宸茶妯″潡 "perception.breath"(priority=93) 鍗犵敤锛屾ā鍧?"perception.balance.upper"(priority=95) 璺宠繃璇ラ楠?
[90mstdout[2m | src/__tests__/perception/claim-bones.int.test.ts[2m > [22m[2mADR-163 claimBones[2m > [22m[2md) 鍐茬獊 banner 鏂囨湰鍐呭姝ｇ‘锛堜粎鐒︾偣妯″瀷鏄剧ず锛?[22m[39m[bone-override] _getOverrideMap 棣栨涓烘ā鍨嬪垱寤鸿鐩栫储寮?{"modelId":"m1","existingModels":["m1"]}

stderr | src/__tests__/perception/claim-bones.int.test.ts > ADR-163 claimBones > d) 鍐茬獊 banner 鏂囨湰鍐呭姝ｇ‘锛堜粎鐒︾偣妯″瀷鏄剧ず锛?[adr-147] bone "闋? 琚ā鍧?"body-posture"(priority=1) 浠?"perception.gaze.head"(priority=100) 鎶㈠崰

stderr | src/__tests__/perception/micro-expression.int.test.ts > _applyMicroExpression > happy 鎯呯华鍛ㄦ湡鎬ц剦鍐茬瑧銇?morph
[perception] 宸叉敞閿€
[adr-147] bone "棣? 宸茶妯″潡 "perception.gaze.head"(priority=92) 鍗犵敤锛屾ā鍧?"perception.breath"(priority=93) 璺宠繃璇ラ楠?[adr-147] bone "闋? 宸茶妯″潡 "perception.gaze.head"(priority=92) 鍗犵敤锛屾ā鍧?"perception.breath"(priority=93) 璺宠繃璇ラ楠?[adr-147] bone "head" 宸茶妯″潡 "perception.gaze.head"(priority=92) 鍗犵敤锛屾ā鍧?"perception.breath"(priority=93) 璺宠繃璇ラ楠?[adr-147] bone "Head" 宸茶妯″潡 "perception.gaze.head"(priority=92) 鍗犵敤锛屾ā鍧?"perception.breath"(priority=93) 璺宠繃璇ラ楠?[adr-147] bone "涓婂崐韬?" 宸茶妯″潡 "perception.breath"(priority=93) 鍗犵敤锛屾ā鍧?"perception.balance.upper"(priority=95) 璺宠繃璇ラ楠?[perception] 婵€娲? 妯″瀷=m1 鍛煎惛=true 鐪ㄧ溂=true 澶?true 鐪?true

stderr | src/__tests__/perception/perf-tier.int.test.ts > ADR-164 enableAllPerception / disableAllPerception > 1. enableAllPerception 鍚庢墍鏈夊凡鍔犺浇妯″瀷鏈?context
[perception] 宸叉敞閿€
[adr-147] bone "棣? 宸茶妯″潡 "perception.gaze.head"(priority=92) 鍗犵敤锛屾ā鍧?"perception.breath"(priority=93) 璺宠繃璇ラ楠?[adr-147] bone "闋? 宸茶妯″潡 "perception.gaze.head"(priority=92) 鍗犵敤锛屾ā鍧?"perception.breath"(priority=93) 璺宠繃璇ラ楠?[adr-147] bone "head" 宸茶妯″潡 "perception.gaze.head"(priority=92) 鍗犵敤锛屾ā鍧?"perception.breath"(priority=93) 璺宠繃璇ラ楠?[adr-147] bone "Head" 宸茶妯″潡 "perception.gaze.head"(priority=92) 鍗犵敤锛屾ā鍧?"perception.breath"(priority=93) 璺宠繃璇ラ楠?[adr-147] bone "涓婂崐韬?" 宸茶妯″潡 "perception.breath"(priority=93) 鍗犵敤锛屾ā鍧?"perception.balance.upper"(priority=95) 璺宠繃璇ラ楠?[perception] 婵€娲? 妯″瀷=m1 鍛煎惛=true 鐪ㄧ溂=true 澶?true 鐪?true
[adr-147] bone "棣? 宸茶妯″潡 "perception.gaze.head"(priority=92) 鍗犵敤锛屾ā鍧?"perception.breath"(priority=93) 璺宠繃璇ラ楠?[adr-147] bone "闋? 宸茶妯″潡 "perception.gaze.head"(priority=92) 鍗犵敤锛屾ā鍧?"perception.breath"(priority=93) 璺宠繃璇ラ楠?[adr-147] bone "head" 宸茶妯″潡 "perception.gaze.head"(priority=92) 鍗犵敤锛屾ā鍧?"perception.breath"(priority=93) 璺宠繃璇ラ楠?[adr-147] bone "Head" 宸茶妯″潡 "perception.gaze.head"(priority=92) 鍗犵敤锛屾ā鍧?"perception.breath"(priority=93) 璺宠繃璇ラ楠?[adr-147] bone "涓婂崐韬?" 宸茶妯″潡 "perception.breath"(priority=93) 鍗犵敤锛屾ā鍧?"perception.balance.upper"(priority=95) 璺宠繃璇ラ楠?[perception] 鍏ㄥ憳鎰熺煡宸插紑鍚?
stderr | src/__tests__/perception/micro-expression.int.test.ts > _applyMicroExpression > microExpressionEnabled=false 鏃朵笉鍐欏叆
[perception] 宸叉敞閿€
[adr-147] bone "棣? 宸茶妯″潡 "perception.gaze.head"(priority=92) 鍗犵敤锛屾ā鍧?"perception.breath"(priority=93) 璺宠繃璇ラ楠?[adr-147] bone "闋? 宸茶妯″潡 "perception.gaze.head"(priority=92) 鍗犵敤锛屾ā鍧?"perception.breath"(priority=93) 璺宠繃璇ラ楠?[adr-147] bone "head" 宸茶妯″潡 "perception.gaze.head"(priority=92) 鍗犵敤锛屾ā鍧?"perception.breath"(priority=93) 璺宠繃璇ラ楠?[adr-147] bone "Head" 宸茶妯″潡 "perception.gaze.head"(priority=92) 鍗犵敤锛屾ā鍧?"perception.breath"(priority=93) 璺宠繃璇ラ楠?[adr-147] bone "涓婂崐韬?" 宸茶妯″潡 "perception.breath"(priority=93) 鍗犵敤锛屾ā鍧?"perception.balance.upper"(priority=95) 璺宠繃璇ラ楠?[perception] 婵€娲? 妯″瀷=m1 鍛煎惛=true 鐪ㄧ溂=true 澶?true 鐪?true

stderr | src/__tests__/procedural-motion.test.ts > VMD 楠ㄩ璇婃柇 > AutoDance: 鐢?108 鏍囧噯楠ㄩ闆嗙敓鎴愶紝鎶ュ憡鍚勯楠煎抚鏁?[procedural-motion] 鏈壘鍒颁换浣曡〃鎯?morph锛岃烦杩囨儏缁疆

stderr | src/__tests__/perception/perf-tier.int.test.ts > ADR-164 enableAllPerception / disableAllPerception > 2. disableAllPerception 鍚庝粎鐒︾偣淇濈暀
[perception] 宸叉敞閿€
[adr-147] bone "棣? 宸茶妯″潡 "perception.gaze.head"(priority=92) 鍗犵敤锛屾ā鍧?"perception.breath"(priority=93) 璺宠繃璇ラ楠?[adr-147] bone "闋? 宸茶妯″潡 "perception.gaze.head"(priority=92) 鍗犵敤锛屾ā鍧?"perception.breath"(priority=93) 璺宠繃璇ラ楠?[adr-147] bone "head" 宸茶妯″潡 "perception.gaze.head"(priority=92) 鍗犵敤锛屾ā鍧?"perception.breath"(priority=93) 璺宠繃璇ラ楠?[adr-147] bone "Head" 宸茶妯″潡 "perception.gaze.head"(priority=92) 鍗犵敤锛屾ā鍧?"perception.breath"(priority=93) 璺宠繃璇ラ楠?[adr-147] bone "涓婂崐韬?" 宸茶妯″潡 "perception.breath"(priority=93) 鍗犵敤锛屾ā鍧?"perception.balance.upper"(priority=95) 璺宠繃璇ラ楠?[perception] 婵€娲? 妯″瀷=m1 鍛煎惛=true 鐪ㄧ溂=true 澶?true 鐪?true
[adr-147] bone "棣? 宸茶妯″潡 "perception.gaze.head"(priority=92) 鍗犵敤锛屾ā鍧?"perception.breath"(priority=93) 璺宠繃璇ラ楠?[adr-147] bone "闋? 宸茶妯″潡 "perception.gaze.head"(priority=92) 鍗犵敤锛屾ā鍧?"perception.breath"(priority=93) 璺宠繃璇ラ楠?[adr-147] bone "head" 宸茶妯″潡 "perception.gaze.head"(priority=92) 鍗犵敤锛屾ā鍧?"perception.breath"(priority=93) 璺宠繃璇ラ楠?[adr-147] bone "Head" 宸茶妯″潡 "perception.gaze.head"(priority=92) 鍗犵敤锛屾ā鍧?"perception.breath"(priority=93) 璺宠繃璇ラ楠?[adr-147] bone "涓婂崐韬?" 宸茶妯″潡 "perception.breath"(priority=93) 鍗犵敤锛屾ā鍧?"perception.balance.upper"(priority=95) 璺宠繃璇ラ楠?[perception] pin: 妯″瀷=m2
[perception] 鍏ㄥ憳鎰熺煡宸插叧闂?
stderr | src/__tests__/perception/micro-expression.int.test.ts > _applyMicroExpression > morph 涓嶅瓨鍦ㄦ椂闈欓粯璺宠繃
[perception] 宸叉敞閿€
[adr-147] bone "棣? 宸茶妯″潡 "perception.gaze.head"(priority=92) 鍗犵敤锛屾ā鍧?"perception.breath"(priority=93) 璺宠繃璇ラ楠?[adr-147] bone "闋? 宸茶妯″潡 "perception.gaze.head"(priority=92) 鍗犵敤锛屾ā鍧?"perception.breath"(priority=93) 璺宠繃璇ラ楠?[adr-147] bone "head" 宸茶妯″潡 "perception.gaze.head"(priority=92) 鍗犵敤锛屾ā鍧?"perception.breath"(priority=93) 璺宠繃璇ラ楠?[adr-147] bone "Head" 宸茶妯″潡 "perception.gaze.head"(priority=92) 鍗犵敤锛屾ā鍧?"perception.breath"(priority=93) 璺宠繃璇ラ楠?[adr-147] bone "涓婂崐韬?" 宸茶妯″潡 "perception.breath"(priority=93) 鍗犵敤锛屾ā鍧?"perception.balance.upper"(priority=95) 璺宠繃璇ラ楠?[perception] 婵€娲? 妯″瀷=m1 鍛煎惛=true 鐪ㄧ溂=true 澶?true 鐪?true

stderr | src/__tests__/perception/balance-sway-pin.int.test.ts > pinPerception > pin 妯″瀷鍚庣劍鐐瑰垏鎹㈡椂 pinned 浠嶆縺娲?[perception] 宸叉敞閿€
[adr-147] bone "棣? 宸茶妯″潡 "perception.gaze.head"(priority=92) 鍗犵敤锛屾ā鍧?"perception.breath"(priority=93) 璺宠繃璇ラ楠?[adr-147] bone "闋? 宸茶妯″潡 "perception.gaze.head"(priority=92) 鍗犵敤锛屾ā鍧?"perception.breath"(priority=93) 璺宠繃璇ラ楠?[adr-147] bone "head" 宸茶妯″潡 "perception.gaze.head"(priority=92) 鍗犵敤锛屾ā鍧?"perception.breath"(priority=93) 璺宠繃璇ラ楠?[adr-147] bone "Head" 宸茶妯″潡 "perception.gaze.head"(priority=92) 鍗犵敤锛屾ā鍧?"perception.breath"(priority=93) 璺宠繃璇ラ楠?[adr-147] bone "涓婂崐韬?" 宸茶妯″潡 "perception.breath"(priority=93) 鍗犵敤锛屾ā鍧?"perception.balance.upper"(priority=95) 璺宠繃璇ラ楠?[perception] 婵€娲? 妯″瀷=m1 鍛煎惛=true 鐪ㄧ溂=true 澶?true 鐪?true
[adr-147] bone "棣? 宸茶妯″潡 "perception.gaze.head"(priority=92) 鍗犵敤锛屾ā鍧?"perception.breath"(priority=93) 璺宠繃璇ラ楠?[adr-147] bone "闋? 宸茶妯″潡 "perception.gaze.head"(priority=92) 鍗犵敤锛屾ā鍧?"perception.breath"(priority=93) 璺宠繃璇ラ楠?[adr-147] bone "head" 宸茶妯″潡 "perception.gaze.head"(priority=92) 鍗犵敤锛屾ā鍧?"perception.breath"(priority=93) 璺宠繃璇ラ楠?[adr-147] bone "Head" 宸茶妯″潡 "perception.gaze.head"(priority=92) 鍗犵敤锛屾ā鍧?"perception.breath"(priority=93) 璺宠繃璇ラ楠?[adr-147] bone "涓婂崐韬?" 宸茶妯″潡 "perception.breath"(priority=93) 鍗犵敤锛屾ā鍧?"perception.balance.upper"(priority=95) 璺宠繃璇ラ楠?[perception] pin: 妯″瀷=m1
[adr-147] bone "棣? 宸茶妯″潡 "perception.gaze.head"(priority=92) 鍗犵敤锛屾ā鍧?"perception.breath"(priority=93) 璺宠繃璇ラ楠?[adr-147] bone "闋? 宸茶妯″潡 "perception.gaze.head"(priority=92) 鍗犵敤锛屾ā鍧?"perception.breath"(priority=93) 璺宠繃璇ラ楠?[adr-147] bone "head" 宸茶妯″潡 "perception.gaze.head"(priority=92) 鍗犵敤锛屾ā鍧?"perception.breath"(priority=93) 璺宠繃璇ラ楠?[adr-147] bone "Head" 宸茶妯″潡 "perception.gaze.head"(priority=92) 鍗犵敤锛屾ā鍧?"perception.breath"(priority=93) 璺宠繃璇ラ楠?[adr-147] bone "涓婂崐韬?" 宸茶妯″潡 "perception.breath"(priority=93) 鍗犵敤锛屾ā鍧?"perception.balance.upper"(priority=95) 璺宠繃璇ラ楠?[perception] 婵€娲? 妯″瀷=m2 鍛煎惛=true 鐪ㄧ溂=true 澶?true 鐪?true

stderr | src/__tests__/perception/micro-expression.int.test.ts > _applyMicroExpression > 寮€鍚啓鍏ュ悗鍏抽棴 鈫?鏃?morph influence 褰掗浂锛堥槻鍐荤粨锛?[perception] 宸叉敞閿€
[adr-147] bone "棣? 宸茶妯″潡 "perception.gaze.head"(priority=92) 鍗犵敤锛屾ā鍧?"perception.breath"(priority=93) 璺宠繃璇ラ楠?[adr-147] bone "闋? 宸茶妯″潡 "perception.gaze.head"(priority=92) 鍗犵敤锛屾ā鍧?"perception.breath"(priority=93) 璺宠繃璇ラ楠?[adr-147] bone "head" 宸茶妯″潡 "perception.gaze.head"(priority=92) 鍗犵敤锛屾ā鍧?"perception.breath"(priority=93) 璺宠繃璇ラ楠?[adr-147] bone "Head" 宸茶妯″潡 "perception.gaze.head"(priority=92) 鍗犵敤锛屾ā鍧?"perception.breath"(priority=93) 璺宠繃璇ラ楠?[adr-147] bone "涓婂崐韬?" 宸茶妯″潡 "perception.breath"(priority=93) 鍗犵敤锛屾ā鍧?"perception.balance.upper"(priority=95) 璺宠繃璇ラ楠?[perception] 婵€娲? 妯″瀷=m1 鍛煎惛=true 鐪ㄧ溂=true 澶?true 鐪?true

stderr | src/__tests__/perception/balance-sway-pin.int.test.ts > pinPerception > [doc:adr-164] pin 涓婇檺宸茬Щ闄わ紝鍙?pin 瓒呰繃 5 涓ā鍨?[adr-147] bone "棣? 宸茶妯″潡 "perception.gaze.head"(priority=92) 鍗犵敤锛屾ā鍧?"perception.breath"(priority=93) 璺宠繃璇ラ楠?[adr-147] bone "闋? 宸茶妯″潡 "perception.gaze.head"(priority=92) 鍗犵敤锛屾ā鍧?"perception.breath"(priority=93) 璺宠繃璇ラ楠?[adr-147] bone "head" 宸茶妯″潡 "perception.gaze.head"(priority=92) 鍗犵敤锛屾ā鍧?"perception.breath"(priority=93) 璺宠繃璇ラ楠?[adr-147] bone "Head" 宸茶妯″潡 "perception.gaze.head"(priority=92) 鍗犵敤锛屾ā鍧?"perception.breath"(priority=93) 璺宠繃璇ラ楠?[adr-147] bone "涓婂崐韬?" 宸茶妯″潡 "perception.breath"(priority=93) 鍗犵敤锛屾ā鍧?"perception.balance.upper"(priority=95) 璺宠繃璇ラ楠?[perception] pin: 妯″瀷=m1
[adr-147] bone "棣? 宸茶妯″潡 "perception.gaze.head"(priority=92) 鍗犵敤锛屾ā鍧?"perception.breath"(priority=93) 璺宠繃璇ラ楠?[adr-147] bone "闋? 宸茶妯″潡 "perception.gaze.head"(priority=92) 鍗犵敤锛屾ā鍧?"perception.breath"(priority=93) 璺宠繃璇ラ楠?[adr-147] bone "head" 宸茶妯″潡 "perception.gaze.head"(priority=92) 鍗犵敤锛屾ā鍧?"perception.breath"(priority=93) 璺宠繃璇ラ楠?[adr-147] bone "Head" 宸茶妯″潡 "perception.gaze.head"(priority=92) 鍗犵敤锛屾ā鍧?"perception.breath"(priority=93) 璺宠繃璇ラ楠?[adr-147] bone "涓婂崐韬?" 宸茶妯″潡 "perception.breath"(priority=93) 鍗犵敤锛屾ā鍧?"perception.balance.upper"(priority=95) 璺宠繃璇ラ楠?[perception] pin: 妯″瀷=m2
[adr-147] bone "棣? 宸茶妯″潡 "perception.gaze.head"(priority=92) 鍗犵敤锛屾ā鍧?"perception.breath"(priority=93) 璺宠繃璇ラ楠?[adr-147] bone "闋? 宸茶妯″潡 "perception.gaze.head"(priority=92) 鍗犵敤锛屾ā鍧?"perception.breath"(priority=93) 璺宠繃璇ラ楠?[adr-147] bone "head" 宸茶妯″潡 "perception.gaze.head"(priority=92) 鍗犵敤锛屾ā鍧?"perception.breath"(priority=93) 璺宠繃璇ラ楠?[adr-147] bone "Head" 宸茶妯″潡 "perception.gaze.head"(priority=92) 鍗犵敤锛屾ā鍧?"perception.breath"(priority=93) 璺宠繃璇ラ楠?[adr-147] bone "涓婂崐韬?" 宸茶妯″潡 "perception.breath"(priority=93) 鍗犵敤锛屾ā鍧?"perception.balance.upper"(priority=95) 璺宠繃璇ラ楠?[perception] pin: 妯″瀷=m3
[adr-147] bone "棣? 宸茶妯″潡 "perception.gaze.head"(priority=92) 鍗犵敤锛屾ā鍧?"perception.breath"(priority=93) 璺宠繃璇ラ楠?[adr-147] bone "闋? 宸茶妯″潡 "perception.gaze.head"(priority=92) 鍗犵敤锛屾ā鍧?"perception.breath"(priority=93) 璺宠繃璇ラ楠?[adr-147] bone "head" 宸茶妯″潡 "perception.gaze.head"(priority=92) 鍗犵敤锛屾ā鍧?"perception.breath"(priority=93) 璺宠繃璇ラ楠?[adr-147] bone "Head" 宸茶妯″潡 "perception.gaze.head"(priority=92) 鍗犵敤锛屾ā鍧?"perception.breath"(priority=93) 璺宠繃璇ラ楠?[adr-147] bone "涓婂崐韬?" 宸茶妯″潡 "perception.breath"(priority=93) 鍗犵敤锛屾ā鍧?"perception.balance.upper"(priority=95) 璺宠繃璇ラ楠?[perception] pin: 妯″瀷=m4
[33m[39m[32m路[39m[33m[39m[32m路[39m[33m[39m[32m路[39m[33m[39m[32m路[39m[33m[39m[32m路[39m[33m[39m[32m路[39m[33m[39m[32m路[39m[33m[39m[32m路[39m[33m[39m[32m路[39m[33m[39m[32m路[39m[33m[39m[32m路[39m[33m[39m[32m路[39m[33m[39m[32m路[39m[33m[39m[32m路[39m[33m[39m[32m路[39m[33m[39m[32m路[39m[33m[39m[32m路[39m[33m[39m[32m路[39m[33m[39m[32m路[39m[33m[39m[32m路[39m[33m[39m[32m路[39m[33m[39m[32m路[39m[33m[39m[32m路[39m[33m[39m[32m路[39m[33m[39m[32m路[39m[33m[39m[32m路[39m[33m[39m[32m路[39m[33m[39m[32m路[39m[33m[39m[32m路[39m[33m[39m[32m路[39m[33m[39m[32m路[39m[33m[39m[32m路[39m[33m[39m[32m路[39m[33m[39m[32m路[39m[33m[39m[32m路[39m[33m[39m[32m路[39m[33m[39m[32m路[39m[33m[39m[32m路[39m[33m[39m[32m路[39m[33m[39m[32m路[39m[33m[39m[32m路[39m[33m[39m[32m路[39m[33m[39m[32m路[39m[33m[39m[32m路[39m[33m[39m[32m路[39m[33m[39m[32m路[39m[33m[39m[32m路[39m[33m[39m[32m路[39m[33m[39m[32m路[39m[33m[39m[32m路[39m[33m[39m[32m路[39m[33m[39m[32m路[39m[33m[39m[32m路[39m[90mstdout[2m | src/__tests__/perception/balance-sway-pin.int.test.ts[2m > [22m[2mpinPerception[2m > [22m[2munpin 闈炵劍鐐规ā鍨嬪悗璇ユā鍨嬩粠 pinned 鍒楄〃绉婚櫎
[22m[39m[bone-override] _getOverrideMap 棣栨涓烘ā鍨嬪垱寤鸿鐩栫储寮?{"modelId":"m1","existingModels":["m1"]}

[90mstdout[2m | src/__tests__/perception/perf-tier.int.test.ts[2m > [22m[2mADR-164 enableAllPerception / disableAllPerception[2m > [22m[2m3. enable鈫抎isable鈫抏nable toggle 鍚?lastOffsets 姝ｇ‘閲嶇疆
[22m[39m[bone-override] _getOverrideMap 棣栨涓烘ā鍨嬪垱寤鸿鐩栫储寮?{"modelId":"m2","existingModels":["m2"]}

[adr-147] bone "棣? 宸茶妯″潡 "perception.gaze.head"(priority=92) 鍗犵敤锛屾ā鍧?"perception.breath"(priority=93) 璺宠繃璇ラ楠?[adr-147] bone "闋? 宸茶妯″潡 "perception.gaze.head"(priority=92) 鍗犵敤锛屾ā鍧?"perception.breath"(priority=93) 璺宠繃璇ラ楠?[adr-147] bone "head" 宸茶妯″潡 "perception.gaze.head"(priority=92) 鍗犵敤锛屾ā鍧?"perception.breath"(priority=93) 璺宠繃璇ラ楠?[adr-147] bone "Head" 宸茶妯″潡 "perception.gaze.head"(priority=92) 鍗犵敤锛屾ā鍧?"perception.breath"(priority=93) 璺宠繃璇ラ楠?[adr-147] bone "涓婂崐韬?" 宸茶妯″潡 "perception.breath"(priority=93) 鍗犵敤锛屾ā鍧?"perception.balance.upper"(priority=95) 璺宠繃璇ラ楠?[perception] pin: 妯″瀷=m5
[adr-147] bone "棣? 宸茶妯″潡 "perception.gaze.head"(priority=92) 鍗犵敤锛屾ā鍧?"perception.breath"(priority=93) 璺宠繃璇ラ楠?[adr-147] bone "闋? 宸茶妯″潡 "perception.gaze.head"(priority=92) 鍗犵敤锛屾ā鍧?"perception.breath"(priority=93) 璺宠繃璇ラ楠?[adr-147] bone "head" 宸茶妯″潡 "perception.gaze.head"(priority=92) 鍗犵敤锛屾ā鍧?"perception.breath"(priority=93) 璺宠繃璇ラ楠?[adr-147] bone "Head" 宸茶妯″潡 "perception.gaze.head"(priority=92) 鍗犵敤锛屾ā鍧?"perception.breath"(priority=93) 璺宠繃璇ラ楠?[adr-147] bone "涓婂崐韬?" 宸茶妯″潡 "perception.breath"(priority=93) 鍗犵敤锛屾ā鍧?"perception.balance.upper"(priority=95) 璺宠繃璇ラ楠?[perception] pin: 妯″瀷=m6

stderr | src/__tests__/perception/balance-sway-pin.int.test.ts > pinPerception > unpin 闈炵劍鐐规ā鍨嬪悗璇ユā鍨嬩粠 pinned 鍒楄〃绉婚櫎
[adr-147] bone "棣? 宸茶妯″潡 "perception.gaze.head"(priority=92) 鍗犵敤锛屾ā鍧?"perception.breath"(priority=93) 璺宠繃璇ラ楠?[adr-147] bone "闋? 宸茶妯″潡 "perception.gaze.head"(priority=92) 鍗犵敤锛屾ā鍧?"perception.breath"(priority=93) 璺宠繃璇ラ楠?[adr-147] bone "head" 宸茶妯″潡 "perception.gaze.head"(priority=92) 鍗犵敤锛屾ā鍧?"perception.breath"(priority=93) 璺宠繃璇ラ楠?[adr-147] bone "Head" 宸茶妯″潡 "perception.gaze.head"(priority=92) 鍗犵敤锛屾ā鍧?"perception.breath"(priority=93) 璺宠繃璇ラ楠?[adr-147] bone "涓婂崐韬?" 宸茶妯″潡 "perception.breath"(priority=93) 鍗犵敤锛屾ā鍧?"perception.balance.upper"(priority=95) 璺宠繃璇ラ楠?[perception] pin: 妯″瀷=m1

stderr | src/__tests__/perception/perf-tier.int.test.ts > ADR-164 enableAllPerception / disableAllPerception > 3. enable鈫抎isable鈫抏nable toggle 鍚?lastOffsets 姝ｇ‘閲嶇疆
[perception] 宸叉敞閿€
[adr-147] bone "棣? 宸茶妯″潡 "perception.gaze.head"(priority=92) 鍗犵敤锛屾ā鍧?"perception.breath"(priority=93) 璺宠繃璇ラ楠?[adr-147] bone "闋? 宸茶妯″潡 "perception.gaze.head"(priority=92) 鍗犵敤锛屾ā鍧?"perception.breath"(priority=93) 璺宠繃璇ラ楠?[adr-147] bone "head" 宸茶妯″潡 "perception.gaze.head"(priority=92) 鍗犵敤锛屾ā鍧?"perception.breath"(priority=93) 璺宠繃璇ラ楠?[adr-147] bone "Head" 宸茶妯″潡 "perception.gaze.head"(priority=92) 鍗犵敤锛屾ā鍧?"perception.breath"(priority=93) 璺宠繃璇ラ楠?[adr-147] bone "涓婂崐韬?" 宸茶妯″潡 "perception.breath"(priority=93) 鍗犵敤锛屾ā鍧?"perception.balance.upper"(priority=95) 璺宠繃璇ラ楠?[perception] 婵€娲? 妯″瀷=m1 鍛煎惛=true 鐪ㄧ溂=true 澶?true 鐪?true
[adr-147] bone "棣? 宸茶妯″潡 "perception.gaze.head"(priority=92) 鍗犵敤锛屾ā鍧?"perception.breath"(priority=93) 璺宠繃璇ラ楠?[adr-147] bone "闋? 宸茶妯″潡 "perception.gaze.head"(priority=92) 鍗犵敤锛屾ā鍧?"perception.breath"(priority=93) 璺宠繃璇ラ楠?[adr-147] bone "head" 宸茶妯″潡 "perception.gaze.head"(priority=92) 鍗犵敤锛屾ā鍧?"perception.breath"(priority=93) 璺宠繃璇ラ楠?[adr-147] bone "Head" 宸茶妯″潡 "perception.gaze.head"(priority=92) 鍗犵敤锛屾ā鍧?"perception.breath"(priority=93) 璺宠繃璇ラ楠?[adr-147] bone "涓婂崐韬?" 宸茶妯″潡 "perception.breath"(priority=93) 鍗犵敤锛屾ā鍧?"perception.balance.upper"(priority=95) 璺宠繃璇ラ楠?[perception] 鍏ㄥ憳鎰熺煡宸插紑鍚?[perception] 鍏ㄥ憳鎰熺煡宸插叧闂?[adr-147] bone "棣? 宸茶妯″潡 "perception.gaze.head"(priority=92) 鍗犵敤锛屾ā鍧?"perception.breath"(priority=93) 璺宠繃璇ラ楠?[adr-147] bone "闋? 宸茶妯″潡 "perception.gaze.head"(priority=92) 鍗犵敤锛屾ā鍧?"perception.breath"(priority=93) 璺宠繃璇ラ楠?[adr-147] bone "head" 宸茶妯″潡 "perception.gaze.head"(priority=92) 鍗犵敤锛屾ā鍧?"perception.breath"(priority=93) 璺宠繃璇ラ楠?[adr-147] bone "Head" 宸茶妯″潡 "perception.gaze.head"(priority=92) 鍗犵敤锛屾ā鍧?"perception.breath"(priority=93) 璺宠繃璇ラ楠?[adr-147] bone "涓婂崐韬?" 宸茶妯″潡 "perception.breath"(priority=93) 鍗犵敤锛屾ā鍧?"perception.balance.upper"(priority=95) 璺宠繃璇ラ楠?[perception] 鍏ㄥ憳鎰熺煡宸插紑鍚?
stderr | src/__tests__/perception/lipsync.int.test.ts > _applyLipSync > lipSyncEnabled=false 鏃朵笉鍐欏叆浠讳綍 morph
[perception] 宸叉敞閿€
[adr-147] bone "棣? 宸茶妯″潡 "perception.gaze.head"(priority=92) 鍗犵敤锛屾ā鍧?"perception.breath"(priority=93) 璺宠繃璇ラ楠?[adr-147] bone "闋? 宸茶妯″潡 "perception.gaze.head"(priority=92) 鍗犵敤锛屾ā鍧?"perception.breath"(priority=93) 璺宠繃璇ラ楠?[adr-147] bone "head" 宸茶妯″潡 "perception.gaze.head"(priority=92) 鍗犵敤锛屾ā鍧?"perception.breath"(priority=93) 璺宠繃璇ラ楠?[adr-147] bone "Head" 宸茶妯″潡 "perception.gaze.head"(priority=92) 鍗犵敤锛屾ā鍧?"perception.breath"(priority=93) 璺宠繃璇ラ楠?[adr-147] bone "涓婂崐韬?" 宸茶妯″潡 "perception.breath"(priority=93) 鍗犵敤锛屾ā鍧?"perception.balance.upper"(priority=95) 璺宠繃璇ラ楠?[perception] 婵€娲? 妯″瀷=m1 鍛煎惛=true 鐪ㄧ溂=true 澶?true 鐪?true

stderr | src/__tests__/perception/micro-expression.int.test.ts > _applyMicroExpression > 鍒囨崲鎯呯华鏃舵棫 morph 褰掗浂锛堥槻涓插懗锛?[perception] 宸叉敞閿€
[adr-147] bone "棣? 宸茶妯″潡 "perception.gaze.head"(priority=92) 鍗犵敤锛屾ā鍧?"perception.breath"(priority=93) 璺宠繃璇ラ楠?[adr-147] bone "闋? 宸茶妯″潡 "perception.gaze.head"(priority=92) 鍗犵敤锛屾ā鍧?"perception.breath"(priority=93) 璺宠繃璇ラ楠?[adr-147] bone "head" 宸茶妯″潡 "perception.gaze.head"(priority=92) 鍗犵敤锛屾ā鍧?"perception.breath"(priority=93) 璺宠繃璇ラ楠?[adr-147] bone "Head" 宸茶妯″潡 "perception.gaze.head"(priority=92) 鍗犵敤锛屾ā鍧?"perception.breath"(priority=93) 璺宠繃璇ラ楠?[adr-147] bone "涓婂崐韬?" 宸茶妯″潡 "perception.breath"(priority=93) 鍗犵敤锛屾ā鍧?"perception.balance.upper"(priority=95) 璺宠繃璇ラ楠?[perception] 婵€娲? 妯″瀷=m1 鍛煎惛=true 鐪ㄧ溂=true 澶?true 鐪?true

stderr | src/__tests__/perception/lipsync.int.test.ts > _applyLipSync > 寮€鍚笖闊抽鎾斁鏃跺啓鍏?銇?morph
[perception] 宸叉敞閿€
[adr-147] bone "棣? 宸茶妯″潡 "perception.gaze.head"(priority=92) 鍗犵敤锛屾ā鍧?"perception.breath"(priority=93) 璺宠繃璇ラ楠?[adr-147] bone "闋? 宸茶妯″潡 "perception.gaze.head"(priority=92) 鍗犵敤锛屾ā鍧?"perception.breath"(priority=93) 璺宠繃璇ラ楠?[adr-147] bone "head" 宸茶妯″潡 "perception.gaze.head"(priority=92) 鍗犵敤锛屾ā鍧?"perception.breath"(priority=93) 璺宠繃璇ラ楠?[adr-147] bone "Head" 宸茶妯″潡 "perception.gaze.head"(priority=92) 鍗犵敤锛屾ā鍧?"perception.breath"(priority=93) 璺宠繃璇ラ楠?[adr-147] bone "涓婂崐韬?" 宸茶妯″潡 "perception.breath"(priority=93) 鍗犵敤锛屾ā鍧?"perception.balance.upper"(priority=95) 璺宠繃璇ラ楠?[perception] 婵€娲? 妯″瀷=m1 鍛煎惛=true 鐪ㄧ溂=true 澶?true 鐪?true

stderr | src/__tests__/perception/micro-expression.int.test.ts > _applyMicroExpression > 鍒囨崲鍒?neutral 鏃舵棫 morph 褰掗浂
[perception] 宸叉敞閿€
[adr-147] bone "棣? 宸茶妯″潡 "perception.gaze.head"(priority=92) 鍗犵敤锛屾ā鍧?"perception.breath"(priority=93) 璺宠繃璇ラ楠?[adr-147] bone "闋? 宸茶妯″潡 "perception.gaze.head"(priority=92) 鍗犵敤锛屾ā鍧?"perception.breath"(priority=93) 璺宠繃璇ラ楠?[adr-147] bone "head" 宸茶妯″潡 "perception.gaze.head"(priority=92) 鍗犵敤锛屾ā鍧?"perception.breath"(priority=93) 璺宠繃璇ラ楠?[adr-147] bone "Head" 宸茶妯″潡 "perception.gaze.head"(priority=92) 鍗犵敤锛屾ā鍧?"perception.breath"(priority=93) 璺宠繃璇ラ楠?[adr-147] bone "涓婂崐韬?" 宸茶妯″潡 "perception.breath"(priority=93) 鍗犵敤锛屾ā鍧?"perception.balance.upper"(priority=95) 璺宠繃璇ラ楠?[perception] 婵€娲? 妯″瀷=m1 鍛煎惛=true 鐪ㄧ溂=true 澶?true 鐪?true

stderr | src/__tests__/perception/state-lifecycle.int.test.ts > activatePerception > 鏃犵洰鏍囨ā鍨?ID 鏃?warn 骞惰繑鍥?[perception] activate: 鏃犵洰鏍囨ā鍨?ID

stderr | src/__tests__/perception/lipsync.int.test.ts > _applyLipSync > morph 涓嶅瓨鍦ㄦ椂闈欓粯璺宠繃
[perception] 宸叉敞閿€
[adr-147] bone "棣? 宸茶妯″潡 "perception.gaze.head"(priority=92) 鍗犵敤锛屾ā鍧?"perception.breath"(priority=93) 璺宠繃璇ラ楠?[adr-147] bone "闋? 宸茶妯″潡 "perception.gaze.head"(priority=92) 鍗犵敤锛屾ā鍧?"perception.breath"(priority=93) 璺宠繃璇ラ楠?[adr-147] bone "head" 宸茶妯″潡 "perception.gaze.head"(priority=92) 鍗犵敤锛屾ā鍧?"perception.breath"(priority=93) 璺宠繃璇ラ楠?[adr-147] bone "Head" 宸茶妯″潡 "perception.gaze.head"(priority=92) 鍗犵敤锛屾ā鍧?"perception.breath"(priority=93) 璺宠繃璇ラ楠?[adr-147] bone "涓婂崐韬?" 宸茶妯″潡 "perception.breath"(priority=93) 鍗犵敤锛屾ā鍧?"perception.balance.upper"(priority=95) 璺宠繃璇ラ楠?[perception] 婵€娲? 妯″瀷=m1 鍛煎惛=true 鐪ㄧ溂=true 澶?true 鐪?true

stderr | src/__tests__/perception/lipsync.int.test.ts > _applyLipSync > 鍏抽棴鍚?morph influence 褰掗浂锛堥槻娈嬬暀锛?[perception] 宸叉敞閿€
[adr-147] bone "棣? 宸茶妯″潡 "perception.gaze.head"(priority=92) 鍗犵敤锛屾ā鍧?"perception.breath"(priority=93) 璺宠繃璇ラ楠?[adr-147] bone "闋? 宸茶妯″潡 "perception.gaze.head"(priority=92) 鍗犵敤锛屾ā鍧?"perception.breath"(priority=93) 璺宠繃璇ラ楠?[adr-147] bone "head" 宸茶妯″潡 "perception.gaze.head"(priority=92) 鍗犵敤锛屾ā鍧?"perception.breath"(priority=93) 璺宠繃璇ラ楠?[adr-147] bone "Head" 宸茶妯″潡 "perception.gaze.head"(priority=92) 鍗犵敤锛屾ā鍧?"perception.breath"(priority=93) 璺宠繃璇ラ楠?[adr-147] bone "涓婂崐韬?" 宸茶妯″潡 "perception.breath"(priority=93) 鍗犵敤锛屾ā鍧?"perception.balance.upper"(priority=95) 璺宠繃璇ラ楠?[perception] 婵€娲? 妯″瀷=m1 鍛煎惛=true 鐪ㄧ溂=true 澶?true 鐪?true

stderr | src/__tests__/perception/state-lifecycle.int.test.ts > activatePerception > 妯″瀷鏈姞杞芥椂 warn 骞惰繑鍥?[perception] activate: 妯″瀷鏈姞杞芥垨鏃?mmdModel

stderr | src/__tests__/perception/perf-tier.int.test.ts > ADR-164 PerceptionPerfMonitor tier > 5. 鎵嬪姩 tier=low 鏃?gaze/balance/expression/lipsync 鍦?observer 涓烦杩?[perception] 宸叉敞閿€
[adr-147] bone "棣? 宸茶妯″潡 "perception.gaze.head"(priority=92) 鍗犵敤锛屾ā鍧?"perception.breath"(priority=93) 璺宠繃璇ラ楠?[adr-147] bone "闋? 宸茶妯″潡 "perception.gaze.head"(priority=92) 鍗犵敤锛屾ā鍧?"perception.breath"(priority=93) 璺宠繃璇ラ楠?[adr-147] bone "head" 宸茶妯″潡 "perception.gaze.head"(priority=92) 鍗犵敤锛屾ā鍧?"perception.breath"(priority=93) 璺宠繃璇ラ楠?[adr-147] bone "Head" 宸茶妯″潡 "perception.gaze.head"(priority=92) 鍗犵敤锛屾ā鍧?"perception.breath"(priority=93) 璺宠繃璇ラ楠?[adr-147] bone "涓婂崐韬?" 宸茶妯″潡 "perception.breath"(priority=93) 鍗犵敤锛屾ā鍧?"perception.balance.upper"(priority=95) 璺宠繃璇ラ楠?[perception] 婵€娲? 妯″瀷=m1 鍛煎惛=true 鐪ㄧ溂=true 澶?true 鐪?true

stderr | src/__tests__/perception/state-lifecycle.int.test.ts > activatePerception > 妯″瀷宸插姞杞芥椂娉ㄥ唽 observer
[perception] 宸叉敞閿€
[adr-147] bone "棣? 宸茶妯″潡 "perception.gaze.head"(priority=92) 鍗犵敤锛屾ā鍧?"perception.breath"(priority=93) 璺宠繃璇ラ楠?[adr-147] bone "闋? 宸茶妯″潡 "perception.gaze.head"(priority=92) 鍗犵敤锛屾ā鍧?"perception.breath"(priority=93) 璺宠繃璇ラ楠?[adr-147] bone "head" 宸茶妯″潡 "perception.gaze.head"(priority=92) 鍗犵敤锛屾ā鍧?"perception.breath"(priority=93) 璺宠繃璇ラ楠?[adr-147] bone "Head" 宸茶妯″潡 "perception.gaze.head"(priority=92) 鍗犵敤锛屾ā鍧?"perception.breath"(priority=93) 璺宠繃璇ラ楠?[adr-147] bone "涓婂崐韬?" 宸茶妯″潡 "perception.breath"(priority=93) 鍗犵敤锛屾ā鍧?"perception.balance.upper"(priority=95) 璺宠繃璇ラ楠?[perception] 婵€娲? 妯″瀷=m1 鍛煎惛=true 鐪ㄧ溂=true 澶?true 鐪?true

stderr | src/__tests__/perception/perf-tier.int.test.ts > ADR-164 PerceptionPerfMonitor tier > 6. 鎵嬪姩 tier=medium 鏃?gaze 姣?2 甯т竴娆°€乪xpression 姣?4 甯т竴娆?[perception] 宸叉敞閿€
[adr-147] bone "棣? 宸茶妯″潡 "perception.gaze.head"(priority=92) 鍗犵敤锛屾ā鍧?"perception.breath"(priority=93) 璺宠繃璇ラ楠?[adr-147] bone "闋? 宸茶妯″潡 "perception.gaze.head"(priority=92) 鍗犵敤锛屾ā鍧?"perception.breath"(priority=93) 璺宠繃璇ラ楠?[adr-147] bone "head" 宸茶妯″潡 "perception.gaze.head"(priority=92) 鍗犵敤锛屾ā鍧?"perception.breath"(priority=93) 璺宠繃璇ラ楠?[adr-147] bone "Head" 宸茶妯″潡 "perception.gaze.head"(priority=92) 鍗犵敤锛屾ā鍧?"perception.breath"(priority=93) 璺宠繃璇ラ楠?[adr-147] bone "涓婂崐韬?" 宸茶妯″潡 "perception.breath"(priority=93) 鍗犵敤锛屾ā鍧?"perception.balance.upper"(priority=95) 璺宠繃璇ラ楠?[perception] 婵€娲? 妯″瀷=m1 鍛煎惛=true 鐪ㄧ溂=true 澶?true 鐪?true

stderr | src/__tests__/perception/state-lifecycle.int.test.ts > activatePerception > 閲嶅婵€娲诲悓涓€妯″瀷涓嶉噸澶嶆敞鍐?[perception] 宸叉敞閿€
[adr-147] bone "棣? 宸茶妯″潡 "perception.gaze.head"(priority=92) 鍗犵敤锛屾ā鍧?"perception.breath"(priority=93) 璺宠繃璇ラ楠?[adr-147] bone "闋? 宸茶妯″潡 "perception.gaze.head"(priority=92) 鍗犵敤锛屾ā鍧?"perception.breath"(priority=93) 璺宠繃璇ラ楠?[adr-147] bone "head" 宸茶妯″潡 "perception.gaze.head"(priority=92) 鍗犵敤锛屾ā鍧?"perception.breath"(priority=93) 璺宠繃璇ラ楠?[adr-147] bone "Head" 宸茶妯″潡 "perception.gaze.head"(priority=92) 鍗犵敤锛屾ā鍧?"perception.breath"(priority=93) 璺宠繃璇ラ楠?[adr-147] bone "涓婂崐韬?" 宸茶妯″潡 "perception.breath"(priority=93) 鍗犵敤锛屾ā鍧?"perception.balance.upper"(priority=95) 璺宠繃璇ラ楠?[perception] 婵€娲? 妯″瀷=m1 鍛煎惛=true 鐪ㄧ溂=true 澶?true 鐪?true

stderr | src/__tests__/perception/perf-tier.int.test.ts > ADR-164 PerceptionPerfMonitor tier > 7. pinPerception + tier=low 鏃?pinned 妯″瀷淇濈暀鎰熺煡
[perception] 宸叉敞閿€
[adr-147] bone "棣? 宸茶妯″潡 "perception.gaze.head"(priority=92) 鍗犵敤锛屾ā鍧?"perception.breath"(priority=93) 璺宠繃璇ラ楠?[adr-147] bone "闋? 宸茶妯″潡 "perception.gaze.head"(priority=92) 鍗犵敤锛屾ā鍧?"perception.breath"(priority=93) 璺宠繃璇ラ楠?[adr-147] bone "head" 宸茶妯″潡 "perception.gaze.head"(priority=92) 鍗犵敤锛屾ā鍧?"perception.breath"(priority=93) 璺宠繃璇ラ楠?[adr-147] bone "Head" 宸茶妯″潡 "perception.gaze.head"(priority=92) 鍗犵敤锛屾ā鍧?"perception.breath"(priority=93) 璺宠繃璇ラ楠?[adr-147] bone "涓婂崐韬?" 宸茶妯″潡 "perception.breath"(priority=93) 鍗犵敤锛屾ā鍧?"perception.balance.upper"(priority=95) 璺宠繃璇ラ楠?[perception] 婵€娲? 妯″瀷=m1 鍛煎惛=true 鐪ㄧ溂=true 澶?true 鐪?true
[adr-147] bone "棣? 宸茶妯″潡 "perception.gaze.head"(priority=92) 鍗犵敤锛屾ā鍧?"perception.breath"(priority=93) 璺宠繃璇ラ楠?[adr-147] bone "闋? 宸茶妯″潡 "perception.gaze.head"(priority=92) 鍗犵敤锛屾ā鍧?"perception.breath"(priority=93) 璺宠繃璇ラ楠?[adr-147] bone "head" 宸茶妯″潡 "perception.gaze.head"(priority=92) 鍗犵敤锛屾ā鍧?"perception.breath"(priority=93) 璺宠繃璇ラ楠?[adr-147] bone "Head" 宸茶妯″潡 "perception.gaze.head"(priority=92) 鍗犵敤锛屾ā鍧?"perception.breath"(priority=93) 璺宠繃璇ラ楠?[adr-147] bone "涓婂崐韬?" 宸茶妯″潡 "perception.breath"(priority=93) 鍗犵敤锛屾ā鍧?"perception.balance.upper"(priority=95) 璺宠繃璇ラ楠?[perception] pin: 妯″瀷=m2

stderr | src/__tests__/procedural-motion.test.ts > AutoDance 閲嶆瀯鍥炲綊锛堣妭鎷嶆爡鏍?+ 鑲橀儴 + 鏃犵紳寰幆锛?[2m > 鏃犲悓楠ㄩ鍚屽抚鍙烽噸澶嶅叧閿抚锛堝惈绔偣寰幆锛?[procedural-motion] 鏈壘鍒颁换浣曡〃鎯?morph锛岃烦杩囨儏缁疆
[procedural-motion] 鏈壘鍒颁换浣曡〃鎯?morph锛岃烦杩囨儏缁疆
[procedural-motion] 鏈壘鍒颁换浣曡〃鎯?morph锛岃烦杩囨儏缁疆
[procedural-motion] 鏈壘鍒颁换浣曡〃鎯?morph锛岃烦杩囨儏缁疆
[procedural-motion] 鏈壘鍒颁换浣曡〃鎯?morph锛岃烦杩囨儏缁疆

[33m[39m[32m路[39m[33m[39m[32m路[39m[33m[39m[32m路[39m[33m[39m[32m路[39m[33m[39m[32m路[39m[33m[39m[32m路[39m[33m[39m[32m路[39m[33m[39m[32m路[39m[33m[39m[32m路[39m[33m[39m[32m路[39m[33m[39m[32m路[39m[33m[39m[32m路[39m[33m[39m[32m路[39m[33m[39m[32m路[39m[33m[39m[32m路[39m[33m[39m[32m路[39m[33m[39m[32m路[39m[33m[39m[32m路[39m[33m[39m[32m路[39m[33m[39m[32m路[39m[33m[39m[32m路[39m[90mstdout[2m | src/__tests__/perception/state-lifecycle.int.test.ts[2m > [22m[2mactivatePerception[2m > [22m[2m鍒囨崲妯″瀷鏃跺厛娉ㄩ攢鏃?observer 鍐嶆敞鍐屾柊 observer
[22m[39m[bone-override] _getOverrideMap 棣栨涓烘ā鍨嬪垱寤鸿鐩栫储寮?{"modelId":"m1","existingModels":["m1"]}

stderr | src/__tests__/perception/state-lifecycle.int.test.ts > activatePerception > 鍒囨崲妯″瀷鏃跺厛娉ㄩ攢鏃?observer 鍐嶆敞鍐屾柊 observer
[perception] 宸叉敞閿€
[adr-147] bone "棣? 宸茶妯″潡 "perception.gaze.head"(priority=92) 鍗犵敤锛屾ā鍧?"perception.breath"(priority=93) 璺宠繃璇ラ楠?[adr-147] bone "闋? 宸茶妯″潡 "perception.gaze.head"(priority=92) 鍗犵敤锛屾ā鍧?"perception.breath"(priority=93) 璺宠繃璇ラ楠?[adr-147] bone "head" 宸茶妯″潡 "perception.gaze.head"(priority=92) 鍗犵敤锛屾ā鍧?"perception.breath"(priority=93) 璺宠繃璇ラ楠?[adr-147] bone "Head" 宸茶妯″潡 "perception.gaze.head"(priority=92) 鍗犵敤锛屾ā鍧?"perception.breath"(priority=93) 璺宠繃璇ラ楠?[adr-147] bone "涓婂崐韬?" 宸茶妯″潡 "perception.breath"(priority=93) 鍗犵敤锛屾ā鍧?"perception.balance.upper"(priority=95) 璺宠繃璇ラ楠?[perception] 婵€娲? 妯″瀷=m1 鍛煎惛=true 鐪ㄧ溂=true 澶?true 鐪?true
[perception] 宸叉敞閿€
[adr-147] bone "棣? 宸茶妯″潡 "perception.gaze.head"(priority=92) 鍗犵敤锛屾ā鍧?"perception.breath"(priority=93) 璺宠繃璇ラ楠?[adr-147] bone "闋? 宸茶妯″潡 "perception.gaze.head"(priority=92) 鍗犵敤锛屾ā鍧?"perception.breath"(priority=93) 璺宠繃璇ラ楠?[adr-147] bone "head" 宸茶妯″潡 "perception.gaze.head"(priority=92) 鍗犵敤锛屾ā鍧?"perception.breath"(priority=93) 璺宠繃璇ラ楠?[adr-147] bone "Head" 宸茶妯″潡 "perception.gaze.head"(priority=92) 鍗犵敤锛屾ā鍧?"perception.breath"(priority=93) 璺宠繃璇ラ楠?[adr-147] bone "涓婂崐韬?" 宸茶妯″潡 "perception.breath"(priority=93) 鍗犵敤锛屾ā鍧?"perception.balance.upper"(priority=95) 璺宠繃璇ラ楠?[perception] 婵€娲? 妯″瀷=m2 鍛煎惛=true 鐪ㄧ溂=true 澶?true 鐪?true

[33m[39m[32m路[39m[33m[39m[32m路[39m[33m[39m[32m路[39m[33m[39m[32m路[39m[33m[39m[32m路[39m[33m[39m[32m路[39m[33m[39m[32m路[39m[33m[39m[32m路[39m[33m[39m[32m路[39m[33m[39m[32m路[39m[90mstdout[2m | src/__tests__/perception/state-lifecycle.int.test.ts[2m > [22m[2mdeactivatePerception[2m > [22m[2m娉ㄩ攢 observer
[22m[39m[bone-override] _getOverrideMap 棣栨涓烘ā鍨嬪垱寤鸿鐩栫储寮?{"modelId":"m1","existingModels":["m1"]}

stderr | src/__tests__/perception/state-lifecycle.int.test.ts > deactivatePerception > 娉ㄩ攢 observer
[perception] 宸叉敞閿€
[adr-147] bone "棣? 宸茶妯″潡 "perception.gaze.head"(priority=92) 鍗犵敤锛屾ā鍧?"perception.breath"(priority=93) 璺宠繃璇ラ楠?[adr-147] bone "闋? 宸茶妯″潡 "perception.gaze.head"(priority=92) 鍗犵敤锛屾ā鍧?"perception.breath"(priority=93) 璺宠繃璇ラ楠?[adr-147] bone "head" 宸茶妯″潡 "perception.gaze.head"(priority=92) 鍗犵敤锛屾ā鍧?"perception.breath"(priority=93) 璺宠繃璇ラ楠?[adr-147] bone "Head" 宸茶妯″潡 "perception.gaze.head"(priority=92) 鍗犵敤锛屾ā鍧?"perception.breath"(priority=93) 璺宠繃璇ラ楠?[adr-147] bone "涓婂崐韬?" 宸茶妯″潡 "perception.breath"(priority=93) 鍗犵敤锛屾ā鍧?"perception.balance.upper"(priority=95) 璺宠繃璇ラ楠?[perception] 婵€娲? 妯″瀷=m1 鍛煎惛=true 鐪ㄧ溂=true 澶?true 鐪?true
[perception] 宸叉敞閿€

stderr | src/__tests__/procedural-motion.test.ts > AutoDance 閲嶆瀯鍥炲綊锛堣妭鎷嶆爡鏍?+ 鑲橀儴 + 鏃犵紳寰幆锛?[2m > 瀛樺湪鑲橀儴楠ㄩ甯э紙宸︺伈銇?鍙炽伈銇橈級锛屾墜鑷傚彲鑷劧寮洸
[procedural-motion] 鏈壘鍒颁换浣曡〃鎯?morph锛岃烦杩囨儏缁疆

stderr | src/__tests__/perception/state-lifecycle.int.test.ts > deactivatePerception > 鏈縺娲绘椂璋冪敤涓嶆姏閿?[perception] 宸叉敞閿€

stderr | src/__tests__/procedural-motion.test.ts > AutoDance 閲嶆瀯鍥炲綊锛堣妭鎷嶆爡鏍?+ 鑲橀儴 + 鏃犵紳寰幆锛?[2m > Center 鍚?X 閲嶅績杞Щ锛坧osition[0] 闈為浂锛夛紝娑堢伃鍘熷湴婕傛诞鎰?[procedural-motion] 鏈壘鍒颁换浣曡〃鎯?morph锛岃烦杩囨儏缁疆

[33m[39m[32m路[39m[33m[39m[32m路[39m[90mstdout[2m | src/__tests__/perception/state-lifecycle.int.test.ts[2m > [22m[2monPerceptionModelRemoved[2m > [22m[2m绉婚櫎褰撳墠鎰熺煡妯″瀷鏃舵敞閿€ observer
[22m[39m[bone-override] _getOverrideMap 棣栨涓烘ā鍨嬪垱寤鸿鐩栫储寮?{"modelId":"m1","existingModels":["m1"]}

stderr | src/__tests__/perception/state-lifecycle.int.test.ts > onPerceptionModelRemoved > 绉婚櫎褰撳墠鎰熺煡妯″瀷鏃舵敞閿€ observer
[perception] 宸叉敞閿€
[adr-147] bone "棣? 宸茶妯″潡 "perception.gaze.head"(priority=92) 鍗犵敤锛屾ā鍧?"perception.breath"(priority=93) 璺宠繃璇ラ楠?[adr-147] bone "闋? 宸茶妯″潡 "perception.gaze.head"(priority=92) 鍗犵敤锛屾ā鍧?"perception.breath"(priority=93) 璺宠繃璇ラ楠?[adr-147] bone "head" 宸茶妯″潡 "perception.gaze.head"(priority=92) 鍗犵敤锛屾ā鍧?"perception.breath"(priority=93) 璺宠繃璇ラ楠?[adr-147] bone "Head" 宸茶妯″潡 "perception.gaze.head"(priority=92) 鍗犵敤锛屾ā鍧?"perception.breath"(priority=93) 璺宠繃璇ラ楠?[adr-147] bone "涓婂崐韬?" 宸茶妯″潡 "perception.breath"(priority=93) 鍗犵敤锛屾ā鍧?"perception.balance.upper"(priority=95) 璺宠繃璇ラ楠?[perception] 婵€娲? 妯″瀷=m1 鍛煎惛=true 鐪ㄧ溂=true 澶?true 鐪?true
[perception] 宸叉敞閿€

stderr | src/__tests__/perception/state-lifecycle.int.test.ts > onPerceptionModelRemoved > 绉婚櫎鍏朵粬妯″瀷鏃朵笉褰卞搷褰撳墠 observer
[perception] 宸叉敞閿€
[adr-147] bone "棣? 宸茶妯″潡 "perception.gaze.head"(priority=92) 鍗犵敤锛屾ā鍧?"perception.breath"(priority=93) 璺宠繃璇ラ楠?[adr-147] bone "闋? 宸茶妯″潡 "perception.gaze.head"(priority=92) 鍗犵敤锛屾ā鍧?"perception.breath"(priority=93) 璺宠繃璇ラ楠?[adr-147] bone "head" 宸茶妯″潡 "perception.gaze.head"(priority=92) 鍗犵敤锛屾ā鍧?"perception.breath"(priority=93) 璺宠繃璇ラ楠?[adr-147] bone "Head" 宸茶妯″潡 "perception.gaze.head"(priority=92) 鍗犵敤锛屾ā鍧?"perception.breath"(priority=93) 璺宠繃璇ラ楠?[adr-147] bone "涓婂崐韬?" 宸茶妯″潡 "perception.breath"(priority=93) 鍗犵敤锛屾ā鍧?"perception.balance.upper"(priority=95) 璺宠繃璇ラ楠?[perception] 婵€娲? 妯″瀷=m1 鍛煎惛=true 鐪ㄧ溂=true 澶?true 鐪?true

stderr | src/__tests__/outfit.variant.test.ts > applyOutfitVariant > should set activeVariant after apply
[outfit] _applySlot: failed to read texture school.png

stderr | src/__tests__/outfit.variant.test.ts > applyOutfitVariant > should apply byMaterial override over byCategory
[outfit] _applySlot: failed to read texture school.png

stderr | src/__tests__/outfit.params.test.ts > outfit helper functions (via integration) > should apply params and tint from variant
[outfit] _applySlot: failed to read texture new_diffuse.png
[outfit] _applySlot: failed to read texture new_toon.png
[outfit] _applySlot: failed to read texture new_spa.png
[outfit] _applySlot: failed to read texture new_normal.png
[outfit] _applySlot: failed to read texture new_emissive.png

stderr | src/__tests__/outfit.variant.test.ts > applyOutfitVariant > should apply "all" slot fallback
[outfit] _applySlot: failed to read texture show.png
[outfit] _applySlot: failed to read texture show_toon.png

stderr | src/__tests__/outfit.variant.test.ts > applyOutfitVariant > should not re-capture _origTextures on second apply
[outfit] _applySlot: failed to read texture school.png

stderr | src/__tests__/outfit.params.test.ts > outfit helper functions (via integration) > should handle variant with all params
[outfit] _applySlot: failed to read texture all_diffuse.png

stderr | src/__tests__/menu-schema.conflict.test.ts > ADR-093 Menu Schema 鈥?conflictHint 鍐茬獊鏍囪 > shows warning icon when module conflicts exist
[i18n] key "env.groundPitch" not found in zh-CN base bundle 鈥?possible typo
[i18n] key "motion.conflictHint" not found in zh-CN base bundle 鈥?possible typo

stderr | src/__tests__/menu-schema.conflict.test.ts > ADR-093 Menu Schema 鈥?conflictHint 鍐茬獊鏍囪 > no icon when no conflicts
[i18n] key "env.groundPitch" not found in zh-CN base bundle 鈥?possible typo

[33m[39m[32m路[39m[33m[39m[32m路[39m[33m[39m[32m路[39m[33m[39m[32m路[39m[33m[39m[32m路[39m[33m[39m[32m路[39m[33m[39m[32m路[39m[33m[39m[32m路[39m[33m[39m[32m路[39m[33m[39m[32m路[39m[33m[39m[32m路[39m[33m[39m[32m路[39m[33m[39m[32m路[39m[33m[39m[32m路[39m[33m[39m[32m路[39m[33m[39m[32m路[39m[33m[39m[32m路[39m[33m[39m[32m路[39m[33m[39m[32m路[39m[33m[39m[32m路[39m[33m[39m[32m路[39m[33m[39m[32m路[39m[33m[39m[32m路[39m[33m[39m[32m路[39m[33m[39m[32m路[39m[33m[39m[32m路[39m[33m[39m[32m路[39m[33m[39m[32m路[39m[33m[39m[32m路[39m[33m[39m[32m路[39m[33m[39m[32m路[39m[33m[39m[32m路[39m[33m[39m[32m路[39m[33m[39m[32m路[39m[33m[39m[32m路[39m[33m[39m[32m路[39m[33m[39m[32m路[39m[33m[39m[32m路[39m[33m[39m[32m路[39m[33m[39m[32m路[39m[33m[39m[32m路[39m[33m[39m[32m路[39m[33m[39m[32m路[39m[33m[39m[32m路[39m[33m[39m[32m路[39m[33m[39m[32m路[39m[33m[39m[32m路[39m[33m[39m[32m路[39m[33m[39m[32m路[39m[33m[39m[32m路[39m[33m[39m[32m路[39m[33m[39m[32m路[39m[33m[39m[32m路[39m[33m[39m[32m路[39m[33m[39m[32m路[39m[33m[39m[32m路[39m[33m[39m[32m路[39m[33m[39m[32m路[39m[33m[39m[32m路[39m[33m[39m[32m路[39m[33m[39m[32m路[39m[33m[39m[32m路[39m[33m[39m[32m路[39m[33m[39m[32m路[39m[33m[39m[32m路[39m[90mstdout[2m | src/__tests__/scene/performance-refresh-rate.test.ts[2m > [22m[2mADR-118 Phase 1: 鍒锋柊鐜囩浉瀵归槇鍊?[2m > [22m[2m60Hz 鈥?RSCALE=1锛孎PS<28 瑙﹀彂 L1 闄嶇骇锛堥浂鍥炲綊锛?[22m[39m[00:00:00] [Performance] Mode set to: auto
[00:00:00] [Performance] Level 1: 杞诲害闄嶇骇

[33m[39m[32m路[39m[33m[39m[32m路[39m[33m[39m[32m路[39m[33m[39m[32m路[39m[33m[39m[32m路[39m[33m[39m[32m路[39m[33m[39m[32m路[39m[33m[39m[32m路[39m[33m[39m[32m路[39m[90mstdout[2m | src/__tests__/scene/performance-refresh-rate.test.ts[2m > [22m[2mADR-118 Phase 1: 鍒锋柊鐜囩浉瀵归槇鍊?[2m > [22m[2m60Hz 鈥?FPS=45 涓嶈Е鍙戦檷绾э紙瀵圭収缁勶級
[22m[39m[00:00:00] [Performance] Mode set to: auto

[90mstdout[2m | src/__tests__/scene/performance-refresh-rate.test.ts[2m > [22m[2mADR-118 Phase 1: 鍒锋柊鐜囩浉瀵归槇鍊?[2m > [22m[2m60Hz 鈥?L1 闄嶇骇鍚?FPS鈮?2 鎭㈠鍒?L0
[22m[39m[00:00:00] [Performance] Mode set to: auto
[00:00:00] [Performance] Level 1: 杞诲害闄嶇骇
[00:00:00] [Performance] Mode set to: balanced
[00:00:00] [Performance] Mode set to: auto
[00:00:00] [Performance] Restored to full quality

[90mstdout[2m | src/__tests__/scene/performance-refresh-rate.test.ts[2m > [22m[2mADR-118 Phase 1: 鍒锋柊鐜囩浉瀵归槇鍊?[2m > [22m[2m120Hz 鈥?闃堝€肩炕鍊嶏紝FPS=45 瑙﹀彂 L1锛?0Hz 涓?45 涓嶄細瑙﹀彂锛?[22m[39m[00:00:00] [Performance] Mode set to: auto
[00:00:00] [Performance] Level 1: 杞诲害闄嶇骇

[90mstdout[2m | src/__tests__/scene/performance-refresh-rate.test.ts[2m > [22m[2mADR-118 鍋ュ．鎬ц竟鐣?[2m > [22m[2mrefreshRate=1000 鈫?閽充綅 240锛孎PS=100 瑙﹀彂 L1
[22m[39m[00:00:00] [Performance] Mode set to: auto
[00:00:00] [Performance] Level 1: 杞诲害闄嶇骇

[90mstdout[2m | src/__tests__/scene/performance-refresh-rate.test.ts[2m > [22m[2mADR-118 鍋ュ．鎬ц竟鐣?[2m > [22m[2mrefreshRate=undefined 鈫?鍥炶惤 60Hz锛孎PS=25 瑙﹀彂 L1
[22m[39m[00:00:00] [Performance] Mode set to: auto
[00:00:00] [Performance] Level 1: 杞诲害闄嶇骇

[90mstdout[2m | src/__tests__/scene/performance-refresh-rate.test.ts[2m > [22m[2mADR-118 鍋ュ．鎬ц竟鐣?[2m > [22m[2mrefreshRate=0 鈫?鍥炶惤 60Hz锛堥潪姝ｆ暟瑙嗕负鏃犳晥锛?[22m[39m[00:00:00] [Performance] Mode set to: auto
[00:00:00] [Performance] Level 1: 杞诲害闄嶇骇

[90mstdout[2m | src/__tests__/scene/performance-refresh-rate.test.ts[2m > [22m[2mADR-118 Phase 2: recalcPerformanceReference[2m > [22m[2m杩愯鏃跺埛鏂扮巼涓婂崌鏃讹紝recalc 鏇存柊纭欢鍩哄噯骞舵敹绱ч檷绾цЕ鍙?[22m[39m[00:00:00] [Performance] Mode set to: auto
[00:00:00] [Performance] Level 1: 杞诲害闄嶇骇

stderr | src/__tests__/menu/stack-render.test.ts > SlideMenu 鈥?灞傜骇鏍堢鐞?[2m > reset 鍒涘缓鍒濆灞傜骇
[i18n] key "common.empty" not found in zh-CN base bundle 鈥?possible typo

stderr | src/__tests__/menu/stack-render.test.ts > SlideMenu 鈥?娓叉煋 > reset 鏋勫缓闈㈡澘 DOM
[i18n] key "menu.noHint" not found in zh-CN base bundle 鈥?possible typo

stderr | src/__tests__/menu/lifecycle.test.ts > SlideMenu 鈥?鐢熷懡鍛ㄦ湡 (dispose / 鍔ㄧ敾) > dispose > 娓呯┖ levels 鍜岀紦瀛?[i18n] key "common.empty" not found in zh-CN base bundle 鈥?possible typo

stderr | src/core/ai/__tests__/browser-adapter.test.ts > BrowserAiAdapter > fetchModels() > 鍏ㄩ儴鍊欓€夌鐐瑰け璐?鈫?杩斿洖绌烘暟缁?[ai-config] fetchModels 鍏ㄩ儴鍊欓€夊け璐?endpoint=https://api.deepseek.com/v1/chat/completions Error: HTTP 404: https://api.deepseek.com/models
    at BrowserAiAdapter.fetchModels (C:/Users/zhujieling11/MikuMikuAR/frontend/src/core/ai/browser-adapter.ts:181:31)
    at C:/Users/zhujieling11/MikuMikuAR/frontend/src/core/ai/__tests__/browser-adapter.test.ts:517:28
    at file:///C:/Users/zhujieling11/MikuMikuAR/frontend/node_modules/@vitest/runner/dist/chunk-artifact.js:1903:20

stderr | src/core/ai/__tests__/browser-adapter.test.ts > BrowserAiAdapter > fetchModels() > fetchModels 澶辫触鏃剁紦瀛樹笉鍙橈紝capabilities 鍥為€€閰嶇疆妯″瀷
[ai-config] fetchModels 鍏ㄩ儴鍊欓€夊け璐?endpoint=https://api.openai.com/v1/chat/completions Error: HTTP 404: https://api.openai.com/models
    at BrowserAiAdapter.fetchModels (C:/Users/zhujieling11/MikuMikuAR/frontend/src/core/ai/browser-adapter.ts:181:31)
    at C:/Users/zhujieling11/MikuMikuAR/frontend/src/core/ai/__tests__/browser-adapter.test.ts:545:13
    at file:///C:/Users/zhujieling11/MikuMikuAR/frontend/node_modules/@vitest/runner/dist/chunk-artifact.js:1903:20

stderr | src/__tests__/proc-motion-bridge.state.test.ts > getProcMotionState > reflects changes made by setters
[proc-motion] regenerateProcMotion: 鏃犵洰鏍?MMD 妯″瀷锛岃烦杩?[proc-motion] regenerateProcMotion: 鏃犵洰鏍?MMD 妯″瀷锛岃烦杩?
stderr | src/__tests__/menu/focus.test.ts > SlideMenu 鈥?鐒︾偣鍏ㄩ潰 (setupFocus/clearFocus/applyFocus/activateFocused) > setupFocus 鍒濆鍖栫劍鐐逛负 0 骞跺簲鐢ㄦ牱寮?[i18n] key "menu.noHint" not found in zh-CN base bundle 鈥?possible typo

[33m[39m[32m路[39m[33m[39m[32m路[39m[33m[39m[32m路[39m[33m[39m[32m路[39m[33m[39m[32m路[39m[33m[39m[32m路[39m[33m[39m[32m路[39m[33m[39m[32m路[39m[33m[39m[32m路[39m[33m[39m[32m路[39m[33m[39m[32m路[39m[33m[39m[32m路[39m[33m[39m[32m路[39m[33m[39m[32m路[39m[33m[39m[32m路[39m[33m[39m[32m路[39m[33m[39m[32m路[39m[33m[39m[32m路[39m[33m[39m[32m路[39m[33m[39m[32m路[39m[33m[39m[32m路[39m[33m[39m[32m路[39m[33m[39m[32m路[39m[33m[39m[32m路[39m[33m[39m[32m路[39m[33m[39m[32m路[39m[33m[39m[32m路[39m[33m[39m[32m路[39m[33m[39m[32m路[39m[33m[39m[32m路[39m[33m[39m[32m路[39m[33m[39m[32m路[39m[33m[39m[32m路[39m[33m[39m[32m路[39m[33m[39m[32m路[39m[33m[39m[32m路[39m[33m[39m[32m路[39m[33m[39m[32m路[39m[33m[39m[32m路[39m[33m[39m[32m路[39m[33m[39m[32m路[39m[33m[39m[32m路[39m[33m[39m[32m路[39m[33m[39m[32m路[39m[33m[39m[32m路[39m[33m[39m[32m路[39m[33m[39m[32m路[39m[33m[39m[32m路[39m[33m[39m[32m路[39m[33m[39m[32m路[39m[33m[39m[32m路[39m[33m[39m[32m路[39m[33m[39m[32m路[39m[33m[39m[32m路[39m[33m[39m[32m路[39m[33m[39m[32m路[39m[33m[39m[32m路[39m[33m[39m[32m路[39m[33m[39m[32m路[39m[33m[39m[32m路[39m[33m[39m[32m路[39m[33m[39m[32m路[39m[33m[39m[32m路[39m[33m[39m[32m路[39m[33m[39m[32m路[39m[33m[39m[32m路[39m[33m[39m[32m路[39m[33m[39m[32m路[39m[33m[39m[32m路[39m[33m[39m[32m路[39m[33m[39m[32m路[39m[33m[39m[32m路[39m[33m[39m[32m路[39m[33m[39m[32m路[39m[33m[39m[32m路[39m[33m[39m[32m路[39m[33m[39m[32m路[39m[33m[39m[32m路[39m[33m[39m[32m路[39m[33m[39m[32m路[39m[33m[39m[32m路[39m[33m[39m[32m路[39m[33m[39m[32m路[39m[33m[39m[32m路[39m[33m[39m[32m路[39m[33m[39m[32m路[39m[33m[39m[32m路[39m[33m[39m[32m路[39m[33m[39m[32m路[39m[33m[39m[32m路[39m[33m[39m[32m路[39m[33m[39m[32m路[39m[33m[39m[32m路[39m[33m[39m[32m路[39m[33m[39m[32m路[39m[33m[39m[32m路[39m[33m[39m[32m路[39m[33m[39m[32m路[39m[33m[39m[32m路[39m[33m[39m[32m路[39m[33m[39m[32m路[39m[33m[39m[32m路[39m[33m[39m[32m路[39m[33m[39m[32m路[39m[33m[39m[32m路[39m[33m[39m[32m路[39m[33m[39m[32m路[39m[33m[39m[32m路[39m[33m[39m[32m路[39m[33m[39m[32m路[39m[33m[39m[32m路[39m[33m[39m[32m路[39m[33m[39m[32m路[39m[33m[39m[32m路[39m[33m[39m[32m路[39m[33m[39m[32m路[39m[33m[39m[32m路[39m[33m[39m[32m路[39m[33m[39m[32m路[39m[33m[39m[32m路[39m[33m[39m[32m路[39m[33m[39m[32m路[39m[33m[39m[32m路[39m[33m[39m[32m路[39m[33m[39m[32m路[39m[33m[39m[32m路[39m[33m[39m[32m路[39m[33m[39m[32m路[39m[33m[39m[32m路[39m[90mstdout[2m | src/__tests__/environment-integration.test.ts
[22m[39mBJS - [22:19:00]: Babylon.js v9.19.0 - Null engine

stderr | src/__tests__/menu/rows.test.ts > SlideMenu 鈥?鍒涘缓琛?(createRow DOM 绫诲瀷) > divider 琛岀敓鎴愬垎闅旂嚎 DOM
[i18n] key "common.empty" not found in zh-CN base bundle 鈥?possible typo

stderr | src/__tests__/menu/rows.test.ts > SlideMenu 鈥?鍒涘缓琛?(createRow DOM 绫诲瀷) > action 琛岀敓鎴?slide-item
[i18n] key "menu.noHint" not found in zh-CN base bundle 鈥?possible typo

stderr | src/__tests__/menu/rows.test.ts > SlideMenu 鈥?鍒涘缓琛?(createRow DOM 绫诲瀷) > action 琛屽甫 onAddClick 鐢熸垚娣诲姞鎸夐挳
[i18n] key "library.loadModel" not found in zh-CN base bundle 鈥?possible typo

stderr | src/core/ai/__tests__/go-adapter.test.ts > GoAiAdapter > capabilities() > 鍒锋柊澶辫触鏃?available=false
[ai-config] Go _refreshCapabilities 澶辫触: Error: IPC error
    at C:/Users/zhujieling11/MikuMikuAR/frontend/src/core/ai/__tests__/go-adapter.test.ts:152:65
    at processTicksAndRejections (node:internal/process/task_queues:104:5)
    at file:///C:/Users/zhujieling11/MikuMikuAR/frontend/node_modules/@vitest/runner/dist/chunk-artifact.js:1903:20

stderr | src/core/ai/__tests__/go-adapter.test.ts > GoAiAdapter > testConnection() > binding 鎶涘嚭寮傚父鏃惰繑鍥炲彲鎿嶄綔鎻愮ず
[ai-connection] Go AiTestLLMConnection binding 璋冪敤澶辫触: Error: connection refused
    at C:/Users/zhujieling11/MikuMikuAR/frontend/src/core/ai/__tests__/go-adapter.test.ts:191:17
    at processTicksAndRejections (node:internal/process/task_queues:104:5)
    at file:///C:/Users/zhujieling11/MikuMikuAR/frontend/node_modules/@vitest/runner/dist/chunk-artifact.js:1903:20

stderr | src/core/ai/__tests__/go-adapter.test.ts > GoAiAdapter > testConnection() > 闈?connection 寮傚父鐨?binding 閿欒
[ai-connection] Go AiTestLLMConnection binding 璋冪敤澶辫触: Error: serialization failed
    at C:/Users/zhujieling11/MikuMikuAR/frontend/src/core/ai/__tests__/go-adapter.test.ts:201:17
    at processTicksAndRejections (node:internal/process/task_queues:104:5)
    at file:///C:/Users/zhujieling11/MikuMikuAR/frontend/node_modules/@vitest/runner/dist/chunk-artifact.js:1903:20

stderr | src/core/ai/__tests__/go-adapter.test.ts > GoAiAdapter > fetchModels() > bindings 鍑洪敊 鈫?鍥為€€ _discoveredModels
[ai-config] Go AiFetchModels 澶辫触: Error: network err
    at C:/Users/zhujieling11/MikuMikuAR/frontend/src/core/ai/__tests__/go-adapter.test.ts:231:64
    at processTicksAndRejections (node:internal/process/task_queues:104:5)
    at file:///C:/Users/zhujieling11/MikuMikuAR/frontend/node_modules/@vitest/runner/dist/chunk-artifact.js:1903:20

[33m[39m[32m路[39m[33m[39m[32m路[39m[33m[39m[32m路[39m[33m[39m[32m路[39m[33m[39m[32m路[39m[33m[39m[32m路[39m[33m[39m[32m路[39m[33m[39m[32m路[39m[33m[39m[32m路[39m[33m[39m[32m路[39m[33m[39m[32m路[39m[33m[39m[32m路[39m[33m[39m[32m路[39m[33m[39m[32m路[39m[33m[39m[32m路[39m[33m[39m[32m路[39m[33m[39m[32m路[39m[33m[39m[32m路[39m[33m[39m[32m路[39m[33m[39m[32m路[39m[33m[39m[32m路[39m[33m[39m[32m路[39m[33m[39m[32m路[39m[33m[39m[32m路[39m[33m[39m[32m路[39m[33m[39m[32m路[39m[33m[39m[32m路[39m[33m[39m[32m路[39m[33m[39m[32m路[39m[33m[39m[32m路[39m[33m[39m[32m路[39m[33m[39m[32m路[39m[33m[39m[32m路[39m[33m[39m[32m路[39m[33m[39m[32m路[39m[33m[39m[32m路[39m[33m[39m[32m路[39m[33m[39m[32m路[39m[33m[39m[32m路[39m[33m[39m[32m路[39m[33m[39m[32m路[39m[33m[39m[32m路[39m[33m[39m[32m路[39m[33m[39m[32m路[39m[33m[39m[32m路[39m[33m[39m[32m路[39m[33m[39m[32m路[39m[33m[39m[32m路[39m[33m[39m[32m路[39m[33m[39m[32m路[39m[33m[39m[32m路[39m[33m[39m[32m路[39m[33m[39m[32m路[39m[33m[39m[32m路[39m[33m[39m[32m路[39m[33m[39m[32m路[39m[33m[39m[32m路[39m[33m[39m[32m路[39m[33m[39m[32m路[39m[33m[39m[32m路[39m[33m[39m[32m路[39m[33m[39m[32m路[39m[33m[39m[32m路[39m[33m[39m[32m路[39m[33m[39m[32m路[39m[33m[39m[32m路[39m[33m[39m[32m路[39m[33m[39m[32m路[39m[33m[39m[32m路[39m[33m[39m[32m路[39m[33m[39m[32m路[39m[33m[39m[32m路[39m[33m[39m[32m路[39m[33m[39m[32m路[39m[33m[39m[32m路[39m[33m[39m[32m路[39m[33m[39m[32m路[39m[33m[39m[32m路[39m[33m[39m[32m路[39m[33m[39m[32m路[39m[33m[39m[32m路[39m[33m[39m[32m路[39m[33m[39m[32m路[39m[33m[39m[32m路[39m[33m[39m[32m路[39m[33m[39m[32m路[39m[33m[39m[32m路[39m[33m[39m[32m路[39m[33m[39m[32m路[39m[33m[39m[32m路[39m[33m[39m[32m路[39m[33m[39m[32m路[39m[33m[39m[32m路[39m[33m[39m[32m路[39m[33m[39m[32m路[39m[33m[39m[32m路[39m[33m[39m[32m路[39m[33m[39m[32m路[39m[33m[39m[32m路[39m[33m[39m[32m路[39m[33m[39m[32m路[39m[33m[39m[32m路[39m[33m[39m[32m路[39m[33m[39m[32m路[39m[33m[39m[32m路[39m[33m[39m[32m路[39m[33m[39m[32m路[39m[33m[39m[32m路[39m[33m[39m[32m路[39m[33m[39m[32m路[39m[33m[39m[32m路[39m[33m[39m[32m路[39m[33m[39m[32m路[39m[33m[39m[32m路[39m[33m[39m[32m路[39m[33m[39m[32m路[39m[33m[39m[32m路[39m[33m[39m[32m路[39m[33m[39m[32m路[39m[33m[39m[32m路[39m[33m[39m[32m路[39m[33m[39m[32m路[39m[33m[39m[32m路[39m[33m[39m[32m路[39m[33m[39m[32m路[39m[33m[39m[32m路[39m[90mstdout[2m | src/core/ai/__tests__/go-adapter.test.ts[2m > [22m[2mGoAiAdapter[2m > [22m[2mstreamChat()[2m > [22m[2m鏀跺埌 text 鍧楀悗 yield text + done
[22m[39m[ai-stream] 鍙戣捣 AiStreamChat model=(榛樿) 娑堟伅鏁?1 tools=0

[90mstdout[2m | src/__tests__/scene/ik-resolver-timing.test.ts[2m > [22m[2mIK 閲嶈В鍙岃皟鐢ㄨ矾寰勬椂搴忥紙ADR-202 搂鍏級[2m > [22m[2m鍦烘櫙A锛欼K 鐩爣楠ㄦ湁 POS 瑕嗙洊 鈫?bone-override 璋?resolver锛宖eet-adjustment skip
[22m[39mBJS - [22:19:01]: Babylon.js v9.19.0 - Null engine
[bone-override] _getOverrideMap 棣栨涓烘ā鍨嬪垱寤鸿鐩栫储寮?{"modelId":"test-model","existingModels":["test-model"]}

[90mstdout[2m | src/core/ai/__tests__/go-adapter.test.ts[2m > [22m[2mGoAiAdapter[2m > [22m[2mstreamChat()[2m > [22m[2m鏀跺埌 text 鍧楀悗 yield text + done
[22m[39m[ai-stream] AiStreamChat 宸叉彁浜わ紝绛夊緟鍚庣浜嬩欢鈥?鑰楁椂=0ms

[90mstdout[2m | src/core/ai/__tests__/go-adapter.test.ts[2m > [22m[2mGoAiAdapter[2m > [22m[2mstreamChat()[2m > [22m[2m鏀跺埌 text 鍧楀悗 yield text + done
[22m[39m[ai-stream] 棣栦簨浠跺埌杈?kind=chunk 鑰楁椂=1ms
[ai-stream] 鏀跺埌 done 鎬昏€楁椂=1ms 浜嬩欢鏁?2

[90mstdout[2m | src/core/ai/__tests__/go-adapter.test.ts[2m > [22m[2mGoAiAdapter[2m > [22m[2mstreamChat()[2m > [22m[2m鏀跺埌 tool_call 鍧?[22m[39m[ai-stream] 鍙戣捣 AiStreamChat model=(榛樿) 娑堟伅鏁?1 tools=0

[90mstdout[2m | src/core/ai/__tests__/go-adapter.test.ts[2m > [22m[2mGoAiAdapter[2m > [22m[2mstreamChat()[2m > [22m[2m鏀跺埌 tool_call 鍧?[22m[39m[ai-stream] AiStreamChat 宸叉彁浜わ紝绛夊緟鍚庣浜嬩欢鈥?鑰楁椂=0ms

[90mstdout[2m | src/core/ai/__tests__/go-adapter.test.ts[2m > [22m[2mGoAiAdapter[2m > [22m[2mstreamChat()[2m > [22m[2m鏀跺埌 tool_call 鍧?[22m[39m[ai-stream] 棣栦簨浠跺埌杈?kind=tool_call 鑰楁椂=1ms
[ai-stream] 鏀跺埌 done 鎬昏€楁椂=1ms 浜嬩欢鏁?2

[90mstdout[2m | src/core/ai/__tests__/go-adapter.test.ts[2m > [22m[2mGoAiAdapter[2m > [22m[2mstreamChat()[2m > [22m[2m鏀跺埌 error 浜嬩欢 鈫?yield error + done
[22m[39m[ai-stream] 鍙戣捣 AiStreamChat model=(榛樿) 娑堟伅鏁?1 tools=0

[90mstdout[2m | src/core/ai/__tests__/go-adapter.test.ts[2m > [22m[2mGoAiAdapter[2m > [22m[2mstreamChat()[2m > [22m[2m鏀跺埌 error 浜嬩欢 鈫?yield error + done
[22m[39m[ai-stream] AiStreamChat 宸叉彁浜わ紝绛夊緟鍚庣浜嬩欢鈥?鑰楁椂=0ms

stderr | src/core/ai/__tests__/go-adapter.test.ts > GoAiAdapter > streamChat() > 鏀跺埌 error 浜嬩欢 鈫?yield error + done
[ai-stream] 鏀跺埌 error 浜嬩欢 鑰楁椂=1ms: 妯″瀷鍝嶅簲瓒呮椂

[90mstdout[2m | src/core/ai/__tests__/go-adapter.test.ts[2m > [22m[2mGoAiAdapter[2m > [22m[2mstreamChat()[2m > [22m[2m鏀跺埌 error 浜嬩欢 鈫?yield error + done
[22m[39m[ai-stream] 棣栦簨浠跺埌杈?kind=error 鑰楁椂=1ms

[90mstdout[2m | src/core/ai/__tests__/go-adapter.test.ts[2m > [22m[2mGoAiAdapter[2m > [22m[2mstreamChat()[2m > [22m[2mAiStreamChat 鎻愪氦澶辫触 鈫?yield error
[22m[39m[ai-stream] 鍙戣捣 AiStreamChat model=(榛樿) 娑堟伅鏁?1 tools=0

stderr | src/core/ai/__tests__/go-adapter.test.ts > GoAiAdapter > streamChat() > AiStreamChat 鎻愪氦澶辫触 鈫?yield error
[ai-stream] AiStreamChat 鎻愪氦澶辫触: IPC serialization failed

[90mstdout[2m | src/core/ai/__tests__/go-adapter.test.ts[2m > [22m[2mGoAiAdapter[2m > [22m[2mstreamChat()[2m > [22m[2m澶栭儴 AbortSignal 涓柇 鈫?yield done
[22m[39m[ai-stream] 鍙戣捣 AiStreamChat model=(榛樿) 娑堟伅鏁?1 tools=0

[90mstdout[2m | src/core/ai/__tests__/go-adapter.test.ts[2m > [22m[2mGoAiAdapter[2m > [22m[2mstreamChat()[2m > [22m[2m澶栭儴 AbortSignal 涓柇 鈫?yield done
[22m[39m[ai-stream] AiStreamChat 宸叉彁浜わ紝绛夊緟鍚庣浜嬩欢鈥?鑰楁椂=0ms

[90mstdout[2m | src/core/ai/__tests__/go-adapter.test.ts[2m > [22m[2mGoAiAdapter[2m > [22m[2mstreamChat()[2m > [22m[2m澶栭儴 AbortSignal 涓柇 鈫?yield done
[22m[39m[ai-stream] 鐢ㄦ埛涓柇 abort 鑰楁椂=7ms

[90mstdout[2m | src/core/ai/__tests__/go-adapter.test.ts[2m > [22m[2mGoAiAdapter[2m > [22m[2mstreamChat()[2m > [22m[2m棰勪腑姝?signal 鈫?AiStreamChat 璋冪敤鍚庝互 done 鏀跺熬
[22m[39m[ai-stream] 鍙戣捣 AiStreamChat model=(榛樿) 娑堟伅鏁?1 tools=0

[90mstdout[2m | src/core/ai/__tests__/go-adapter.test.ts[2m > [22m[2mGoAiAdapter[2m > [22m[2mstreamChat()[2m > [22m[2m棰勪腑姝?signal 鈫?AiStreamChat 璋冪敤鍚庝互 done 鏀跺熬
[22m[39m[ai-stream] AiStreamChat 宸叉彁浜わ紝绛夊緟鍚庣浜嬩欢鈥?鑰楁椂=0ms

[90mstdout[2m | src/core/ai/__tests__/go-adapter.test.ts[2m > [22m[2mGoAiAdapter[2m > [22m[2mstreamChat()[2m > [22m[2m棰勪腑姝?signal 鈫?AiStreamChat 璋冪敤鍚庝互 done 鏀跺熬
[22m[39m[ai-stream] 棣栦簨浠跺埌杈?kind=done 鑰楁椂=0ms
[ai-stream] 鏀跺埌 done 鎬昏€楁椂=1ms 浜嬩欢鏁?1

[90mstdout[2m | src/core/ai/__tests__/go-adapter.test.ts[2m > [22m[2mGoAiAdapter[2m > [22m[2mstreamChat()[2m > [22m[2m鏃犱簨浠舵椂鏈€缁?yield done锛堢湅闂ㄧ嫍 _FIRST_EVENT_TIMEOUT_MS=30s 璺宠繃锛?[22m[39m[ai-stream] 鍙戣捣 AiStreamChat model=(榛樿) 娑堟伅鏁?1 tools=0

[90mstdout[2m | src/core/ai/__tests__/go-adapter.test.ts[2m > [22m[2mGoAiAdapter[2m > [22m[2mstreamChat()[2m > [22m[2m鏃犱簨浠舵椂鏈€缁?yield done锛堢湅闂ㄧ嫍 _FIRST_EVENT_TIMEOUT_MS=30s 璺宠繃锛?[22m[39m[ai-stream] AiStreamChat 宸叉彁浜わ紝绛夊緟鍚庣浜嬩欢鈥?鑰楁椂=0ms

[90mstdout[2m | src/core/ai/__tests__/go-adapter.test.ts[2m > [22m[2mGoAiAdapter[2m > [22m[2mstreamChat()[2m > [22m[2m鏃犱簨浠舵椂鏈€缁?yield done锛堢湅闂ㄧ嫍 _FIRST_EVENT_TIMEOUT_MS=30s 璺宠繃锛?[22m[39m[ai-stream] 棣栦簨浠跺埌杈?kind=done 鑰楁椂=0ms
[ai-stream] 鏀跺埌 done 鎬昏€楁椂=1ms 浜嬩欢鏁?1

[90mstdout[2m | src/core/ai/__tests__/go-adapter.test.ts[2m > [22m[2mGoAiAdapter[2m > [22m[2mstreamChat()[2m > [22m[2mfinally 娓呯悊浜嬩欢璁㈤槄鍜?signal listener
[22m[39m[ai-stream] 鍙戣捣 AiStreamChat model=(榛樿) 娑堟伅鏁?1 tools=0

[90mstdout[2m | src/core/ai/__tests__/go-adapter.test.ts[2m > [22m[2mGoAiAdapter[2m > [22m[2mstreamChat()[2m > [22m[2mfinally 娓呯悊浜嬩欢璁㈤槄鍜?signal listener
[22m[39m[ai-stream] AiStreamChat 宸叉彁浜わ紝绛夊緟鍚庣浜嬩欢鈥?鑰楁椂=0ms

stderr | src/__tests__/scene/ik-resolver-timing.test.ts > IK 閲嶈В鍙岃皟鐢ㄨ矾寰勬椂搴忥紙ADR-202 搂鍏級 > 鍦烘櫙A锛欼K 鐩爣楠ㄦ湁 POS 瑕嗙洊 鈫?bone-override 璋?resolver锛宖eet-adjustment skip
[feet] [WASM] IK 鍖归厤缁撴灉 for test-model: L="宸﹁冻锛╋极" R="<null>" (total bones=2) centerWorldY=0.000
[feet]   妯″瀷涓惈"瓒?IK"鐨勯楠煎悕锛?[ '宸﹁冻锛╋极' ]
[90mstdout[2m | src/__tests__/scene/ik-resolver-timing.test.ts[2m > [22m[2mIK 閲嶈В鍙岃皟鐢ㄨ矾寰勬椂搴忥紙ADR-202 搂鍏級[2m > [22m[2m鍦烘櫙B锛欼K 鐩爣楠ㄦ棤瑕嗙洊銆佽剼闇€璐村湴 鈫?feet-adjustment 璋?resolver锛宐one-override 涓嶈皟
[22m[39mBJS - [22:19:01]: Babylon.js v9.19.0 - Null engine


stderr | src/__tests__/scene/ik-resolver-timing.test.ts > IK 閲嶈В鍙岃皟鐢ㄨ矾寰勬椂搴忥紙ADR-202 搂鍏級 > 鍦烘櫙B锛欼K 鐩爣楠ㄦ棤瑕嗙洊銆佽剼闇€璐村湴 鈫?feet-adjustment 璋?resolver锛宐one-override 涓嶈皟
[feet] [WASM] IK 鍖归厤缁撴灉 for test-model: L="宸﹁冻锛╋极" R="<null>" (total bones=2) centerWorldY=0.000
[feet]   妯″瀷涓惈"瓒?IK"鐨勯楠煎悕锛?[ '宸﹁冻锛╋极' ]

[90mstdout[2m | src/__tests__/scene/ik-resolver-timing.test.ts[2m > [22m[2mIK 閲嶈В鍙岃皟鐢ㄨ矾寰勬椂搴忥紙ADR-202 搂鍏級[2m > [22m[2m鍦烘櫙C锛欼K 鐩爣楠ㄦ棤瑕嗙洊銆佽剼鍦ㄧ┖涓?鈫?涓よ€呴兘涓嶈皟 resolver
[22m[39mBJS - [22:19:01]: Babylon.js v9.19.0 - Null engine

stderr | src/__tests__/scene/ik-resolver-timing.test.ts > IK 閲嶈В鍙岃皟鐢ㄨ矾寰勬椂搴忥紙ADR-202 搂鍏級 > 鍦烘櫙C锛欼K 鐩爣楠ㄦ棤瑕嗙洊銆佽剼鍦ㄧ┖涓?鈫?涓よ€呴兘涓嶈皟 resolver
[feet] [WASM] IK 鍖归厤缁撴灉 for test-model: L="宸﹁冻锛╋极" R="<null>" (total bones=2) centerWorldY=0.000
[feet]   妯″瀷涓惈"瓒?IK"鐨勯楠煎悕锛?[ '宸﹁冻锛╋极' ]

[90mstdout[2m | src/__tests__/scene/ik-resolver-timing.test.ts[2m > [22m[2mIK 閲嶈В鍙岃皟鐢ㄨ矾寰勬椂搴忥紙ADR-202 搂鍏級[2m > [22m[2m浜掓枼涓嶅彉閲忥細杩炵画澶氬抚涓嶄細鍑虹幇 resolver 鍙岃皟鐢?[22m[39mBJS - [22:19:01]: Babylon.js v9.19.0 - Null engine

stderr | src/__tests__/scene/ik-resolver-timing.test.ts > IK 閲嶈В鍙岃皟鐢ㄨ矾寰勬椂搴忥紙ADR-202 搂鍏級 > 浜掓枼涓嶅彉閲忥細杩炵画澶氬抚涓嶄細鍑虹幇 resolver 鍙岃皟鐢?[feet] [WASM] IK 鍖归厤缁撴灉 for test-model: L="宸﹁冻锛╋极" R="鍙宠冻锛╋极" (total bones=3) centerWorldY=0.000

[90mstdout[2m | src/__tests__/scene/ik-resolver-timing.test.ts[2m > [22m[2mIK 閲嶈В鍙岃皟鐢ㄨ矾寰勬椂搴忥紙ADR-202 搂鍏級[2m > [22m[2m瀹堟姢锛歠eetDebug 寮€鍚椂鍚屽抚鍙岃皟鐢ㄨЕ鍙?warn锛堝抚鍐呰妭娴?+ 鏃堕棿绐楀彛鑺傛祦锛?[22m[39mBJS - [22:19:01]: Babylon.js v9.19.0 - Null engine

[90mstdout[2m | src/__tests__/scene/ik-resolver-timing.test.ts[2m > [22m[2mIK 閲嶈В鍙岃皟鐢ㄨ矾寰勬椂搴忥紙ADR-202 搂鍏級[2m > [22m[2m瀹堟姢锛歠eetDebug 鍏抽棴鏃朵笉 warn锛屽紑閿€ no-op
[22m[39mBJS - [22:19:01]: Babylon.js v9.19.0 - Null engine

[33m[39m[32m路[39m[33m[39m[32m路[39m[33m[39m[32m路[39m[33m[39m[32m路[39m[33m[39m[32m路[39m[33m[39m[32m路[39m[90mstdout[2m | src/core/ai/__tests__/go-adapter.test.ts[2m > [22m[2mGoAiAdapter[2m > [22m[2mstreamChat()[2m > [22m[2mfinally 娓呯悊浜嬩欢璁㈤槄鍜?signal listener
[22m[39m[ai-stream] 棣栦簨浠跺埌杈?kind=done 鑰楁椂=12ms
[ai-stream] 鏀跺埌 done 鎬昏€楁椂=12ms 浜嬩欢鏁?1

stderr | src/__tests__/menu/register-popup.test.ts > registerPopupMenu 鈥?鐢熷懡鍛ㄦ湡 > show 鍒涘缓鑿滃崟瀹炰緥
[i18n] key "common.empty" not found in zh-CN base bundle 鈥?possible typo

stderr | src/__tests__/menu-schema.kinds.test.ts > ADR-093 Menu Schema 鈥?鍚?kind 娓叉煋 + modeRow > 鍚?kind 娓叉煋 > toggle 鐢熸垚寮€鍏宠 DOM
[i18n] key "env.groundVisibleEnabled" not found in zh-CN base bundle 鈥?possible typo

[33m[39m[32m路[39m[33m[39m[32m路[39m[33m[39m[32m路[39m[33m[39m[32m路[39m[33m[39m[32m路[39m[33m[39m[32m路[39m[33m[39m[32m路[39m[33m[39m[32m路[39m[33m[39m[32m路[39m[33m[39m[32m路[39m[33m[39m[32m路[39m[33m[39m[32m路[39m[33m[39m[32m路[39m[33m[39m[32m路[39m[33m[39m[32m路[39m[33m[39m[32m路[39m[33m[39m[32m路[39m[33m[39m[32m路[39m[33m[39m[32m路[39m[33m[39m[32m路[39m[33m[39m[32m路[39m[33m[39m[32m路[39m[33m[39m[32m路[39m[33m[39m[32m路[39m[33m[39m[32m路[39m[33m[39m[32m路[39m[33m[39m[32m路[39m[33m[39m[32m路[39m[33m[39m[32m路[39m[33m[39m[32m路[39m[33m[39m[32m路[39m[33m[39m[32m路[39m[33m[39m[32m路[39m[33m[39m[32m路[39m[33m[39m[32m路[39m[33m[39m[32m路[39m[33m[39m[32m路[39m[33m[39m[32m路[39m[33m[39m[32m路[39m[33m[39m[32m路[39m[33m[39m[32m路[39m[33m[39m[32m路[39m[33m[39m[32m路[39m[33m[39m[32m路[39m[33m[39m[32m路[39m[33m[39m[32m路[39m[33m[39m[32m路[39m[33m[39m[32m路[39m[33m[39m[32m路[39m[33m[39m[32m路[39m[33m[39m[32m路[39m[33m[39m[32m路[39m[33m[39m[32m路[39m[33m[39m[32m路[39m[33m[39m[32m路[39m[33m[39m[32m路[39m[33m[39m[32m路[39m[33m[39m[32m路[39m[33m[39m[32m路[39m[33m[39m[32m路[39m[33m[39m[32m路[39m[33m[39m[32m路[39m[33m[39m[32m路[39m[33m[39m[32m路[39m[33m[39m[32m路[39m[33m[39m[32m路[39m[33m[39m[32m路[39m[33m[39m[32m路[39m[33m[39m[32m路[39m[33m[39m[32m路[39m[33m[39m[32m路[39m[33m[39m[32m路[39m[33m[39m[32m路[39m[33m[39m[32m路[39m[33m[39m[32m路[39m[33m[39m[32m路[39m[33m[39m[32m路[39m[33m[39m[31mx[39m[33m[39m[32m路[39m[33m[39m[31mx[39m[33m[39m[31mx[39m[33m[39m[31mx[39m[33m[39m[32m路[39m[33m[39m[31mx[39m[33m[39m[31mx[39m[33m[39m[32m路[39m[33m[39m[31mx[39m[33m[39m[31mx[39m[33m[39m[31mx[39m[33m[39m[31mx[39m[33m[39m[31mx[39m[33m[39m[31mx[39m[33m[39m[32m路[39m[33m[39m[32m路[39m[33m[39m[32m路[39m[33m[39m[32m路[39m[33m[39m[32m路[39m[33m[39m[32m路[39m[33m[39m[32m路[39m[33m[39m[32m路[39m[33m[39m[32m路[39m[33m[39m[32m路[39m[33m[39m[32m路[39m[33m[39m[32m路[39m[33m[39m[32m路[39m[33m[39m[32m路[39m[33m[39m[32m路[39m[33m[39m[32m路[39m[33m[39m[32m路[39m[33m[39m[32m路[39m[33m[39m[32m路[39m[33m[39m[32m路[39m[33m[39m[32m路[39m[33m[39m[32m路[39m[33m[39m[32m路[39m[33m[39m[32m路[39m[33m[39m[32m路[39m[33m[39m[32m路[39m[33m[39m[32m路[39m[33m[39m[32m路[39m[90mstdout[2m | src/__tests__/scene/env-water.test.ts
[22m[39mBJS - [22:19:02]: Babylon.js v9.19.0 - Null engine

[90mstdout[2m | src/__tests__/scene/water-preset-repro.test.ts[2m > [22m[2mwater preset repro (ADR-env water preset NaN-uniform regression)[2m > [22m[2m鍥炲綊鏍稿績锛歜uildWaterPresetEnvState 瀵规墍鏈夐璁句笉浜х敓 undefined 瀛楁
[22m[39mBJS - [22:19:02]: Babylon.js v9.19.0 - Null engine

[90mstdout[2m | src/__tests__/scene/water-preset-repro.test.ts[2m > [22m[2mwater preset repro (ADR-env water preset NaN-uniform regression)[2m > [22m[2m鐐瑰嚮姘撮潰棰勮锛堟惡甯?waterEnabled:true锛夊悗姘撮潰琚垱寤轰笖鏉愯川闈炵┖
[22m[39mBJS - [22:19:02]: Babylon.js v9.19.0 - Null engine

[33m[39m[32m路[39m[33m[39m[32m路[39m[90mstdout[2m | src/__tests__/scene/water-preset-repro.test.ts[2m > [22m[2mwater preset repro (ADR-env water preset NaN-uniform regression)[2m > [22m[2m鍏抽棴鈫掑啀寮€锛堥璁撅級寰幆锛屾潗璐ㄧǔ瀹氫笉涓?[22m[39mBJS - [22:19:02]: Babylon.js v9.19.0 - Null engine

[33m[39m[32m路[39m[33m[39m[32m路[39m[33m[39m[32m路[39m[33m[39m[32m路[39m[33m[39m[32m路[39m[33m[39m[32m路[39m[33m[39m[32m路[39m[90mstdout[2m | src/__tests__/perception/gaze.int.test.ts[2m > [22m[2mgaze reset[2m > [22m[2mdeactivatePerception 鏃惰皟鐢?_resetGazeState
[22m[39m[bone-override] _getOverrideMap 棣栨涓烘ā鍨嬪垱寤鸿鐩栫储寮?{"modelId":"m1","existingModels":["m1"]}

stderr | src/__tests__/perception/gaze.int.test.ts > gaze reset > deactivatePerception 鏃惰皟鐢?_resetGazeState
[perception] 宸叉敞閿€
[adr-147] bone "棣? 宸茶妯″潡 "perception.gaze.head"(priority=92) 鍗犵敤锛屾ā鍧?"perception.breath"(priority=93) 璺宠繃璇ラ楠?[adr-147] bone "闋? 宸茶妯″潡 "perception.gaze.head"(priority=92) 鍗犵敤锛屾ā鍧?"perception.breath"(priority=93) 璺宠繃璇ラ楠?[adr-147] bone "head" 宸茶妯″潡 "perception.gaze.head"(priority=92) 鍗犵敤锛屾ā鍧?"perception.breath"(priority=93) 璺宠繃璇ラ楠?[adr-147] bone "Head" 宸茶妯″潡 "perception.gaze.head"(priority=92) 鍗犵敤锛屾ā鍧?"perception.breath"(priority=93) 璺宠繃璇ラ楠?[adr-147] bone "涓婂崐韬?" 宸茶妯″潡 "perception.breath"(priority=93) 鍗犵敤锛屾ā鍧?"perception.balance.upper"(priority=95) 璺宠繃璇ラ楠?[perception] 婵€娲? 妯″瀷=m1 鍛煎惛=true 鐪ㄧ溂=true 澶?true 鐪?true
[perception] 宸叉敞閿€

[33m[39m[32m路[39m[33m[39m[32m路[39m[33m[39m[32m路[39m[33m[39m[32m路[39m[33m[39m[32m路[39m[90mstdout[2m | src/__tests__/vmd-evaluator.regression.spec.ts[2m > [22m[2mvmd-evaluator.regression[2m > [22m[2mbaseline[2m > [22m[2msingle movable track weight=1 returns correct interpolants at frame 0/5/10
[22m[39mBJS - [22:19:02]: Babylon.js v9.19.0 - Null engine

[90mstdout[2m | src/__tests__/vmd-evaluator.regression.spec.ts[2m > [22m[2mvmd-evaluator.regression[2m > [22m[2mtwoLayersSameDuration[2m > [22m[2mweight=[1,1] with different rotation tracks produces blended Slerp
[22m[39mBJS - [22:19:02]: Babylon.js v9.19.0 - Null engine

[90mstdout[2m | src/__tests__/vmd-evaluator.regression.spec.ts[2m > [22m[2mvmd-evaluator.regression[2m > [22m[2mtwoLayersSameDuration[2m > [22m[2mweight=[1,1] identical tracks yields same as single track
[22m[39mBJS - [22:19:02]: Babylon.js v9.19.0 - Null engine

[90mstdout[2m | src/__tests__/vmd-evaluator.regression.spec.ts[2m > [22m[2mvmd-evaluator.regression[2m > [22m[2mthreeLayersMixedTweenableAndWeighted[2m > [22m[2mweights [0.5,0.3,0.2] with LINEAR & EASE_IN_OUT blend correctly
[22m[39mBJS - [22:19:02]: Babylon.js v9.19.0 - Null engine

[90mstdout[2m | src/__tests__/vmd-evaluator.regression.spec.ts[2m > [22m[2mvmd-evaluator.regression[2m > [22m[2mstaggeredLengthOffsets[2m > [22m[2mshort layer clamps past its end while long layer continues
[22m[39mBJS - [22:19:02]: Babylon.js v9.19.0 - Null engine

[90mstdout[2m | src/__tests__/vmd-evaluator.regression.spec.ts[2m > [22m[2mvmd-evaluator.regression[2m > [22m[2mmisalignedWeightedRegions[2m > [22m[2mnon-overlapping frames: earlier layer active alone, later alone
[22m[39mBJS - [22:19:02]: Babylon.js v9.19.0 - Null engine

[90mstdout[2m | src/__tests__/vmd-evaluator.regression.spec.ts[2m > [22m[2mvmd-evaluator.regression[2m > [22m[2medgeWeights[2m > [22m[2mweight=0 track contributes nothing to blend
[22m[39mBJS - [22:19:02]: Babylon.js v9.19.0 - Null engine

[90mstdout[2m | src/__tests__/vmd-evaluator.regression.spec.ts[2m > [22m[2mvmd-evaluator.regression[2m > [22m[2medgeWeights[2m > [22m[2mweight=0.001 approximates near-zero contribution
[22m[39mBJS - [22:19:02]: Babylon.js v9.19.0 - Null engine

[33m[39m[32m路[39m[33m[39m[32m路[39m[33m[39m[32m路[39m[33m[39m[32m路[39m[33m[39m[32m路[39m[33m[39m[32m路[39m[33m[39m[32m路[39m[90mstdout[2m | src/__tests__/vmd-evaluator.regression.spec.ts[2m > [22m[2mvmd-evaluator.regression[2m > [22m[2medgeWeights[2m > [22m[2mweight=1 single track is identity transform
[22m[39mBJS - [22:19:02]: Babylon.js v9.19.0 - Null engine

[90mstdout[2m | src/__tests__/vmd-evaluator.regression.spec.ts[2m > [22m[2mvmd-evaluator.regression[2m > [22m[2medgeWeights[2m > [22m[2mweight=2 normalizes to 1 with other weight=2 track (even split)
[22m[39mBJS - [22:19:02]: Babylon.js v9.19.0 - Null engine

stderr | src/__tests__/menu/nav-touch.test.ts > SlideMenu 鈥?閿洏瀵艰埅 > focusNext 鍦ㄦ搴?寰幆
[i18n] key "menu.noHint" not found in zh-CN base bundle 鈥?possible typo

stderr | src/__tests__/menu/nav-touch.test.ts > SlideMenu 鈥?瑙﹀睆鎵嬪娍瀹堝崼涓庡钩鍙伴€傞厤 > 鍗曟寚 touchstart 缃?_swipeActive=true锛屽彸婊戣Е鍙?pop
[i18n] key "common.empty" not found in zh-CN base bundle 鈥?possible typo

[33m[39m[32m路[39m[33m[39m[32m路[39m[33m[39m[32m路[39m[33m[39m[32m路[39m[33m[39m[32m路[39m[33m[39m[32m路[39m[33m[39m[32m路[39m[33m[39m[32m路[39m[33m[39m[32m路[39m[33m[39m[32m路[39m[33m[39m[32m路[39m[90mstdout[2m | src/__tests__/vmd-evaluator.test.ts[2m > [22m[2mvmd-evaluator: 绌烘暟鎹厹搴?[2m > [22m[2m鏃犳晥绛惧悕搴?reject
[22m[39mBJS - [22:19:02]: Babylon.js v9.19.0 - Null engine

[90mstdout[2m | src/__tests__/vmd-evaluator.test.ts[2m > [22m[2mvmd-evaluator: 娣峰悎 bone + movable bone[2m > [22m[2m閲嶅 bone 鍚嶏紙涓よ建閬擄級搴斿悇鑷嫭绔嬫眰鍊?[22m[39mBJS - [22:19:02]: Babylon.js v9.19.0 - Null engine

[90mstdout[2m | src/__tests__/vmd-evaluator.test.ts[2m > [22m[2mvmd-evaluator: shutdownVmdEvaluator[2m > [22m[2mshutdown 鍚庡彲閲嶆柊鍒涘缓 evaluator
[22m[39mBJS - [22:19:02]: Babylon.js v9.19.0 - Null engine

[90mstdout[2m | src/__tests__/vmd-evaluator.test.ts[2m > [22m[2mvmd-evaluator: shutdownVmdEvaluator[2m > [22m[2mshutdown 鍚庡彲閲嶆柊鍒涘缓 evaluator
[22m[39mBJS - [22:19:02]: Babylon.js v9.19.0 - Null engine

stderr | src/__tests__/proc-motion-bridge.lifecycle.test.ts > updateProcMotion 鈥?绋嬪簭鍖栧姩浣滀繚鎸佺敓鏁?[2m > 涓嶈鍋滅劍鐐规ā鍨嬩笂 vmdData 闈炵┖浣?vmdPath 涓?null 鐨勭▼搴忓寲鍔ㄤ綔
[proc-motion] bones: []
[proc-motion] morphs: []

stderr | src/__tests__/proc-motion-bridge.lifecycle.test.ts > updateProcMotion 鈥?绋嬪簭鍖栧姩浣滀繚鎸佺敓鏁?[2m > 鐒︾偣妯″瀷鎸佹湁鐢ㄦ埛/鍦烘櫙 VMD锛坴mdPath 闈炵┖锛夋椂浠嶄細浼樺厛浜庣▼搴忓寲鍔ㄤ綔
[proc-motion] bones: []
[proc-motion] morphs: []

[33m[39m[32m路[39m[33m[39m[32m路[39m[33m[39m[32m路[39m[33m[39m[32m路[39m[33m[39m[32m路[39m[33m[39m[32m路[39m[33m[39m[32m路[39m[33m[39m[32m路[39m[33m[39m[32m路[39m[33m[39m[32m路[39m[33m[39m[32m路[39m[33m[39m[32m路[39m[33m[39m[32m路[39m[33m[39m[32m路[39m[33m[39m[32m路[39m[33m[39m[32m路[39m[33m[39m[32m路[39m[33m[39m[32m路[39m[33m[39m[32m路[39m[33m[39m[32m路[39m[33m[39m[32m路[39m[33m[39m[32m路[39m[33m[39m[32m路[39m[33m[39m[32m路[39m[33m[39m[32m路[39m[33m[39m[32m路[39m[33m[39m[32m路[39m[33m[39m[32m路[39m[33m[39m[32m路[39m[33m[39m[32m路[39m[33m[39m[32m路[39m[33m[39m[32m路[39m[33m[39m[32m路[39m[33m[39m[32m路[39m[33m[39m[32m路[39m[33m[39m[32m路[39m[33m[39m[32m路[39m[33m[39m[32m路[39m[33m[39m[32m路[39m[90mstdout[2m | src/__tests__/scene/lighting-stage.test.ts[2m > [22m[2m鑸炲彴鐏敓鍛藉懆鏈燂紙_registerStageLight / _disposeStageLightEntry 鏀跺彛锛?[2m > [22m[2m鍒濆鍖栧悗瀛樺湪 1 鐩忛粯璁や富鍏?[22m[39mBJS - [22:19:03]: Babylon.js v9.19.0 - Null engine

[90mstdout[2m | src/__tests__/scene/lighting-stage.test.ts[2m > [22m[2m鑸炲彴鐏敓鍛藉懆鏈燂紙_registerStageLight / _disposeStageLightEntry 鏀跺彛锛?[2m > [22m[2maddStageLight 鐪熷疄鍒涘缓 Babylon 鐏苟娉ㄥ唽杩涘満鏅?[22m[39mBJS - [22:19:03]: Babylon.js v9.19.0 - Null engine

[90mstdout[2m | src/__tests__/scene/lighting-stage.test.ts[2m > [22m[2m鑸炲彴鐏敓鍛藉懆鏈燂紙_registerStageLight / _disposeStageLightEntry 鏀跺彛锛?[2m > [22m[2mremoveStageLight 鐪熷疄閲婃斁璇ョ伅锛屾棤 Babylon 娉勬紡
[22m[39mBJS - [22:19:03]: Babylon.js v9.19.0 - Null engine

[90mstdout[2m | src/__tests__/scene/lighting-stage.test.ts[2m > [22m[2m鑸炲彴鐏敓鍛藉懆鏈燂紙_registerStageLight / _disposeStageLightEntry 鏀跺彛锛?[2m > [22m[2mremoveStageLight 鎷掔粷鍒犻櫎鏈€鍚庝竴鐩忕伅锛堥槻绌虹姸鎬侊級
[22m[39mBJS - [22:19:03]: Babylon.js v9.19.0 - Null engine

[90mstdout[2m | src/__tests__/scene/lighting-stage.test.ts[2m > [22m[2m鑸炲彴鐏敓鍛藉懆鏈燂紙_registerStageLight / _disposeStageLightEntry 鏀跺彛锛?[2m > [22m[2mloadStageLights 娓呯┖鏃х伅鍚庣簿纭噸寤猴紝鏃х伅琚噴鏀?[22m[39mBJS - [22:19:03]: Babylon.js v9.19.0 - Null engine

[90mstdout[2m | src/__tests__/scene/lighting-stage.test.ts[2m > [22m[2m鑸炲彴鐏敓鍛藉懆鏈燂紙_registerStageLight / _disposeStageLightEntry 鏀跺彛锛?[2m > [22m[2mdisposeLighting 绾ц仈閲婃斁鍏ㄩ儴鑸炲彴鐏?[22m[39mBJS - [22:19:03]: Babylon.js v9.19.0 - Null engine

[33m[39m[32m路[39m[33m[39m[32m路[39m[33m[39m[32m路[39m[33m[39m[32m路[39m[33m[39m[32m路[39m[33m[39m[32m路[39m[90mstdout[2m | src/__tests__/scene/env-particles.test.ts[2m > [22m[2menv-particles[2m > [22m[2mcreateParticleEmitter / disposeParticles[2m > [22m[2mtype=none 鏃朵笉浼氬垱寤虹矑瀛愮郴缁?[22m[39mBJS - [22:19:03]: Babylon.js v9.19.0 - Null engine

[90mstdout[2m | src/__tests__/scene/env-particles.test.ts[2m > [22m[2menv-particles[2m > [22m[2mcreateParticleEmitter / disposeParticles[2m > [22m[2m鍒涘缓妯辫姳绮掑瓙鍚?system 琚祴鍊?[22m[39mBJS - [22:19:03]: Babylon.js v9.19.0 - Null engine

[90mstdout[2m | src/__tests__/scene/env-particles.test.ts[2m > [22m[2menv-particles[2m > [22m[2mcreateParticleEmitter / disposeParticles[2m > [22m[2m鍒涘缓闆ㄧ矑瀛愬悗 system 琚祴鍊?[22m[39mBJS - [22:19:03]: Babylon.js v9.19.0 - Null engine

[90mstdout[2m | src/__tests__/scene/env-particles.test.ts[2m > [22m[2menv-particles[2m > [22m[2mcreateParticleEmitter / disposeParticles[2m > [22m[2m鍒涘缓闆矑瀛愬悗 system 琚祴鍊?[22m[39mBJS - [22:19:03]: Babylon.js v9.19.0 - Null engine

[90mstdout[2m | src/__tests__/scene/env-particles.test.ts[2m > [22m[2menv-particles[2m > [22m[2mcreateParticleEmitter / disposeParticles[2m > [22m[2m鍒涘缓鐑熻姳绮掑瓙鍚?system 琚祴鍊?[22m[39mBJS - [22:19:03]: Babylon.js v9.19.0 - Null engine

[90mstdout[2m | src/__tests__/scene/env-particles.test.ts[2m > [22m[2menv-particles[2m > [22m[2mcreateParticleEmitter / disposeParticles[2m > [22m[2m鍒涘缓钀ょ伀铏矑瀛愬悗 system 琚祴鍊?[22m[39mBJS - [22:19:03]: Babylon.js v9.19.0 - Null engine

[90mstdout[2m | src/__tests__/scene/env-particles.test.ts[2m > [22m[2menv-particles[2m > [22m[2mcreateParticleEmitter / disposeParticles[2m > [22m[2m鍒涘缓钀藉彾绮掑瓙鍚?system 琚祴鍊?[22m[39mBJS - [22:19:03]: Babylon.js v9.19.0 - Null engine

[90mstdout[2m | src/__tests__/env-bridge/time-of-day.int.test.ts[2m > [22m[2mTime of Day[2m > [22m[2mstartTimeOfDay[2m > [22m[2mstarts time-of-day and sets active flag
[22m[39m[env-persist] setEnvState() called: timeOfDayActive (skipAutoSave)

[90mstdout[2m | src/__tests__/env-bridge/time-of-day.int.test.ts[2m > [22m[2mTime of Day[2m > [22m[2mstartTimeOfDay[2m > [22m[2mstarts time-of-day and sets active flag
[22m[39m[env-persist] setEnvState() called: timeOfDayActive (skipAutoSave)

[90mstdout[2m | src/__tests__/env-bridge/time-of-day.int.test.ts[2m > [22m[2mTime of Day[2m > [22m[2mstartTimeOfDay[2m > [22m[2mcalls ensureEnvUpdateObserver
[22m[39m[env-persist] setEnvState() called: timeOfDayActive (skipAutoSave)

[90mstdout[2m | src/__tests__/env-bridge/time-of-day.int.test.ts[2m > [22m[2mTime of Day[2m > [22m[2mstartTimeOfDay[2m > [22m[2mcalls ensureEnvUpdateObserver
[22m[39m[env-persist] setEnvState() called: timeOfDayActive (skipAutoSave)

[90mstdout[2m | src/__tests__/env-bridge/time-of-day.int.test.ts[2m > [22m[2mTime of Day[2m > [22m[2mstartTimeOfDay[2m > [22m[2mregisters tick callback via registerSceneTickCallback
[22m[39m[env-persist] setEnvState() called: timeOfDayActive (skipAutoSave)

[90mstdout[2m | src/__tests__/env-bridge/time-of-day.int.test.ts[2m > [22m[2mTime of Day[2m > [22m[2mstartTimeOfDay[2m > [22m[2mregisters tick callback via registerSceneTickCallback
[22m[39m[env-persist] setEnvState() called: timeOfDayActive (skipAutoSave)

[90mstdout[2m | src/__tests__/env-bridge/time-of-day.int.test.ts[2m > [22m[2mTime of Day[2m > [22m[2mstartTimeOfDay[2m > [22m[2muses provided speed parameter
[22m[39m[env-persist] setEnvState() called: timeOfDaySpeed (skipAutoSave)
[env-persist] setEnvState() called: timeOfDayActive (skipAutoSave)

[90mstdout[2m | src/__tests__/env-bridge/time-of-day.int.test.ts[2m > [22m[2mTime of Day[2m > [22m[2mstartTimeOfDay[2m > [22m[2muses provided speed parameter
[22m[39m[env-persist] setEnvState() called: timeOfDayActive (skipAutoSave)

[90mstdout[2m | src/__tests__/scene/env-particles.test.ts[2m > [22m[2menv-particles[2m > [22m[2mcreateParticleEmitter / disposeParticles[2m > [22m[2m閲嶅鍒涘缓鍚岀被鍨嬩笉閲嶅缓
[22m[39mBJS - [22:19:03]: Babylon.js v9.19.0 - Null engine

[90mstdout[2m | src/__tests__/env-bridge/time-of-day.int.test.ts[2m > [22m[2mTime of Day[2m > [22m[2mstartTimeOfDay[2m > [22m[2mkeeps existing speed when no parameter given
[22m[39m[env-persist] setEnvState() called: timeOfDaySpeed (skipAutoSave)
[env-persist] setEnvState() called: timeOfDayActive (skipAutoSave)

[90mstdout[2m | src/__tests__/env-bridge/time-of-day.int.test.ts[2m > [22m[2mTime of Day[2m > [22m[2mstartTimeOfDay[2m > [22m[2mkeeps existing speed when no parameter given
[22m[39m[env-persist] setEnvState() called: timeOfDayActive (skipAutoSave)

[90mstdout[2m | src/__tests__/env-bridge/time-of-day.int.test.ts[2m > [22m[2mTime of Day[2m > [22m[2mstartTimeOfDay[2m > [22m[2mis idempotent when already active
[22m[39m[env-persist] setEnvState() called: timeOfDayActive (skipAutoSave)

[90mstdout[2m | src/__tests__/env-bridge/time-of-day.int.test.ts[2m > [22m[2mTime of Day[2m > [22m[2mstartTimeOfDay[2m > [22m[2mis idempotent when already active
[22m[39m[env-persist] setEnvState() called: timeOfDayActive (skipAutoSave)

[90mstdout[2m | src/__tests__/env-bridge/time-of-day.int.test.ts[2m > [22m[2mTime of Day[2m > [22m[2mstopTimeOfDay[2m > [22m[2mclears active flag
[22m[39m[env-persist] setEnvState() called: timeOfDayActive (skipAutoSave)
[env-persist] setEnvState() called: timeOfDayActive (skipAutoSave)

[90mstdout[2m | src/__tests__/env-bridge/time-of-day.int.test.ts[2m > [22m[2mTime of Day[2m > [22m[2mstopTimeOfDay[2m > [22m[2mcalls unregister function
[22m[39m[env-persist] setEnvState() called: timeOfDayActive (skipAutoSave)
[env-persist] setEnvState() called: timeOfDayActive (skipAutoSave)

[90mstdout[2m | src/__tests__/env-bridge/time-of-day.int.test.ts[2m > [22m[2mTime of Day[2m > [22m[2mstopTimeOfDay[2m > [22m[2mcalls SetEnvState to persist
[22m[39m[env-persist] setEnvState() called: timeOfDayActive (skipAutoSave)
[env-persist] setEnvState() called: timeOfDayActive (skipAutoSave)

[90mstdout[2m | src/__tests__/env-bridge/time-of-day.int.test.ts[2m > [22m[2mTime of Day[2m > [22m[2misTimeOfDayActive[2m > [22m[2mreturns true after start
[22m[39m[env-persist] setEnvState() called: timeOfDayActive (skipAutoSave)

[90mstdout[2m | src/__tests__/scene/env-particles.test.ts[2m > [22m[2menv-particles[2m > [22m[2mcreateParticleEmitter / disposeParticles[2m > [22m[2m鍒囨崲绫诲瀷鍏?dispose 鏃х郴缁?[22m[39mBJS - [22:19:03]: Babylon.js v9.19.0 - Null engine

[90mstdout[2m | src/__tests__/env-bridge/time-of-day.int.test.ts[2m > [22m[2mTime of Day[2m > [22m[2misTimeOfDayActive[2m > [22m[2mreturns false after stop
[22m[39m[env-persist] setEnvState() called: timeOfDayActive (skipAutoSave)

[90mstdout[2m | src/__tests__/env-bridge/time-of-day.int.test.ts[2m > [22m[2mTime of Day[2m > [22m[2misTimeOfDayActive[2m > [22m[2mreturns false after stop
[22m[39m[env-persist] setEnvState() called: timeOfDayActive (skipAutoSave)
[env-persist] setEnvState() called: timeOfDayActive (skipAutoSave)

[90mstdout[2m | src/__tests__/env-bridge/time-of-day.int.test.ts[2m > [22m[2mTime of Day[2m > [22m[2mspeed controls[2m > [22m[2mgetTimeOfDaySpeed returns 3 initially
[22m[39m[env-persist] setEnvState() called: timeOfDaySpeed (skipAutoSave)

[90mstdout[2m | src/__tests__/env-bridge/time-of-day.int.test.ts[2m > [22m[2mTime of Day[2m > [22m[2mspeed controls[2m > [22m[2msetTimeOfDaySpeed updates speed
[22m[39m[env-persist] setEnvState() called: timeOfDaySpeed (skipAutoSave)

[90mstdout[2m | src/__tests__/env-bridge/time-of-day.int.test.ts[2m > [22m[2mTime of Day[2m > [22m[2mspeed controls[2m > [22m[2msetTimeOfDaySpeed updates speed
[22m[39m[env-persist] setEnvState() called: timeOfDaySpeed (skipAutoSave)

[90mstdout[2m | src/__tests__/env-bridge/time-of-day.int.test.ts[2m > [22m[2mTime of Day[2m > [22m[2mspeed controls[2m > [22m[2msetTimeOfDaySpeed accepts zero
[22m[39m[env-persist] setEnvState() called: timeOfDaySpeed (skipAutoSave)

[90mstdout[2m | src/__tests__/env-bridge/time-of-day.int.test.ts[2m > [22m[2mTime of Day[2m > [22m[2mspeed controls[2m > [22m[2msetTimeOfDaySpeed accepts zero
[22m[39m[env-persist] setEnvState() called: timeOfDaySpeed (skipAutoSave)

[90mstdout[2m | src/__tests__/env-bridge/time-of-day.int.test.ts[2m > [22m[2mTime of Day[2m > [22m[2m_timeOfDayTick (via registered callback)[2m > [22m[2mdoes nothing when time-of-day is not active
[22m[39m[env-persist] setEnvState() called: timeOfDaySpeed (skipAutoSave)

[90mstdout[2m | src/__tests__/env-bridge/time-of-day.int.test.ts[2m > [22m[2mTime of Day[2m > [22m[2m_timeOfDayTick (via registered callback)[2m > [22m[2mdoes nothing when time-of-day is not active
[22m[39m[env-persist] setEnvState() called: timeOfDayActive (skipAutoSave)
[env-persist] setEnvState() called: timeOfDayActive (skipAutoSave)

[90mstdout[2m | src/__tests__/env-bridge/time-of-day.int.test.ts[2m > [22m[2mTime of Day[2m > [22m[2m_timeOfDayTick (via registered callback)[2m > [22m[2mincrements envSunAngle by speed * dt when active
[22m[39m[env-persist] setEnvState() called: timeOfDaySpeed (skipAutoSave)

[90mstdout[2m | src/__tests__/env-bridge/time-of-day.int.test.ts[2m > [22m[2mTime of Day[2m > [22m[2m_timeOfDayTick (via registered callback)[2m > [22m[2mincrements envSunAngle by speed * dt when active
[22m[39m[env-persist] setEnvState() called: timeOfDaySpeed (skipAutoSave)
[env-persist] setEnvState() called: timeOfDayActive (skipAutoSave)

[90mstdout[2m | src/__tests__/env-bridge/time-of-day.int.test.ts[2m > [22m[2mTime of Day[2m > [22m[2m_timeOfDayTick (via registered callback)[2m > [22m[2mincrements envSunAngle by speed * dt when active
[22m[39m[env-persist] setEnvState() called: timeOfDayActive (skipAutoSave)

[90mstdout[2m | src/__tests__/env-bridge/time-of-day.int.test.ts[2m > [22m[2mTime of Day[2m > [22m[2m_timeOfDayTick (via registered callback)[2m > [22m[2mwraps sun angle > 90 to -15
[22m[39m[env-persist] setEnvState() called: timeOfDaySpeed (skipAutoSave)

[90mstdout[2m | src/__tests__/env-bridge/time-of-day.int.test.ts[2m > [22m[2mTime of Day[2m > [22m[2m_timeOfDayTick (via registered callback)[2m > [22m[2mwraps sun angle > 90 to -15
[22m[39m[env-persist] setEnvState() called: timeOfDaySpeed (skipAutoSave)
[env-persist] setEnvState() called: timeOfDayActive (skipAutoSave)

[90mstdout[2m | src/__tests__/env-bridge/time-of-day.int.test.ts[2m > [22m[2mTime of Day[2m > [22m[2m_timeOfDayTick (via registered callback)[2m > [22m[2mwraps sun angle > 90 to -15
[22m[39m[env-persist] setEnvState() called: timeOfDayActive (skipAutoSave)

[90mstdout[2m | src/__tests__/env-bridge/time-of-day.int.test.ts[2m > [22m[2mTime of Day[2m > [22m[2m_timeOfDayTick (via registered callback)[2m > [22m[2mwraps sun angle < -15 to 90
[22m[39m[env-persist] setEnvState() called: timeOfDaySpeed (skipAutoSave)

[90mstdout[2m | src/__tests__/env-bridge/time-of-day.int.test.ts[2m > [22m[2mTime of Day[2m > [22m[2m_timeOfDayTick (via registered callback)[2m > [22m[2mwraps sun angle < -15 to 90
[22m[39m[env-persist] setEnvState() called: timeOfDaySpeed (skipAutoSave)
[env-persist] setEnvState() called: timeOfDayActive (skipAutoSave)

[90mstdout[2m | src/__tests__/env-bridge/time-of-day.int.test.ts[2m > [22m[2mTime of Day[2m > [22m[2m_timeOfDayTick (via registered callback)[2m > [22m[2mwraps sun angle < -15 to 90
[22m[39m[env-persist] setEnvState() called: timeOfDayActive (skipAutoSave)

[90mstdout[2m | src/__tests__/env-bridge/time-of-day.int.test.ts[2m > [22m[2mTime of Day[2m > [22m[2m_timeOfDayTick (via registered callback)[2m > [22m[2mcalls _updateSunDisc every tick
[22m[39m[env-persist] setEnvState() called: timeOfDaySpeed (skipAutoSave)

[90mstdout[2m | src/__tests__/env-bridge/time-of-day.int.test.ts[2m > [22m[2mTime of Day[2m > [22m[2m_timeOfDayTick (via registered callback)[2m > [22m[2mcalls _updateSunDisc every tick
[22m[39m[env-persist] setEnvState() called: timeOfDaySpeed (skipAutoSave)
[env-persist] setEnvState() called: timeOfDayActive (skipAutoSave)

[90mstdout[2m | src/__tests__/scene/env-particles.test.ts[2m > [22m[2menv-particles[2m > [22m[2mcreateParticleEmitter / disposeParticles[2m > [22m[2mdispose 娓呯悊鎵€鏈夎祫婧?[22m[39mBJS - [22:19:03]: Babylon.js v9.19.0 - Null engine

[90mstdout[2m | src/__tests__/env-bridge/time-of-day.int.test.ts[2m > [22m[2mTime of Day[2m > [22m[2m_timeOfDayTick (via registered callback)[2m > [22m[2mcalls _updateSunDisc every tick
[22m[39m[env-persist] setEnvState() called: timeOfDayActive (skipAutoSave)

[90mstdout[2m | src/__tests__/env-bridge/time-of-day.int.test.ts[2m > [22m[2mTime of Day[2m > [22m[2m_timeOfDayTick (via registered callback)[2m > [22m[2mcalls _applyEnvStateFacade when angle diff >= AUTO_LINK_THRESHOLD_DEG (0.5)
[22m[39m[env-persist] setEnvState() called: timeOfDaySpeed (skipAutoSave)

[90mstdout[2m | src/__tests__/env-bridge/time-of-day.int.test.ts[2m > [22m[2mTime of Day[2m > [22m[2m_timeOfDayTick (via registered callback)[2m > [22m[2mcalls _applyEnvStateFacade when angle diff >= AUTO_LINK_THRESHOLD_DEG (0.5)
[22m[39m[env-persist] setEnvState() called: timeOfDaySpeed (skipAutoSave)
[env-persist] setEnvState() called: timeOfDayActive (skipAutoSave)

[90mstdout[2m | src/__tests__/env-bridge/time-of-day.int.test.ts[2m > [22m[2mTime of Day[2m > [22m[2m_timeOfDayTick (via registered callback)[2m > [22m[2mcalls _applyEnvStateFacade when angle diff >= AUTO_LINK_THRESHOLD_DEG (0.5)
[22m[39m[env-persist] setEnvState() called: timeOfDayActive (skipAutoSave)

[90mstdout[2m | src/__tests__/env-bridge/time-of-day.int.test.ts[2m > [22m[2mTime of Day[2m > [22m[2m_timeOfDayTick (via registered callback)[2m > [22m[2mdoes NOT call _applyEnvStateFacade for tiny angle changes below threshold
[22m[39m[env-persist] setEnvState() called: timeOfDaySpeed (skipAutoSave)

[90mstdout[2m | src/__tests__/env-bridge/time-of-day.int.test.ts[2m > [22m[2mTime of Day[2m > [22m[2m_timeOfDayTick (via registered callback)[2m > [22m[2mdoes NOT call _applyEnvStateFacade for tiny angle changes below threshold
[22m[39m[env-persist] setEnvState() called: timeOfDaySpeed (skipAutoSave)
[env-persist] setEnvState() called: timeOfDayActive (skipAutoSave)

[90mstdout[2m | src/__tests__/env-bridge/time-of-day.int.test.ts[2m > [22m[2mTime of Day[2m > [22m[2m_timeOfDayTick (via registered callback)[2m > [22m[2mdoes NOT call _applyEnvStateFacade for tiny angle changes below threshold
[22m[39m[env-persist] setEnvState() called: timeOfDayActive (skipAutoSave)

[90mstdout[2m | src/__tests__/env-bridge/time-of-day.int.test.ts[2m > [22m[2mTime of Day[2m > [22m[2m_timeOfDayTick (via registered callback)[2m > [22m[2mcalls impl.applySky when skyMode=procedural and angle diff >= 0.4
[22m[39m[env-persist] setEnvState() called: timeOfDaySpeed (skipAutoSave)

[90mstdout[2m | src/__tests__/env-bridge/time-of-day.int.test.ts[2m > [22m[2mTime of Day[2m > [22m[2m_timeOfDayTick (via registered callback)[2m > [22m[2mcalls impl.applySky when skyMode=procedural and angle diff >= 0.4
[22m[39m[env-persist] setEnvState() called: timeOfDaySpeed (skipAutoSave)
[env-persist] setEnvState() called: timeOfDayActive (skipAutoSave)

[90mstdout[2m | src/__tests__/env-bridge/time-of-day.int.test.ts[2m > [22m[2mTime of Day[2m > [22m[2m_timeOfDayTick (via registered callback)[2m > [22m[2mcalls impl.applySky when skyMode=procedural and angle diff >= 0.4
[22m[39m[env-persist] setEnvState() called: timeOfDayActive (skipAutoSave)

[90mstdout[2m | src/__tests__/env-bridge/time-of-day.int.test.ts[2m > [22m[2mTime of Day[2m > [22m[2m_timeOfDayTick (via registered callback)[2m > [22m[2mdoes NOT call the sky-mode-specific applySky (only from _applyEnvStateFacade) when skyMode is not procedural
[22m[39m[env-persist] setEnvState() called: timeOfDaySpeed (skipAutoSave)

[90mstdout[2m | src/__tests__/env-bridge/time-of-day.int.test.ts[2m > [22m[2mTime of Day[2m > [22m[2m_timeOfDayTick (via registered callback)[2m > [22m[2mdoes NOT call the sky-mode-specific applySky (only from _applyEnvStateFacade) when skyMode is not procedural
[22m[39m[env-persist] setEnvState() called: timeOfDaySpeed (skipAutoSave)
[env-persist] setEnvState() called: timeOfDayActive (skipAutoSave)

[90mstdout[2m | src/__tests__/env-bridge/time-of-day.int.test.ts[2m > [22m[2mTime of Day[2m > [22m[2m_timeOfDayTick (via registered callback)[2m > [22m[2mdoes NOT call the sky-mode-specific applySky (only from _applyEnvStateFacade) when skyMode is not procedural
[22m[39m[env-persist] setEnvState() called: timeOfDayActive (skipAutoSave)

[90mstdout[2m | src/__tests__/scene/env-particles.test.ts[2m > [22m[2menv-particles[2m > [22m[2mcreateParticleEmitter / disposeParticles[2m > [22m[2mdispose 鍙噸澶嶈皟鐢紙骞傜瓑锛?[22m[39mBJS - [22:19:03]: Babylon.js v9.19.0 - Null engine

[33m[39m[32m路[39m[33m[39m[32m路[39m[33m[39m[32m路[39m[33m[39m[32m路[39m[33m[39m[32m路[39m[33m[39m[32m路[39m[33m[39m[32m路[39m[33m[39m[32m路[39m[33m[39m[32m路[39m[33m[39m[32m路[39m[33m[39m[32m路[39m[33m[39m[32m路[39m[33m[39m[32m路[39m[33m[39m[32m路[39m[33m[39m[32m路[39m[33m[39m[32m路[39m[33m[39m[32m路[39m[33m[39m[32m路[39m[33m[39m[32m路[39m[33m[39m[32m路[39m[33m[39m[32m路[39m[33m[39m[32m路[39m[33m[39m[32m路[39m[33m[39m[32m路[39m[90mstdout[2m | src/__tests__/scene/env-particles.test.ts[2m > [22m[2menv-particles[2m > [22m[2mgetCurrentParticleType[2m > [22m[2m鍒涘缓鍚庤繑鍥炲綋鍓嶇被鍨?[22m[39mBJS - [22:19:03]: Babylon.js v9.19.0 - Null engine

[90mstdout[2m | src/__tests__/scene/env-particles.test.ts[2m > [22m[2menv-particles[2m > [22m[2mgetCurrentParticleType[2m > [22m[2mdispose 鍚庝粛淇濈暀涓婃绫诲瀷锛堢敤浜庤嚜鍔ㄦ仮澶嶏級
[22m[39mBJS - [22:19:03]: Babylon.js v9.19.0 - Null engine

[90mstdout[2m | src/__tests__/scene/env-particles.test.ts[2m > [22m[2menv-particles[2m > [22m[2mgetCurrentParticleType[2m > [22m[2m鍒囨崲绫诲瀷鍚庤繑鍥炴柊绫诲瀷
[22m[39mBJS - [22:19:03]: Babylon.js v9.19.0 - Null engine

[90mstdout[2m | src/__tests__/scene/env-particles.test.ts[2m > [22m[2menv-particles[2m > [22m[2mupdateParticleParams[2m > [22m[2m鏃?system 鏃朵笉鎶涢敊
[22m[39mBJS - [22:19:03]: Babylon.js v9.19.0 - Null engine

[90mstdout[2m | src/__tests__/scene/env-particles.test.ts[2m > [22m[2menv-particles[2m > [22m[2mupdateParticleParams[2m > [22m[2m鏈?system 鏃舵甯告洿鏂?[22m[39mBJS - [22:19:03]: Babylon.js v9.19.0 - Null engine

[90mstdout[2m | src/__tests__/scene/env-particles.test.ts[2m > [22m[2menv-particles[2m > [22m[2mapplyWindToParticles[2m > [22m[2m鏃犲垵濮嬫柟鍚戞椂涓嶆姏閿?[22m[39mBJS - [22:19:03]: Babylon.js v9.19.0 - Null engine

[90mstdout[2m | src/__tests__/scene/env-particles.test.ts[2m > [22m[2menv-particles[2m > [22m[2m婀胯韩鏁堟灉锛坵etness effect锛?[2m > [22m[2m涓嶅湪闆ㄥぉ鏃朵笉婵€娲?[22m[39mBJS - [22:19:03]: Babylon.js v9.19.0 - Null engine

[90mstdout[2m | src/__tests__/scene/env-particles.test.ts[2m > [22m[2menv-particles[2m > [22m[2m婀胯韩鏁堟灉锛坵etness effect锛?[2m > [22m[2m鍒涘缓 rain 绮掑瓙鏃舵縺娲绘箍韬?[22m[39mBJS - [22:19:03]: Babylon.js v9.19.0 - Null engine

[90mstdout[2m | src/__tests__/scene/env-particles.test.ts[2m > [22m[2menv-particles[2m > [22m[2m婀胯韩鏁堟灉锛坵etness effect锛?[2m > [22m[2mPBRMaterial roughness 鍑忓崐涓斾笉浣庝簬 0.1
[22m[39mBJS - [22:19:03]: Babylon.js v9.19.0 - Null engine

[33m[39m[32m路[39m[33m[39m[32m路[39m[33m[39m[32m路[39m[33m[39m[32m路[39m[33m[39m[32m路[39m[33m[39m[32m路[39m[33m[39m[32m路[39m[33m[39m[32m路[39m[33m[39m[32m路[39m[33m[39m[32m路[39m[33m[39m[32m路[39m[33m[39m[32m路[39m[33m[39m[32m路[39m[33m[39m[32m路[39m[33m[39m[32m路[39m[33m[39m[32m路[39m[33m[39m[32m路[39m[33m[39m[32m路[39m[33m[39m[32m路[39m[90mstdout[2m | src/__tests__/scene/env-particles.test.ts[2m > [22m[2menv-particles[2m > [22m[2m婀胯韩鏁堟灉锛坵etness effect锛?[2m > [22m[2mStandardMaterial specularPower 鍔犲€?[22m[39mBJS - [22:19:03]: Babylon.js v9.19.0 - Null engine

[90mstdout[2m | src/__tests__/scene/env-particles.test.ts[2m > [22m[2menv-particles[2m > [22m[2m婀胯韩鏁堟灉锛坵etness effect锛?[2m > [22m[2mdispose 鍚庢仮澶嶆墍鏈夋潗璐ㄥ師濮嬪€?[22m[39mBJS - [22:19:03]: Babylon.js v9.19.0 - Null engine

[90mstdout[2m | src/__tests__/scene/env-particles.test.ts[2m > [22m[2menv-particles[2m > [22m[2m婀胯韩鏁堟灉锛坵etness effect锛?[2m > [22m[2mapplyWetnessToInst 瀵瑰悗鍔犺浇妯″瀷鐢熸晥
[22m[39mBJS - [22:19:03]: Babylon.js v9.19.0 - Null engine

[90mstdout[2m | src/__tests__/scene/env-particles.test.ts[2m > [22m[2menv-particles[2m > [22m[2m婀胯韩鏁堟灉锛坵etness effect锛?[2m > [22m[2m鍏变韩鏉愯川鍘婚噸锛氬悓涓€鏉愯川鍙鐞嗕竴娆?[22m[39mBJS - [22:19:03]: Babylon.js v9.19.0 - Null engine

[33m[39m[32m路[39m[33m[39m[32m路[39m[33m[39m[32m路[39m[33m[39m[32m路[39m[33m[39m[32m路[39m[33m[39m[32m路[39m[33m[39m[32m路[39m[33m[39m[32m路[39m[33m[39m[32m路[39m[33m[39m[32m路[39m[33m[39m[32m路[39m[33m[39m[32m路[39m[33m[39m[32m路[39m[33m[39m[32m路[39m[33m[39m[32m路[39m[33m[39m[32m路[39m[33m[39m[32m路[39m[33m[39m[32m路[39m[33m[39m[32m路[39m[33m[39m[32m路[39m[33m[39m[32m路[39m[33m[39m[32m路[39m[33m[39m[32m路[39m[33m[39m[32m路[39m[33m[39m[32m路[39m[33m[39m[32m路[39m[33m[39m[32m路[39m[33m[39m[32m路[39m[33m[39m[32m路[39m[33m[39m[32m路[39m[33m[39m[32m路[39m[33m[39m[32m路[39m[33m[39m[32m路[39m[33m[39m[32m路[39m[33m[39m[32m路[39m[33m[39m[32m路[39m[33m[39m[32m路[39m[33m[39m[32m路[39m[33m[39m[32m路[39m[33m[39m[32m路[39m[33m[39m[32m路[39m[33m[39m[32m路[39m[33m[39m[32m路[39m[33m[39m[32m路[39m[33m[39m[32m路[39m[33m[39m[32m路[39m[33m[39m[32m路[39m[90mstdout[2m | src/__tests__/scene/lighting-follow.test.ts[2m > [22m[2mPersonalLightSettings 榛樿鍊?[2m > [22m[2mDEFAULT_PERSONAL_LIGHT 鍖呭惈 boneName: null
[22m[39mBJS - [22:19:03]: Babylon.js v9.19.0 - Null engine

[90mstdout[2m | src/__tests__/scene/lighting-follow.test.ts[2m > [22m[2mPersonalLightSettings 榛樿鍊?[2m > [22m[2mDEFAULT_PERSONAL_LIGHT 鍖呭惈鎵€鏈夊繀瑕佸瓧娈?[22m[39mBJS - [22:19:03]: Babylon.js v9.19.0 - Null engine

[90mstdout[2m | src/__tests__/scene/lighting-follow.test.ts[2m > [22m[2mStageLightState.followTarget 鍚戝悗鍏煎[2m > [22m[2m_defaultStageLightState 杩斿洖 followTarget: null
[22m[39mBJS - [22:19:03]: Babylon.js v9.19.0 - Null engine

[33m[39m[32m路[39m[33m[39m[32m路[39m[33m[39m[32m路[39m[33m[39m[32m路[39m[33m[39m[32m路[39m[33m[39m[32m路[39m[33m[39m[32m路[39m[33m[39m[32m路[39m[33m[39m[32m路[39m[33m[39m[32m路[39m[90mstdout[2m | src/__tests__/scene/lighting-follow.test.ts[2m > [22m[2mStageLightState.followTarget 鍚戝悗鍏煎[2m > [22m[2mgetStageLights 杩斿洖鐨勭伅鍏?followTarget 榛樿涓?null
[22m[39mBJS - [22:19:03]: Babylon.js v9.19.0 - Null engine

[90mstdout[2m | src/__tests__/scene/lighting-follow.test.ts[2m > [22m[2mgetAllPersonalLights / restorePersonalLights[2m > [22m[2m鏃犱釜浜虹伅鏃?getAllPersonalLights 杩斿洖绌烘暟缁?[22m[39mBJS - [22:19:03]: Babylon.js v9.19.0 - Null engine

[90mstdout[2m | src/__tests__/scene/lighting-follow.test.ts[2m > [22m[2mgetAllPersonalLights / restorePersonalLights[2m > [22m[2mrestorePersonalLights 瀵逛笉瀛樺湪鐨?modelId 闈欓粯璺宠繃
[22m[39mBJS - [22:19:03]: Babylon.js v9.19.0 - Null engine

[90mstdout[2m | src/__tests__/scene/lighting-follow.test.ts[2m > [22m[2mtickStageLightFollow[2m > [22m[2m鏃?followTarget 鏃?tick 涓嶄慨鏀?target
[22m[39mBJS - [22:19:03]: Babylon.js v9.19.0 - Null engine

[90mstdout[2m | src/__tests__/scene/lighting-follow.test.ts[2m > [22m[2mtickStageLightFollow[2m > [22m[2mfollowTarget 鎸囧悜涓嶅瓨鍦ㄧ殑妯″瀷鏃堕潤榛樿烦杩?[22m[39mBJS - [22:19:03]: Babylon.js v9.19.0 - Null engine

[33m[39m[32m路[39m[33m[39m[32m路[39m[33m[39m[32m路[39m[33m[39m[32m路[39m[33m[39m[32m路[39m[33m[39m[32m路[39m[33m[39m[32m路[39m[33m[39m[32m路[39m[33m[39m[32m路[39m[33m[39m[32m路[39m[33m[39m[32m路[39m[90mstdout[2m | src/__tests__/scene/planar-reflection.test.ts[2m > [22m[2mPlanarReflection 鈥?浜掓枼鍗忚皟[2m > [22m[2m鍒涘缓鍚?isEnabled 涓?true
[22m[39mBJS - [22:19:03]: Babylon.js v9.19.0 - Null engine

[90mstdout[2m | src/__tests__/scene/planar-reflection.test.ts[2m > [22m[2mPlanarReflection 鈥?浜掓枼鍗忚皟[2m > [22m[2mshouldEnable=false 鏃?disable锛宨sEnabled 涓?false
[22m[39mBJS - [22:19:03]: Babylon.js v9.19.0 - Null engine

[33m[39m[32m路[39m[33m[39m[32m路[39m[33m[39m[32m路[39m[33m[39m[32m路[39m[33m[39m[32m路[39m[33m[39m[32m路[39m[90mstdout[2m | src/__tests__/scene/planar-reflection.test.ts[2m > [22m[2mPlanarReflection 鈥?浜掓枼鍗忚皟[2m > [22m[2mquality=off 鏃?disable
[22m[39mBJS - [22:19:03]: Babylon.js v9.19.0 - Null engine

[90mstdout[2m | src/__tests__/scene/planar-reflection.test.ts[2m > [22m[2mPlanarReflection 鈥?浜掓枼鍗忚皟[2m > [22m[2m涓?surface 鍚屾椂 shouldEnable=true 鏃朵粎涓€闈㈡椿璺冿紙浜掓枼锛?[22m[39mBJS - [22:19:03]: Babylon.js v9.19.0 - Null engine

[90mstdout[2m | src/__tests__/scene/planar-reflection.test.ts[2m > [22m[2mPlanarReflection 鈥?浜掓枼鍗忚皟[2m > [22m[2m鍋滅敤娲昏穬闈㈠悗鍙︿竴闈㈡仮澶嶏紙鍙仮澶嶄簰鏂ワ級
[22m[39mBJS - [22:19:03]: Babylon.js v9.19.0 - Null engine

[33m[39m[32m路[39m[33m[39m[32m路[39m[33m[39m[32m路[39m[33m[39m[32m路[39m[33m[39m[32m路[39m[90mstdout[2m | src/__tests__/scene/planar-reflection.test.ts[2m > [22m[2mPlanarReflection 鈥?浜掓枼鍗忚皟[2m > [22m[2msetBlend 琚?update 璋冪敤鏃朵紶閫掓纭殑 blend 鍊?[22m[39mBJS - [22:19:03]: Babylon.js v9.19.0 - Null engine

[90mstdout[2m | src/__tests__/scene/planar-reflection.test.ts[2m > [22m[2mPlanarReflection 鈥?浜掓枼鍗忚皟[2m > [22m[2mblend 鍙樺寲鏃?setBlend 鏀跺埌鏂板€?[22m[39mBJS - [22:19:03]: Babylon.js v9.19.0 - Null engine

[90mstdout[2m | src/__tests__/scene/planar-reflection.test.ts[2m > [22m[2mPlanarReflection 鈥?浜掓枼鍗忚皟[2m > [22m[2msetBlend 鍐欏叆 reflectionTexture.level
[22m[39mBJS - [22:19:03]: Babylon.js v9.19.0 - Null engine

[90mstdout[2m | src/__tests__/env-bridge/presets.int.test.ts[2m > [22m[2mapplyEnvPresetObject[2m > [22m[2mcalls setSkipLightAutoSave(true) at start and (false) on completion
[22m[39m[env-persist] setEnvState() called: skyMode, skyColorTop, skyColorMid, skyColorBot, skyBrightness, sunAngle, azimuth, iblIntensity (skipAutoSave)
[env-persist] setEnvState() called: skyMode, skyColorTop, skyColorMid, skyColorBot, skyBrightness, sunAngle, azimuth, iblIntensity (skipAutoSave)
[env-persist] setEnvState() called: skyMode, skyColorTop, skyColorMid, skyColorBot, skyBrightness, sunAngle, azimuth, iblIntensity (skipAutoSave)
[env-persist] setEnvState() called: skyMode, skyColorTop, skyColorMid, skyColorBot, skyBrightness, sunAngle, azimuth, iblIntensity (skipAutoSave)
[env-persist] setEnvState() called: skyMode, skyColorTop, skyColorMid, skyColorBot, skyBrightness, sunAngle, azimuth, iblIntensity (skipAutoSave)
[env-persist] setEnvState() called: skyMode, skyColorTop, skyColorMid, skyColorBot, skyBrightness, sunAngle, azimuth, iblIntensity (skipAutoSave)
[env-persist] setEnvState() called: skyMode, skyColorTop, skyColorMid, skyColorBot, skyBrightness, sunAngle, azimuth, iblIntensity (skipAutoSave)
[env-persist] setEnvState() called: skyMode, skyColorTop, skyColorMid, skyColorBot, skyBrightness, sunAngle, azimuth, iblIntensity (skipAutoSave)
[env-persist] setEnvState() called: skyMode, skyColorTop, skyColorMid, skyColorBot, skyBrightness, sunAngle, azimuth, iblIntensity (skipAutoSave)
[env-persist] setEnvState() called: skyMode, skyColorTop, skyColorMid, skyColorBot, skyBrightness, sunAngle, azimuth, iblIntensity (skipAutoSave)
[env-persist] setEnvState() called: skyMode, skyColorTop, skyColorMid, skyColorBot, skyBrightness, sunAngle, azimuth, iblIntensity (skipAutoSave)
[env-persist] setEnvState() called: skyMode, skyColorTop, skyColorMid, skyColorBot, skyBrightness, sunAngle, azimuth, iblIntensity (skipAutoSave)
[env-persist] setEnvState() called: skyMode, skyColorTop, skyColorMid, skyColorBot, skyBrightness, sunAngle, azimuth, iblIntensity (skipAutoSave)
[env-persist] setEnvState() called: skyMode, skyColorTop, skyColorMid, skyColorBot, skyBrightness, sunAngle, azimuth, iblIntensity (skipAutoSave)
[env-persist] setEnvState() called: skyMode, skyColorTop, skyColorMid, skyColorBot, skyBrightness, sunAngle, azimuth, iblIntensity (skipAutoSave)
[env-persist] setEnvState() called: skyMode, skyColorTop, skyColorMid, skyColorBot, skyBrightness, sunAngle, azimuth, iblIntensity (skipAutoSave)
[env-persist] setEnvState() called: skyMode, skyColorTop, skyColorMid, skyColorBot, skyBrightness, sunAngle, azimuth, iblIntensity (skipAutoSave)
[env-persist] setEnvState() called: skyMode, skyColorTop, skyColorMid, skyColorBot, skyBrightness, sunAngle, azimuth, iblIntensity (skipAutoSave)
[env-persist] setEnvState() called: skyMode, skyColorTop, skyColorMid, skyColorBot, skyBrightness, sunAngle, azimuth, iblIntensity (skipAutoSave)
[env-persist] setEnvState() called: skyMode, skyColorTop, skyColorMid, skyColorBot, skyBrightness, sunAngle, azimuth, iblIntensity (skipAutoSave)
[env-persist] setEnvState() called: skyMode, skyColorTop, skyColorMid, skyColorBot, skyBrightness, sunAngle, azimuth, iblIntensity (skipAutoSave)
[env-persist] setEnvState() called: skyMode, skyColorTop, skyColorMid, skyColorBot, skyBrightness, sunAngle, azimuth, iblIntensity (skipAutoSave)
[env-persist] setEnvState() called: skyMode, skyColorTop, skyColorMid, skyColorBot, skyBrightness, sunAngle, azimuth, iblIntensity (skipAutoSave)
[env-persist] setEnvState() called: skyMode, skyColorTop, skyColorMid, skyColorBot, skyBrightness, sunAngle, azimuth, iblIntensity (skipAutoSave)
[env-persist] setEnvState() called: skyMode, skyColorTop, skyColorMid, skyColorBot, skyBrightness, sunAngle, azimuth, iblIntensity (skipAutoSave)
[env-persist] setEnvState() called: skyMode, skyColorTop, skyColorMid, skyColorBot, skyBrightness, sunAngle, azimuth, iblIntensity (skipAutoSave)
[env-persist] setEnvState() called: skyMode, skyColorTop, skyColorMid, skyColorBot, skyBrightness, sunAngle, azimuth, iblIntensity (skipAutoSave)
[env-persist] setEnvState() called: skyMode, skyColorTop, skyColorMid, skyColorBot, skyBrightness, sunAngle, azimuth, iblIntensity (skipAutoSave)
[env-persist] setEnvState() called: skyMode, skyColorTop, skyColorMid, skyColorBot, skyBrightness, sunAngle, azimuth, iblIntensity (skipAutoSave)
[env-persist] setEnvState() called: skyMode, skyColorTop, skyColorMid, skyColorBot, skyBrightness, sunAngle, azimuth, iblIntensity (skipAutoSave)
[env-persist] setEnvState() called: skyMode, skyColorTop, skyColorMid, skyColorBot, skyBrightness, sunAngle, azimuth, iblIntensity (skipAutoSave)
[env-persist] setEnvState() called: skyMode, skyColorTop, skyColorMid, skyColorBot, skyBrightness, sunAngle, azimuth, iblIntensity (skipAutoSave)

[90mstdout[2m | src/__tests__/scene/planar-reflection.test.ts[2m > [22m[2mPlanarReflection 鈥?浜掓枼鍗忚皟[2m > [22m[2mdispose 鍚?isEnabled 涓?false
[22m[39mBJS - [22:19:03]: Babylon.js v9.19.0 - Null engine

[90mstdout[2m | src/__tests__/env-bridge/presets.int.test.ts[2m > [22m[2mapplyEnvPresetObject[2m > [22m[2mcalls setLightState during animation
[22m[39m[env-persist] setEnvState() called: skyMode, skyColorTop, skyColorMid, skyColorBot, skyBrightness, sunAngle, azimuth, iblIntensity (skipAutoSave)

[90mstdout[2m | src/__tests__/env-bridge/presets.int.test.ts[2m > [22m[2m_presetAnimId cancellation[2m > [22m[2msecond preset cancels first: only one completion fires setSkipLightAutoSave(false)
[22m[39m[env-persist] setEnvState() called: skyMode, skyColorTop, skyColorMid, skyColorBot, skyBrightness, sunAngle, azimuth, iblIntensity (skipAutoSave)
[env-persist] setEnvState() called: skyMode, skyColorTop, skyColorMid, skyColorBot, skyBrightness, sunAngle, azimuth, iblIntensity (skipAutoSave)
[env-persist] setEnvState() called: skyMode, skyColorTop, skyColorMid, skyColorBot, skyBrightness, sunAngle, azimuth, iblIntensity (skipAutoSave)
[env-persist] setEnvState() called: skyMode, skyColorTop, skyColorMid, skyColorBot, skyBrightness, sunAngle, azimuth, iblIntensity (skipAutoSave)
[env-persist] setEnvState() called: skyMode, skyColorTop, skyColorMid, skyColorBot, skyBrightness, sunAngle, azimuth, iblIntensity (skipAutoSave)
[env-persist] setEnvState() called: skyMode, skyColorTop, skyColorMid, skyColorBot, skyBrightness, sunAngle, azimuth, iblIntensity (skipAutoSave)
[env-persist] setEnvState() called: skyMode, skyColorTop, skyColorMid, skyColorBot, skyBrightness, sunAngle, azimuth, iblIntensity (skipAutoSave)
[env-persist] setEnvState() called: skyMode, skyColorTop, skyColorMid, skyColorBot, skyBrightness, sunAngle, azimuth, iblIntensity (skipAutoSave)
[env-persist] setEnvState() called: skyMode, skyColorTop, skyColorMid, skyColorBot, skyBrightness, sunAngle, azimuth, iblIntensity (skipAutoSave)
[env-persist] setEnvState() called: skyMode, skyColorTop, skyColorMid, skyColorBot, skyBrightness, sunAngle, azimuth, iblIntensity (skipAutoSave)
[env-persist] setEnvState() called: skyMode, skyColorTop, skyColorMid, skyColorBot, skyBrightness, sunAngle, azimuth, iblIntensity (skipAutoSave)
[env-persist] setEnvState() called: skyMode, skyColorTop, skyColorMid, skyColorBot, skyBrightness, sunAngle, azimuth, iblIntensity (skipAutoSave)
[env-persist] setEnvState() called: skyMode, skyColorTop, skyColorMid, skyColorBot, skyBrightness, sunAngle, azimuth, iblIntensity (skipAutoSave)
[env-persist] setEnvState() called: skyMode, skyColorTop, skyColorMid, skyColorBot, skyBrightness, sunAngle, azimuth, iblIntensity (skipAutoSave)
[env-persist] setEnvState() called: skyMode, skyColorTop, skyColorMid, skyColorBot, skyBrightness, sunAngle, azimuth, iblIntensity (skipAutoSave)
[env-persist] setEnvState() called: skyMode, skyColorTop, skyColorMid, skyColorBot, skyBrightness, sunAngle, azimuth, iblIntensity (skipAutoSave)
[env-persist] setEnvState() called: skyMode, skyColorTop, skyColorMid, skyColorBot, skyBrightness, sunAngle, azimuth, iblIntensity (skipAutoSave)
[env-persist] setEnvState() called: skyMode, skyColorTop, skyColorMid, skyColorBot, skyBrightness, sunAngle, azimuth, iblIntensity (skipAutoSave)
[env-persist] setEnvState() called: skyMode, skyColorTop, skyColorMid, skyColorBot, skyBrightness, sunAngle, azimuth, iblIntensity (skipAutoSave)
[env-persist] setEnvState() called: skyMode, skyColorTop, skyColorMid, skyColorBot, skyBrightness, sunAngle, azimuth, iblIntensity (skipAutoSave)
[env-persist] setEnvState() called: skyMode, skyColorTop, skyColorMid, skyColorBot, skyBrightness, sunAngle, azimuth, iblIntensity (skipAutoSave)
[env-persist] setEnvState() called: skyMode, skyColorTop, skyColorMid, skyColorBot, skyBrightness, sunAngle, azimuth, iblIntensity (skipAutoSave)
[env-persist] setEnvState() called: skyMode, skyColorTop, skyColorMid, skyColorBot, skyBrightness, sunAngle, azimuth, iblIntensity (skipAutoSave)
[env-persist] setEnvState() called: skyMode, skyColorTop, skyColorMid, skyColorBot, skyBrightness, sunAngle, azimuth, iblIntensity (skipAutoSave)
[env-persist] setEnvState() called: skyMode, skyColorTop, skyColorMid, skyColorBot, skyBrightness, sunAngle, azimuth, iblIntensity (skipAutoSave)
[env-persist] setEnvState() called: skyMode, skyColorTop, skyColorMid, skyColorBot, skyBrightness, sunAngle, azimuth, iblIntensity (skipAutoSave)
[env-persist] setEnvState() called: skyMode, skyColorTop, skyColorMid, skyColorBot, skyBrightness, sunAngle, azimuth, iblIntensity (skipAutoSave)
[env-persist] setEnvState() called: skyMode, skyColorTop, skyColorMid, skyColorBot, skyBrightness, sunAngle, azimuth, iblIntensity (skipAutoSave)
[env-persist] setEnvState() called: skyMode, skyColorTop, skyColorMid, skyColorBot, skyBrightness, sunAngle, azimuth, iblIntensity (skipAutoSave)
[env-persist] setEnvState() called: skyMode, skyColorTop, skyColorMid, skyColorBot, skyBrightness, sunAngle, azimuth, iblIntensity (skipAutoSave)
[env-persist] setEnvState() called: skyMode, skyColorTop, skyColorMid, skyColorBot, skyBrightness, sunAngle, azimuth, iblIntensity (skipAutoSave)
[env-persist] setEnvState() called: skyMode, skyColorTop, skyColorMid, skyColorBot, skyBrightness, sunAngle, azimuth, iblIntensity (skipAutoSave)

[33m[39m[32m路[39m[33m[39m[32m路[39m[33m[39m[32m路[39m[33m[39m[32m路[39m[33m[39m[32m路[39m[33m[39m[32m路[39m[33m[39m[32m路[39m[33m[39m[32m路[39m[33m[39m[32m路[39m[90mstdout[2m | src/__tests__/env-bridge/presets.int.test.ts[2m > [22m[2m_presetAnimId cancellation[2m > [22m[2mcompleting second preset calls setLightState at completion
[22m[39m[env-persist] setEnvState() called: skyMode, skyColorTop, skyColorMid, skyColorBot, skyBrightness, sunAngle, azimuth, iblIntensity (skipAutoSave)
[env-persist] setEnvState() called: skyMode, skyColorTop, skyColorMid, skyColorBot, skyBrightness, sunAngle, azimuth, iblIntensity (skipAutoSave)
[env-persist] setEnvState() called: skyMode, skyColorTop, skyColorMid, skyColorBot, skyBrightness, sunAngle, azimuth, iblIntensity (skipAutoSave)
[env-persist] setEnvState() called: skyMode, skyColorTop, skyColorMid, skyColorBot, skyBrightness, sunAngle, azimuth, iblIntensity (skipAutoSave)
[env-persist] setEnvState() called: skyMode, skyColorTop, skyColorMid, skyColorBot, skyBrightness, sunAngle, azimuth, iblIntensity (skipAutoSave)
[env-persist] setEnvState() called: skyMode, skyColorTop, skyColorMid, skyColorBot, skyBrightness, sunAngle, azimuth, iblIntensity (skipAutoSave)
[env-persist] setEnvState() called: skyMode, skyColorTop, skyColorMid, skyColorBot, skyBrightness, sunAngle, azimuth, iblIntensity (skipAutoSave)
[env-persist] setEnvState() called: skyMode, skyColorTop, skyColorMid, skyColorBot, skyBrightness, sunAngle, azimuth, iblIntensity (skipAutoSave)
[env-persist] setEnvState() called: skyMode, skyColorTop, skyColorMid, skyColorBot, skyBrightness, sunAngle, azimuth, iblIntensity (skipAutoSave)
[env-persist] setEnvState() called: skyMode, skyColorTop, skyColorMid, skyColorBot, skyBrightness, sunAngle, azimuth, iblIntensity (skipAutoSave)
[env-persist] setEnvState() called: skyMode, skyColorTop, skyColorMid, skyColorBot, skyBrightness, sunAngle, azimuth, iblIntensity (skipAutoSave)
[env-persist] setEnvState() called: skyMode, skyColorTop, skyColorMid, skyColorBot, skyBrightness, sunAngle, azimuth, iblIntensity (skipAutoSave)
[env-persist] setEnvState() called: skyMode, skyColorTop, skyColorMid, skyColorBot, skyBrightness, sunAngle, azimuth, iblIntensity (skipAutoSave)
[env-persist] setEnvState() called: skyMode, skyColorTop, skyColorMid, skyColorBot, skyBrightness, sunAngle, azimuth, iblIntensity (skipAutoSave)
[env-persist] setEnvState() called: skyMode, skyColorTop, skyColorMid, skyColorBot, skyBrightness, sunAngle, azimuth, iblIntensity (skipAutoSave)
[env-persist] setEnvState() called: skyMode, skyColorTop, skyColorMid, skyColorBot, skyBrightness, sunAngle, azimuth, iblIntensity (skipAutoSave)
[env-persist] setEnvState() called: skyMode, skyColorTop, skyColorMid, skyColorBot, skyBrightness, sunAngle, azimuth, iblIntensity (skipAutoSave)
[env-persist] setEnvState() called: skyMode, skyColorTop, skyColorMid, skyColorBot, skyBrightness, sunAngle, azimuth, iblIntensity (skipAutoSave)
[env-persist] setEnvState() called: skyMode, skyColorTop, skyColorMid, skyColorBot, skyBrightness, sunAngle, azimuth, iblIntensity (skipAutoSave)
[env-persist] setEnvState() called: skyMode, skyColorTop, skyColorMid, skyColorBot, skyBrightness, sunAngle, azimuth, iblIntensity (skipAutoSave)
[env-persist] setEnvState() called: skyMode, skyColorTop, skyColorMid, skyColorBot, skyBrightness, sunAngle, azimuth, iblIntensity (skipAutoSave)
[env-persist] setEnvState() called: skyMode, skyColorTop, skyColorMid, skyColorBot, skyBrightness, sunAngle, azimuth, iblIntensity (skipAutoSave)
[env-persist] setEnvState() called: skyMode, skyColorTop, skyColorMid, skyColorBot, skyBrightness, sunAngle, azimuth, iblIntensity (skipAutoSave)
[env-persist] setEnvState() called: skyMode, skyColorTop, skyColorMid, skyColorBot, skyBrightness, sunAngle, azimuth, iblIntensity (skipAutoSave)
[env-persist] setEnvState() called: skyMode, skyColorTop, skyColorMid, skyColorBot, skyBrightness, sunAngle, azimuth, iblIntensity (skipAutoSave)
[env-persist] setEnvState() called: skyMode, skyColorTop, skyColorMid, skyColorBot, skyBrightness, sunAngle, azimuth, iblIntensity (skipAutoSave)
[env-persist] setEnvState() called: skyMode, skyColorTop, skyColorMid, skyColorBot, skyBrightness, sunAngle, azimuth, iblIntensity (skipAutoSave)
[env-persist] setEnvState() called: skyMode, skyColorTop, skyColorMid, skyColorBot, skyBrightness, sunAngle, azimuth, iblIntensity (skipAutoSave)
[env-persist] setEnvState() called: skyMode, skyColorTop, skyColorMid, skyColorBot, skyBrightness, sunAngle, azimuth, iblIntensity (skipAutoSave)
[env-persist] setEnvState() called: skyMode, skyColorTop, skyColorMid, skyColorBot, skyBrightness, sunAngle, azimuth, iblIntensity (skipAutoSave)
[env-persist] setEnvState() called: skyMode, skyColorTop, skyColorMid, skyColorBot, skyBrightness, sunAngle, azimuth, iblIntensity (skipAutoSave)
[env-persist] setEnvState() called: skyMode, skyColorTop, skyColorMid, skyColorBot, skyBrightness, sunAngle, azimuth, iblIntensity (skipAutoSave)

[33m[39m[32m路[39m[33m[39m[32m路[39m[33m[39m[32m路[39m[33m[39m[32m路[39m[33m[39m[32m路[39m[33m[39m[32m路[39m[33m[39m[32m路[39m[33m[39m[32m路[39m[33m[39m[32m路[39m[33m[39m[32m路[39m[33m[39m[32m路[39m[33m[39m[32m路[39m[90mstdout[2m | src/__tests__/scene/env-impl.test.ts[2m > [22m[2mgetGroundHeightAt 鈥?鍊炬枩 + 闈炲潎鍖€缂╂斁[2m > [22m[2m鍦板舰璺緞锛氬€炬枩(rotX/rotZ)+闈炲潎鍖€缂╂斁 涓嬩笘鐣屸啍鏈湴閫嗙煩闃靛彉鎹㈡纭?[22m[39mBJS - [22:19:03]: Babylon.js v9.19.0 - Null engine

[90mstdout[2m | src/__tests__/scene/env-ground.test.ts[2m > [22m[2mGround Presets 鈥?瀛楁瀹屾暣鎬?[2m > [22m[2mbuildGroundPresetEnvState 瀵规墍鏈夐璁句笉浜х敓 undefined 瀛楁
[22m[39mBJS - [22:19:03]: Babylon.js v9.19.0 - Null engine

[90mstdout[2m | src/__tests__/scene/env-ground.test.ts[2m > [22m[2mGround Presets 鈥?瀛楁瀹屾暣鎬?[2m > [22m[2m姣忎釜棰勮鍚?label 涓旈潪绌?[22m[39mBJS - [22:19:03]: Babylon.js v9.19.0 - Null engine

[90mstdout[2m | src/__tests__/scene/env-ground.test.ts[2m > [22m[2mGround Presets 鈥?瀛楁瀹屾暣鎬?[2m > [22m[2mbuildGroundPresetEnvState 杩斿洖鍖呭惈鍩虹鍙傛暟
[22m[39mBJS - [22:19:03]: Babylon.js v9.19.0 - Null engine

[90mstdout[2m | src/__tests__/scene/env-ground.test.ts[2m > [22m[2mGround Presets 鈥?瀛楁瀹屾暣鎬?[2m > [22m[2m姣忎釜棰勮鍚悎娉?sourceKind锛屼笖涓嶈惤鍏?buildGroundPresetEnvState 杩斿洖
[22m[39mBJS - [22:19:03]: Babylon.js v9.19.0 - Null engine

[90mstdout[2m | src/__tests__/scene/env-impl.test.ts[2m > [22m[2mgetGroundHeightAt 鈥?鍊炬枩 + 闈炲潎鍖€缂╂斁[2m > [22m[2m鍦板舰璺緞锛氶潪鍧囧寑缂╂斁纭疄鍙備笌鍙樻崲锛坲niform vs non-uniform 缁撴灉涓嶅悓锛?[22m[39mBJS - [22:19:03]: Babylon.js v9.19.0 - Null engine

[90mstdout[2m | src/__tests__/scene/env-ground.test.ts[2m > [22m[2mGround Presets 鈥?瀛楁瀹屾暣鎬?[2m > [22m[2mprocedural 棰勮(閲戝睘/鏈ㄧ汗)涓嶆畫鐣欒瀵兼€?groundStyle:solid
[22m[39mBJS - [22:19:03]: Babylon.js v9.19.0 - Null engine

[90mstdout[2m | src/__tests__/scene/env-impl.test.ts[2m > [22m[2mgetGroundHeightAt 鈥?鍊炬枩 + 闈炲潎鍖€缂╂斁[2m > [22m[2m鍦板舰璺緞锛歡etHeightAtCoordinates 杩斿洖闈炴湁闄愬€兼椂鍥為€€ groundLevel锛坕sFinite 瀹堝崼锛?[22m[39mBJS - [22:19:03]: Babylon.js v9.19.0 - Null engine

[90mstdout[2m | src/__tests__/scene/env-ground.test.ts[2m > [22m[2mapplyGround 鍘熷湴鏇存柊 鈥?绋嬪簭鍖栫汗鐞嗛槻瑕嗙洊瀹堝崼[2m > [22m[2m鏀?groundRoughness 瑙﹀彂鍘熷湴鏇存柊鍚庯紝albedo 绾圭悊瀵硅薄鏈鏇挎崲锛堥槻绋嬪簭鍖栬鐩栵級
[22m[39mBJS - [22:19:03]: Babylon.js v9.19.0 - Null engine

[90mstdout[2m | src/__tests__/scene/env-impl.test.ts[2m > [22m[2mgetGroundHeightAt 鈥?骞抽潰鍊炬枩锛坓etTiltedPlaneHeight锛?[2m > [22m[2m鏃犲€炬枩鏃堕€€鍖栦负 groundLevel
[22m[39mBJS - [22:19:03]: Babylon.js v9.19.0 - Null engine

[90mstdout[2m | src/__tests__/scene/env-impl.test.ts[2m > [22m[2mgetGroundHeightAt 鈥?骞抽潰鍊炬枩锛坓etTiltedPlaneHeight锛?[2m > [22m[2mrotation.x=30掳 鏃舵弧瓒冲钩闈㈡柟绋?height = L - tan(胃)路z
[22m[39mBJS - [22:19:03]: Babylon.js v9.19.0 - Null engine

[33m[39m[32m路[39m[33m[39m[32m路[39m[33m[39m[32m路[39m[33m[39m[32m路[39m[33m[39m[32m路[39m[90mstdout[2m | src/__tests__/scene/env-ground.test.ts[2m > [22m[2mapplyGround 鍘熷湴鏇存柊 鈥?绋嬪簭鍖栫汗鐞嗛槻瑕嗙洊瀹堝崼[2m > [22m[2m鏋佺缁勫悎 groundStyle:solid + proc:metal 涓嬶紝瀹堝崼鏈韩锛堥潪鏁版嵁鏀瑰€硷級浠嶆嫤鎴鐩?[22m[39mBJS - [22:19:03]: Babylon.js v9.19.0 - Null engine

[90mstdout[2m | src/__tests__/scene/env-ground.test.ts[2m > [22m[2mclearGroundTexCache 鈥?骞傜瓑[2m > [22m[2m鍙噸澶嶈皟鐢ㄤ笉鎶涢敊
[22m[39mBJS - [22:19:03]: Babylon.js v9.19.0 - Null engine

[90mstdout[2m | src/__tests__/scene/env-ground.test.ts[2m > [22m[2msetOnTerrainReady / setOnGroundChanged 鈥?鍥炶皟绠＄悊[2m > [22m[2m娉ㄥ唽 null 鍥炶皟涓嶆姏閿?[22m[39mBJS - [22:19:03]: Babylon.js v9.19.0 - Null engine

[90mstdout[2m | src/__tests__/scene/env-ground.test.ts[2m > [22m[2msetOnTerrainReady / setOnGroundChanged 鈥?鍥炶皟绠＄悊[2m > [22m[2m娉ㄥ唽/娓呴櫎鍙噸澶?[22m[39mBJS - [22:19:03]: Babylon.js v9.19.0 - Null engine

[90mstdout[2m | src/__tests__/scene/env-ground.test.ts[2m > [22m[2mdisposeGround 鈥?骞傜瓑涓庤祫婧愰噴鏀?[2m > [22m[2m鏈垵濮嬪寲鏃惰皟鐢ㄤ笉鎶涢敊锛堝箓绛夛級
[22m[39mBJS - [22:19:03]: Babylon.js v9.19.0 - Null engine

[90mstdout[2m | src/__tests__/scene/env-ground.test.ts[2m > [22m[2mdisposeGround 鈥?骞傜瓑涓庤祫婧愰噴鏀?[2m > [22m[2m鎼哄甫鐪熷疄缃戞牸鏃堕噴鏀惧苟缃┖寮曠敤
[22m[39mBJS - [22:19:03]: Babylon.js v9.19.0 - Null engine

[90mstdout[2m | src/__tests__/scene/env-ground.test.ts[2m > [22m[2mdisposeGround 鈥?骞傜瓑涓庤祫婧愰噴鏀?[2m > [22m[2m閲嶅璋冪敤 disposeGround 鍚庣綉鏍煎紩鐢ㄤ粛涓?null
[22m[39mBJS - [22:19:03]: Babylon.js v9.19.0 - Null engine

[90mstdout[2m | src/__tests__/scene/env-ground.test.ts[2m > [22m[2mdisposeGround 鈥?骞傜瓑涓庤祫婧愰噴鏀?[2m > [22m[2m缃戞牸鏃?material 鏃?dispose 涓嶆姏閿?[22m[39mBJS - [22:19:03]: Babylon.js v9.19.0 - Null engine

[90mstdout[2m | src/__tests__/scene/env-ground.test.ts[2m > [22m[2m_effectiveBumpLevel 鈥?娉曠嚎鎵洸鏄犲皠[2m > [22m[2m涓瓑/楂樿川閲忎笅 bumpLevel = normalStrength + distort*2.0
[22m[39mBJS - [22:19:03]: Babylon.js v9.19.0 - Null engine

[90mstdout[2m | src/__tests__/scene/env-ground.test.ts[2m > [22m[2m_effectiveBumpLevel 鈥?娉曠嚎鎵洸鏄犲皠[2m > [22m[2m浣庤川閲?鍏抽棴鏃堕€€鍖栦负 groundNormalStrength锛堝拷鐣?distort锛?[22m[39mBJS - [22:19:03]: Babylon.js v9.19.0 - Null engine

[90mstdout[2m | src/__tests__/scene/env-ground.test.ts[2m > [22m[2m_effectiveRoughness 鈥?鍙嶅皠妯＄硦鏄犲皠[2m > [22m[2m涓瓑/楂樿川閲忎笅 roughness = groundRoughness + blur * 0.4
[22m[39mBJS - [22:19:03]: Babylon.js v9.19.0 - Null engine

[90mstdout[2m | src/__tests__/scene/env-ground.test.ts[2m > [22m[2m_effectiveRoughness 鈥?鍙嶅皠妯＄硦鏄犲皠[2m > [22m[2m妯＄硦+绮楃硻搴︽€诲拰涓嶈秴杩?1
[22m[39mBJS - [22:19:03]: Babylon.js v9.19.0 - Null engine

[90mstdout[2m | src/__tests__/scene/env-ground.test.ts[2m > [22m[2m_effectiveRoughness 鈥?鍙嶅皠妯＄硦鏄犲皠[2m > [22m[2m浣庤川閲?鍏抽棴鏃堕€€鍖栦负 groundRoughness锛堝拷鐣?blur锛?[22m[39mBJS - [22:19:03]: Babylon.js v9.19.0 - Null engine

[33m[39m[32m路[39m[33m[39m[32m路[39m[33m[39m[32m路[39m[33m[39m[32m路[39m[33m[39m[32m路[39m[33m[39m[32m路[39m[33m[39m[32m路[39m[33m[39m[32m路[39m[33m[39m[32m路[39m[33m[39m[32m路[39m[33m[39m[32m路[39m[33m[39m[32m路[39m[33m[39m[32m路[39m[33m[39m[32m路[39m[33m[39m[32m路[39m[33m[39m[32m路[39m[33m[39m[32m路[39m[33m[39m[32m路[39m[33m[39m[32m路[39m[90mstdout[2m | src/__tests__/env-bridge/middleware.int.test.ts[2m > [22m[2mADR-173: setEnvState middleware[2m > [22m[2mpre-facade: syncEnvSunAngle 鍚屾 envSunAngle 缂撳瓨
[22m[39m[env-persist] setEnvState() called: sunAngle 

[90mstdout[2m | src/__tests__/env-bridge/middleware.int.test.ts[2m > [22m[2mADR-173: setEnvState middleware[2m > [22m[2mpre-facade: resolveQualityProfileMiddleware 瑙ｆ瀽 qualityProfile 涓哄瓙瀛楁
[22m[39m[env-persist] setEnvState() called: qualityProfile 
[22:19:03.633] [Performance] Mode set to: custom

[90mstdout[2m | src/__tests__/env-bridge/middleware.int.test.ts[2m > [22m[2mADR-173: setEnvState middleware[2m > [22m[2mpre-facade: qualityProfile=high 瑙ｆ瀽涓?high/high/high
[22m[39m[env-persist] setEnvState() called: qualityProfile 

[90mstdout[2m | src/__tests__/env-bridge/middleware.int.test.ts[2m > [22m[2mADR-173: setEnvState middleware[2m > [22m[2mpre-facade: 鏃?qualityProfile 鏃朵笉瑙﹀彂瀛愬瓧娈佃В鏋?[22m[39m[env-persist] setEnvState() called: sunAngle 

[90mstdout[2m | src/__tests__/env-bridge/middleware.int.test.ts[2m > [22m[2mADR-173: setEnvState middleware[2m > [22m[2mpost-facade: applyLightingPresetMiddleware 瑙﹀彂鐏厜棰勮杩囨浮
[22m[39m[env-persist] setEnvState() called: lightingPresetName 

[90mstdout[2m | src/__tests__/env-bridge/middleware.int.test.ts[2m > [22m[2mADR-173: setEnvState middleware[2m > [22m[2mpost-facade: 鏃?lightingPresetName 鏃朵笉瑙﹀彂鐏厜棰勮
[22m[39m[env-persist] setEnvState() called: sunAngle 

[90mstdout[2m | src/__tests__/env-bridge/middleware.int.test.ts[2m > [22m[2mADR-173: setEnvState middleware[2m > [22m[2mmiddleware 寮傚父闅旂: pre-facade 鎶涢敊涓嶄腑鏂?post-facade 鍜?persist
[22m[39m[env-persist] setEnvState() called: skyMode, lightingPresetName 

[90mstdout[2m | src/__tests__/env-bridge/middleware.int.test.ts[2m > [22m[2mADR-173: setEnvState middleware[2m > [22m[2mmiddleware 鎵ц椤哄簭: pre-facade 鍏ㄩ儴鍏堜簬 post-facade
[22m[39m[env-persist] setEnvState() called: qualityProfile, lightingPresetName 

[90mstdout[2m | src/__tests__/env-bridge/middleware.int.test.ts[2m > [22m[2mADR-173: setEnvState middleware[2m > [22m[2mpre-facade: 鎵嬪姩鏀?ground 瀛楁 鈫?groundPreset 閲嶇疆涓?custom
[22m[39m[env-persist] setEnvState() called: groundColor 

[90mstdout[2m | src/__tests__/env-bridge/middleware.int.test.ts[2m > [22m[2mADR-173: setEnvState middleware[2m > [22m[2mpre-facade: 鐐瑰嚮棰勮锛堝甫 groundPreset锛変笉琚娓呬负 custom
[22m[39m[env-persist] setEnvState() called: groundColor, groundPreset 

[90mstdout[2m | src/__tests__/env-bridge/middleware.int.test.ts[2m > [22m[2mADR-173: setEnvState middleware[2m > [22m[2mpre-facade: 浠呮敼闈?ground 瀛楁鏃朵笉鍔?groundPreset
[22m[39m[env-persist] setEnvState() called: sunAngle 

[90mstdout[2m | src/__tests__/env-bridge/middleware.int.test.ts[2m > [22m[2mADR-173: setEnvState middleware[2m > [22m[2mpre-facade: 鏀归璁句笉绠＄殑 ground 瀛楁锛堢鎾?鏃犻檺锛変笉娓?groundPreset
[22m[39m[env-persist] setEnvState() called: groundCollisionEnabled 
[env-persist] setEnvState() called: groundInfiniteEnabled 

stderr | src/__tests__/menu/popup-overlay.test.ts > showPopupMenu 鈥?overlay class 鍒囨崲 > 鍒濆 overlay class 琚竻闄?[i18n] key "common.empty" not found in zh-CN base bundle 鈥?possible typo

stderr | src/__tests__/menu-schema.controlspec.test.ts > ADR-093 Menu Schema 鈥?ControlSpec get/set 琛嶇敓鎺т欢 > ControlSpec get/set 琛嶇敓鎺т欢 > get 浠?windDirection 鍚戦噺璁＄畻瑙掑害
[i18n] key "env.windAngle" not found in zh-CN base bundle 鈥?possible typo

stderr | src/__tests__/menu-schema.controlspec.test.ts > ADR-093 Menu Schema 鈥?ControlSpec get/set 琛嶇敓鎺т欢 > ControlSpec get/set 琛嶇敓鎺т欢 > onChange 鍓綔鐢ㄥ湪鍊煎彉鏇村悗瑙﹀彂
[i18n] key "env.solid" not found in zh-CN base bundle 鈥?possible typo
[i18n] key "env.texture" not found in zh-CN base bundle 鈥?possible typo
[i18n] key "env.skyMode" not found in zh-CN base bundle 鈥?possible typo

stderr | src/__tests__/menu-schema.controlspec.test.ts > ADR-093 Menu Schema 鈥?ControlSpec get/set 琛嶇敓鎺т欢 > ControlSpec.set 閫嗗悜杞崲 > slider set 灏嗙櫨鍒嗘瘮 0-100 閫嗗悜杞崲涓?0-1 鑼冨洿
[i18n] key "env.groundPitch" not found in zh-CN base bundle 鈥?possible typo

stderr | src/__tests__/menu-schema.controlspec.test.ts > ADR-093 Menu Schema 鈥?ControlSpec get/set 琛嶇敓鎺т欢 > ControlSpec.set 閫嗗悜杞崲 > headerToggle set 灏?boolean 閫嗗悜鏄犲皠涓烘灇涓惧€?[i18n] key "env.ground" not found in zh-CN base bundle 鈥?possible typo

[33m[39m[32m路[39m[33m[39m[32m路[39m[33m[39m[32m路[39m[33m[39m[32m路[39m[33m[39m[32m路[39m[33m[39m[32m路[39m[33m[39m[32m路[39m[33m[39m[32m路[39m[33m[39m[32m路[39m[33m[39m[32m路[39m[33m[39m[32m路[39m[33m[39m[32m路[39m[33m[39m[32m路[39m[33m[39m[32m路[39m[33m[39m[32m路[39m[33m[39m[32m路[39m[33m[39m[32m路[39m[33m[39m[32m路[39m[33m[39m[32m路[39m[33m[39m[32m路[39m[33m[39m[32m路[39m[33m[39m[32m路[39m[33m[39m[32m路[39m[33m[39m[32m路[39m[33m[39m[32m路[39m[33m[39m[32m路[39m[33m[39m[32m路[39m[33m[39m[32m路[39m[33m[39m[32m路[39m[33m[39m[32m路[39m[33m[39m[32m路[39m[33m[39m[32m路[39m[33m[39m[32m路[39m[33m[39m[32m路[39m[33m[39m[32m路[39m[33m[39m[32m路[39m[33m[39m[32m路[39m[33m[39m[32m路[39m[33m[39m[32m路[39m[33m[39m[32m路[39m[33m[39m[32m路[39m[33m[39m[32m路[39m[33m[39m[32m路[39m[33m[39m[32m路[39m[33m[39m[32m路[39m[33m[39m[32m路[39m[33m[39m[32m路[39m[33m[39m[32m路[39m[33m[39m[32m路[39m[33m[39m[32m路[39m[33m[39m[32m路[39m[33m[39m[32m路[39m[33m[39m[32m路[39m[33m[39m[32m路[39m[33m[39m[32m路[39m[33m[39m[32m路[39m[33m[39m[32m路[39m[33m[39m[32m路[39m[33m[39m[32m路[39m[33m[39m[32m路[39m[33m[39m[32m路[39m[33m[39m[32m路[39m[33m[39m[32m路[39m[33m[39m[32m路[39m[33m[39m[32m路[39m[33m[39m[32m路[39m[33m[39m[32m路[39m[33m[39m[32m路[39m[33m[39m[32m路[39m[33m[39m[32m路[39m[33m[39m[32m路[39m[33m[39m[32m路[39m[33m[39m[32m路[39m[33m[39m[32m路[39m[33m[39m[32m路[39m[33m[39m[32m路[39m[33m[39m[32m路[39m[33m[39m[31mx[39m[33m[39m[32m路[39m[33m[39m[32m路[39m[33m[39m[32m路[39m[33m[39m[31mx[39m[33m[39m[32m路[39m[33m[39m[31mx[39m[33m[39m[32m路[39m[33m[39m[32m路[39m[33m[39m[32m路[39m[33m[39m[32m路[39m[33m[39m[32m路[39m[33m[39m[32m路[39m[90mstdout[2m | src/__tests__/scene/env-texture.test.ts[2m > [22m[2mcreateCanvasTexture[2m > [22m[2m鐢?DynamicTexture 鍒涘缓璐村浘骞惰皟鐢?draw 鍥炶皟
[22m[39mBJS - [22:19:03]: Babylon.js v9.19.0 - Null engine

[90mstdout[2m | src/__tests__/scene/env-texture.test.ts[2m > [22m[2mcreateCanvasTexture[2m > [22m[2m璁剧疆 CLAMP / WRAP 鍦板潃妯″紡
[22m[39mBJS - [22:19:03]: Babylon.js v9.19.0 - Null engine

[90mstdout[2m | src/__tests__/scene/env-texture.test.ts[2m > [22m[2mcreateCanvasTexture[2m > [22m[2m浼犻€?getAlphaFromRGB 涓?hasAlpha
[22m[39mBJS - [22:19:03]: Babylon.js v9.19.0 - Null engine

[90mstdout[2m | src/__tests__/scene/env-texture.test.ts[2m > [22m[2mgetOrCreateCanvasTexture[2m > [22m[2m鍚屼竴 key 杩斿洖缂撳瓨鐨勮创鍥撅紝draw 鍙皟鐢ㄤ竴娆?[22m[39mBJS - [22:19:03]: Babylon.js v9.19.0 - Null engine

[90mstdout[2m | src/__tests__/scene/env-texture.test.ts[2m > [22m[2mgetOrCreateCanvasTexture[2m > [22m[2m涓嶅悓 key 杩斿洖涓嶅悓璐村浘
[22m[39mBJS - [22:19:03]: Babylon.js v9.19.0 - Null engine

[90mstdout[2m | src/__tests__/scene/env-texture.test.ts[2m > [22m[2mgetOrCreateCanvasTexture[2m > [22m[2m瓒呰繃缂撳瓨涓婇檺鏃舵窐姹扮储寮曚絾涓嶇珛鍗抽噴鏀炬棫璐村浘
[22m[39mBJS - [22:19:03]: Babylon.js v9.19.0 - Null engine

[90mstdout[2m | src/__tests__/scene/env-texture.test.ts[2m > [22m[2mdisposeTextureCache[2m > [22m[2m娓呯┖缂撳瓨涓斾笉鎶涘紓甯?[22m[39mBJS - [22:19:03]: Babylon.js v9.19.0 - Null engine

[33m[39m[31mx[39m[33m[39m[31mx[39m[33m[39m[31mx[39m[33m[39m[31mx[39m[33m[39m[31mx[39m[33m[39m[31mx[39m[33m[39m[31mx[39m[33m[39m[32m路[39m[33m[39m[32m路[39m[90mstdout[2m | src/core/__tests__/runtime-bridge.test.ts[2m > [22m[2mruntime-bridge 鈥?妗岄潰浜嬩欢妗ユ帴[2m > [22m[2minitRuntimeBridge() 鍚?events.on 鍛戒腑鐪熷疄 Wails Events.On锛堥潪 no-op锛?[22m[39m[runtime-bridge] initRuntimeBridge: isWebPlatform=false bridge=Wails window.wails=object

[90mstdout[2m | src/core/__tests__/runtime-bridge.test.ts[2m > [22m[2mruntime-bridge 鈥?妗岄潰浜嬩欢妗ユ帴[2m > [22m[2minitRuntimeBridge() 鍚?events.on 鍛戒腑鐪熷疄 Wails Events.On锛堥潪 no-op锛?[22m[39m[runtime-bridge] WailsRuntimeBridge.init() 瀹屾垚锛宔vents 宸茬粦瀹氱湡瀹?@wailsio/runtime

stderr | src/__tests__/menu-schema.statepath.test.ts > ADR-093 Menu Schema 鈥?StatePath 鍓嶇紑涓?set 閾捐矾 > ui. StatePath 鍓嶇紑 > slider 缁戝畾 ui.screenshotQuality 骞堕€氳繃 get/set 鐧惧垎姣旇浆鎹?[i18n] key "鎴浘璐ㄩ噺" not found in zh-CN base bundle 鈥?possible typo

stderr | src/__tests__/menu-schema.statepath.test.ts > ADR-093 Menu Schema 鈥?StatePath 鍓嶇紑涓?set 閾捐矾 > StatePath set 閾捐矾 > light. 鍓嶇紑 set 璋冪敤 setLightState
[i18n] key "env.groundVisibleEnabled" not found in zh-CN base bundle 鈥?possible typo

stderr | src/__tests__/fullscreen-overlay.test.ts > FullscreenOverlay navigation > opens only from CLOSED and restores CLOSED on close
[i18n] key "common.close" not found in zh-CN base bundle 鈥?possible typo
[FullscreenOverlay] Cannot open: current state is FULLSCREEN

stderr | src/__tests__/config.test.ts > resolveLibraryRef > rejects refs starting with "/"
[resolveLibraryRef] suspicious libraryRef rejected: "/etc/passwd"

stderr | src/__tests__/config.test.ts > resolveLibraryRef > rejects refs containing ".."
[resolveLibraryRef] suspicious libraryRef rejected: "../etc/passwd"

stderr | src/__tests__/config.test.ts > resolveLibraryRef > rejects external library refs (no longer supported)
[resolveLibraryRef] external library ref no longer supported: "ExtLib:chars/ami.pmx"

stderr | src/__tests__/config.test.ts > resolveLibraryRef > returns null for unknown external source
[resolveLibraryRef] external library ref no longer supported: "Unknown:file.pmx"

stderr | src/__tests__/config.test.ts > resolveLibraryRef > rejects main ref with path traversal
[resolveLibraryRef] suspicious libraryRef rejected: "../../etc/passwd"

[33m[39m[32m路[39m[33m[39m[32m路[39m[33m[39m[32m路[39m[33m[39m[32m路[39m[33m[39m[32m路[39m[33m[39m[32m路[39m[33m[39m[32m路[39m[33m[39m[32m路[39m[33m[39m[32m路[39m[33m[39m[32m路[39m[33m[39m[32m路[39m[33m[39m[32m路[39m[33m[39m[32m路[39m[33m[39m[32m路[39m[33m[39m[32m路[39m[33m[39m[32m路[39m[33m[39m[32m路[39m[33m[39m[32m路[39m[33m[39m[32m路[39m[33m[39m[32m路[39m[33m[39m[32m路[39m[33m[39m[32m路[39m[33m[39m[32m路[39m[33m[39m[32m路[39m[33m[39m[32m路[39m[33m[39m[32m路[39m[33m[39m[32m路[39m[33m[39m[32m路[39m[33m[39m[32m路[39m[33m[39m[32m路[39m[33m[39m[32m路[39m[33m[39m[32m路[39m[33m[39m[32m路[39m[33m[39m[32m路[39m[33m[39m[32m路[39m[33m[39m[32m路[39m[33m[39m[32m路[39m[33m[39m[32m路[39m[33m[39m[32m路[39m[33m[39m[32m路[39m[33m[39m[32m路[39m[33m[39m[32m路[39m[33m[39m[32m路[39m[33m[39m[32m路[39m[33m[39m[32m路[39m[33m[39m[32m路[39m[33m[39m[32m路[39m[33m[39m[32m路[39m[33m[39m[32m路[39m[33m[39m[32m路[39m[33m[39m[32m路[39m[33m[39m[32m路[39m[33m[39m[32m路[39m[33m[39m[32m路[39m[33m[39m[32m路[39m[33m[39m[32m路[39m[33m[39m[32m路[39m[33m[39m[32m路[39m[33m[39m[32m路[39m[33m[39m[32m路[39m[33m[39m[32m路[39m[33m[39m[32m路[39m[33m[39m[32m路[39m[33m[39m[32m路[39m[33m[39m[32m路[39m[33m[39m[32m路[39m[33m[39m[32m路[39m[33m[39m[32m路[39m[33m[39m[32m路[39m[33m[39m[32m路[39m[33m[39m[32m路[39m[33m[39m[32m路[39m[33m[39m[32m路[39m[33m[39m[32m路[39m[33m[39m[32m路[39m[33m[39m[32m路[39m[33m[39m[32m路[39m[33m[39m[32m路[39m[33m[39m[32m路[39m[33m[39m[32m路[39m[33m[39m[32m路[39m[33m[39m[32m路[39m[33m[39m[31mx[39m[33m[39m[31mx[39m[33m[39m[31mx[39m[33m[39m[31mx[39m[33m[39m[31mx[39m[33m[39m[31mx[39m[33m[39m[31mx[39m[33m[39m[31mx[39m[33m[39m[32m路[39m[33m[39m[32m路[39m[33m[39m[32m路[39m[33m[39m[32m路[39m[33m[39m[31mx[39m[33m[39m[31mx[39m[33m[39m[32m路[39m[33m[39m[32m路[39m[33m[39m[32m路[39m[33m[39m[32m路[39m[33m[39m[31mx[39m[33m[39m[32m路[39m[33m[39m[32m路[39m[33m[39m[32m路[39m[33m[39m[32m路[39m[33m[39m[32m路[39m[33m[39m[32m路[39m[33m[39m[32m路[39m[33m[39m[32m路[39m[33m[39m[32m路[39m[33m[39m[32m路[39m[33m[39m[32m路[39m[33m[39m[32m路[39m[33m[39m[32m路[39m[33m[39m[32m路[39m[33m[39m[32m路[39m[33m[39m[32m路[39m[33m[39m[32m路[39m[33m[39m[32m路[39m[33m[39m[32m路[39m[33m[39m[32m路[39m[33m[39m[32m路[39m[33m[39m[32m路[39m[33m[39m[32m路[39m[33m[39m[32m路[39m[33m[39m[32m路[39m[33m[39m[32m路[39m[33m[39m[32m路[39m[33m[39m[32m路[39m[33m[39m[32m路[39m[90mstdout[2m | src/__tests__/env-bridge/facade.int.test.ts[2m > [22m[2m_applyEnvStateFacade (via setEnvState)[2m > [22m[2mcalls only the relevant subsystems for changed keys
[22m[39m[env-persist] setEnvState() called: skyMode 

[90mstdout[2m | src/__tests__/env-bridge/facade.int.test.ts[2m > [22m[2m_applyEnvStateFacade (via setEnvState)[2m > [22m[2mcalls all subsystems when keys from all groups change
[22m[39m[env-persist] setEnvState() called: skyMode, groundType, groundStyle, fogEnabled 

[90mstdout[2m | src/__tests__/env-bridge/facade.int.test.ts[2m > [22m[2m_applyEnvStateFacade (via setEnvState)[2m > [22m[2mcreates water when waterEnabled is true
[22m[39m[env-persist] setEnvState() called: waterEnabled 

[90mstdout[2m | src/__tests__/env-bridge/facade.int.test.ts[2m > [22m[2m_applyEnvStateFacade (via setEnvState)[2m > [22m[2mdisposes water when waterEnabled is false
[22m[39m[env-persist] setEnvState() called: waterEnabled 

[90mstdout[2m | src/__tests__/env-bridge/facade.int.test.ts[2m > [22m[2m_applyEnvStateFacade (via setEnvState)[2m > [22m[2mcreates particles when enabled with valid type
[22m[39m[env-persist] setEnvState() called: particleEnabled, particleType 

[90mstdout[2m | src/__tests__/env-bridge/facade.int.test.ts[2m > [22m[2m_applyEnvStateFacade (via setEnvState)[2m > [22m[2mdisposes particles when particleType is none
[22m[39m[env-persist] setEnvState() called: particleEnabled 

[90mstdout[2m | src/__tests__/env-bridge/facade.int.test.ts[2m > [22m[2m_applyEnvStateFacade (via setEnvState)[2m > [22m[2mcreates clouds when cloudEnabled is true
[22m[39m[env-persist] setEnvState() called: cloudEnabled 

[90mstdout[2m | src/__tests__/env-bridge/facade.int.test.ts[2m > [22m[2m_applyEnvStateFacade (via setEnvState)[2m > [22m[2mdisposes clouds when cloudEnabled is false
[22m[39m[env-persist] setEnvState() called: cloudEnabled 

[90mstdout[2m | src/__tests__/env-bridge/facade.int.test.ts[2m > [22m[2m_applyEnvStateFacade (via setEnvState)[2m > [22m[2mupdates hemiLight intensity from getLightState()
[22m[39m[env-persist] setEnvState() called: skyMode 

[90mstdout[2m | src/__tests__/env-bridge/facade.int.test.ts[2m > [22m[2m_applyEnvStateFacade (via setEnvState)[2m > [22m[2msets hemiLight.diffuse from skyColorMid when present
[22m[39m[env-persist] setEnvState() called: skyMode 

[90mstdout[2m | src/__tests__/env-bridge/facade.int.test.ts[2m > [22m[2m_applyEnvStateFacade (via setEnvState)[2m > [22m[2mcomputes hemiLight.diffuse as average of top/bot when skyColorMid absent
[22m[39m[env-persist] setEnvState() called:  

[90mstdout[2m | src/__tests__/env-bridge/facade.int.test.ts[2m > [22m[2m_applyEnvStateFacade (via setEnvState)[2m > [22m[2msets hemiLight.groundColor from skyColorBot
[22m[39m[env-persist] setEnvState() called:  

[90mstdout[2m | src/__tests__/env-bridge/facade.int.test.ts[2m > [22m[2m_applyEnvStateFacade (via setEnvState)[2m > [22m[2msets scene.ambientColor based on iblIntensity (capped at 0.5)
[22m[39m[env-persist] setEnvState() called:  

[90mstdout[2m | src/__tests__/env-bridge/set-env-state.int.test.ts[2m > [22m[2msetEnvState[2m > [22m[2mmerges partial state into envState
[22m[39m[env-persist] setEnvState() called: sunAngle 

[90mstdout[2m | src/__tests__/env-bridge/facade.int.test.ts[2m > [22m[2mModule-level edge cases[2m > [22m[2msetEnvState catches errors in applySky
[22m[39m[env-persist] setEnvState() called: skyMode, groundColor 

[90mstdout[2m | src/__tests__/env-bridge/set-env-state.int.test.ts[2m > [22m[2msetEnvState[2m > [22m[2mcalls _applyEnvStateFacade (applySky)
[22m[39m[env-persist] setEnvState() called: skyMode 

[90mstdout[2m | src/__tests__/env-bridge/set-env-state.int.test.ts[2m > [22m[2msetEnvState[2m > [22m[2mdoes NOT call updateWaterAnimSpeed from setEnvState (handled by _syncWaterUniforms)
[22m[39m[env-persist] setEnvState() called: waterAnimSpeed 

[90mstdout[2m | src/__tests__/env-bridge/set-env-state.int.test.ts[2m > [22m[2msetEnvState[2m > [22m[2mdoes NOT call updateWaterAnimSpeed when waterAnimSpeed is undefined
[22m[39m[env-persist] setEnvState() called: skyMode 

[33m[39m[32m路[39m[33m[39m[32m路[39m[33m[39m[32m路[39m[33m[39m[32m路[39m[33m[39m[32m路[39m[33m[39m[32m路[39m[33m[39m[32m路[39m[33m[39m[32m路[39m[33m[39m[32m路[39m[33m[39m[32m路[39m[33m[39m[32m路[39m[33m[39m[32m路[39m[33m[39m[32m路[39m[33m[39m[32m路[39m[90mstdout[2m | src/__tests__/env-bridge/set-env-state.int.test.ts[2m > [22m[2msetEnvState[2m > [22m[2mcalls applyLightingPresetFromEnv when lightingPresetName provided
[22m[39m[env-persist] setEnvState() called: lightingPresetName 

[90mstdout[2m | src/__tests__/env-bridge/set-env-state.int.test.ts[2m > [22m[2msetEnvState[2m > [22m[2mdoes NOT call applyLightingPresetFromEnv when lightingPresetName is undefined
[22m[39m[env-persist] setEnvState() called: skyMode 

[90mstdout[2m | src/__tests__/env-bridge/set-env-state.int.test.ts[2m > [22m[2msetEnvState[2m > [22m[2msets a persistent timer (calls setTimeout)
[22m[39m[env-persist] setEnvState() called: sunAngle 

[90mstdout[2m | src/__tests__/env-bridge/set-env-state.int.test.ts[2m > [22m[2msetEnvState[2m > [22m[2mdebounces persistent timer (calls clearTimeout on consecutive calls)
[22m[39m[env-persist] setEnvState() called: sunAngle 
[env-persist] setEnvState() called: sunAngle 

[90mstdout[2m | src/__tests__/env-bridge/set-env-state.int.test.ts[2m > [22m[2msetEnvState[2m > [22m[2mfires SetEnvState via timer callback
[22m[39m[env-persist] setEnvState() called: sunAngle 
[env-persist] debounce fired 鈫?SetEnvState()

[90mstdout[2m | src/__tests__/env-bridge/set-env-state.int.test.ts[2m > [22m[2msetEnvState[2m > [22m[2mcalls triggerAutoSave by default
[22m[39m[env-persist] setEnvState() called: sunAngle 

[90mstdout[2m | src/__tests__/env-bridge/set-env-state.int.test.ts[2m > [22m[2msetEnvState[2m > [22m[2mskips triggerAutoSave when skipAutoSave=true
[22m[39m[env-persist] setEnvState() called: sunAngle (skipAutoSave)

[90mstdout[2m | src/__tests__/env-bridge/set-env-state.int.test.ts[2m > [22m[2msetEnvState[2m > [22m[2mstill sets persistent timer when skipAutoSave=true
[22m[39m[env-persist] setEnvState() called: sunAngle (skipAutoSave)

[90mstdout[2m | src/__tests__/env-bridge/set-env-state.int.test.ts[2m > [22m[2msetEnvState[2m > [22m[2mclears previous timer when setting new one (debounce)
[22m[39m[env-persist] setEnvState() called: sunAngle 
[env-persist] setEnvState() called: sunAngle 

stderr | src/__tests__/scene/bone-override-store.test.ts > BoneOverrideStore (ADR-147 Phase 2) > claimBones 楂樹紭鍏堢骇鎶㈠崰浣庝紭鍏堢骇锛氭竻钀借触鏂?slot + 璁板綍鍐茬獊
[adr-147] bone "涓婂崐韬? 琚ā鍧?"B"(priority=1) 浠?"A"(priority=2) 鎶㈠崰

stderr | src/__tests__/scene/bone-override-store.test.ts > BoneOverrideStore (ADR-147 Phase 2) > claimBones 浣庝紭鍏堢骇钀借触锛氳烦杩囦笖涓嶆姠鍗狅紙杩斿洖 claimed 涓虹┖锛屼絾璁版湰妯″潡瑙嗚鍐茬獊锛?[adr-147] bone "涓婂崐韬? 宸茶妯″潡 "A"(priority=1) 鍗犵敤锛屾ā鍧?"B"(priority=2) 璺宠繃璇ラ楠?
stderr | src/__tests__/scene/bone-override-store.test.ts > BoneOverrideStore (ADR-147 Phase 2) > M4 鍐茬獊鍙岃瑙掞細鎶㈠崰鏂硅 loser=鍘熶富锛岃惤璐ユ柟璁?loser=鏈ā鍧?[adr-147] bone "涓婂崐韬? 琚ā鍧?"B"(priority=1) 浠?"A"(priority=2) 鎶㈠崰
[adr-147] bone "涓婂崐韬? 宸茶妯″潡 "A"(priority=1) 鍗犵敤锛屾ā鍧?"B"(priority=2) 璺宠繃璇ラ楠?
stderr | src/__tests__/scene/bone-override-store.test.ts > BoneOverrideStore (ADR-147 Phase 2) > M5 releaseBones 娓呮湰妯″潡浣滀负 loser 鐨勫啿绐佸崱鐗囷紙閬垮厤骞界伒鍐茬獊绱Н锛?[adr-147] bone "涓婂崐韬? 宸茶妯″潡 "A"(priority=1) 鍗犵敤锛屾ā鍧?"B"(priority=2) 璺宠繃璇ラ楠?
stderr | src/__tests__/scene/bone-override-store.test.ts > BoneOverrideStore (ADR-147 Phase 2) > M6 setSlot/clearSlot 鎵€鏈夋潈瀹堝崼锛氭嫆缁濊秺鏉冨啓/娓呬粬浜?slot
[adr-147] setSlot 瓒婃潈锛欱 鍐?bone="涓婂崐韬? 浣嗗凡琚?A 璁ら锛屽凡蹇界暐
[adr-147] clearSlot 瓒婃潈锛欱 娓?bone="涓婂崐韬? 浣?slot 褰掑睘 A锛屽凡蹇界暐

stderr | src/__tests__/scene/bone-override-store.test.ts > BoneOverrideStore (ADR-147 Phase 2) > M8 BoneConflict.stage 鐢?stageOf 娉ㄥ叆濉厖锛堟弧瓒?搂涔?楠屾敹 3锛?[adr-147] bone "涓婂崐韬? 琚ā鍧?"B"(priority=1) 浠?"A"(priority=2) 鎶㈠崰

stderr | src/__tests__/scene/bone-override-store.test.ts > BoneOverrideStore (ADR-147 Phase 2) > M9 priority=0 涓哄悎娉曟渶楂樹紭鍏堢骇锛堜笉琚摠鍏靛拷鐣ワ級
[adr-147] bone "涓婂崐韬? 琚ā鍧?"B"(priority=0) 浠?"A"(priority=5) 鎶㈠崰

stderr | src/__tests__/library-core.build-level.test.ts > buildLevel > creates model rows for items directly in directory
[i18n] key "library.unknown" not found in zh-CN base bundle 鈥?possible typo
[i18n] key "library.gridView" not found in zh-CN base bundle 鈥?possible typo
[i18n] key "library.listView" not found in zh-CN base bundle 鈥?possible typo
[i18n] key "library.expandPanel" not found in zh-CN base bundle 鈥?possible typo
[i18n] key "library.loadModel" not found in zh-CN base bundle 鈥?possible typo

stderr | src/core/ai/__tests__/error-buffer.test.ts > installLoggingPatch / uninstallLoggingPatch > patch 鍚?console.error 鍏ョ幆
[test] something broke Error: eek
    at C:/Users/zhujieling11/MikuMikuAR/frontend/src/core/ai/__tests__/error-buffer.test.ts:176:52
    at file:///C:/Users/zhujieling11/MikuMikuAR/frontend/node_modules/@vitest/runner/dist/chunk-artifact.js:302:11
    at file:///C:/Users/zhujieling11/MikuMikuAR/frontend/node_modules/@vitest/runner/dist/chunk-artifact.js:1903:26
    at file:///C:/Users/zhujieling11/MikuMikuAR/frontend/node_modules/@vitest/runner/dist/chunk-artifact.js:2326:20
    at new Promise (<anonymous>)
    at runWithCancel (file:///C:/Users/zhujieling11/MikuMikuAR/frontend/node_modules/@vitest/runner/dist/chunk-artifact.js:2323:10)
    at file:///C:/Users/zhujieling11/MikuMikuAR/frontend/node_modules/@vitest/runner/dist/chunk-artifact.js:2305:20
    at new Promise (<anonymous>)
    at runWithTimeout (file:///C:/Users/zhujieling11/MikuMikuAR/frontend/node_modules/@vitest/runner/dist/chunk-artifact.js:2272:10)
    at file:///C:/Users/zhujieling11/MikuMikuAR/frontend/node_modules/@vitest/runner/dist/chunk-artifact.js:2955:64

stderr | src/core/ai/__tests__/error-buffer.test.ts > installLoggingPatch / uninstallLoggingPatch > uninstall 鍚?console.error 涓嶅啀鍏ョ幆
[test] should not be captured

stderr | src/__tests__/library-core.build-level.test.ts > buildLevel > returns empty rows for empty directory
[i18n] key "library.noModels" not found in zh-CN base bundle 鈥?possible typo

stderr | src/__tests__/library-core.subdir-file.test.ts > importFile > catches loadManager error on pmx load
[library.loadingModel] Error: corrupt file
    at C:/Users/zhujieling11/MikuMikuAR/frontend/src/__tests__/library-core.subdir-file.test.ts:161:36
    at processTicksAndRejections (node:internal/process/task_queues:104:5)
    at file:///C:/Users/zhujieling11/MikuMikuAR/frontend/node_modules/@vitest/runner/dist/chunk-artifact.js:1903:20

stderr | src/__tests__/library-core.subdir-file.test.ts > importFile > catches ImportZip error
[library.importingZip] Error: extraction failed
    at C:/Users/zhujieling11/MikuMikuAR/frontend/src/__tests__/library-core.subdir-file.test.ts:170:52
    at processTicksAndRejections (node:internal/process/task_queues:104:5)
    at file:///C:/Users/zhujieling11/MikuMikuAR/frontend/node_modules/@vitest/runner/dist/chunk-artifact.js:1903:20

[33m[39m[32m路[39m[33m[39m[32m路[39m[33m[39m[32m路[39m[33m[39m[32m路[39m[33m[39m[32m路[39m[33m[39m[32m路[39m[33m[39m[32m路[39m[33m[39m[32m路[39m[33m[39m[32m路[39m[33m[39m[32m路[39m[33m[39m[32m路[39m[33m[39m[32m路[39m[33m[39m[32m路[39m[33m[39m[32m路[39m[33m[39m[32m路[39m[33m[39m[32m路[39m[33m[39m[32m路[39m[33m[39m[32m路[39m[33m[39m[32m路[39m[33m[39m[32m路[39m[33m[39m[32m路[39m[33m[39m[32m路[39m[33m[39m[32m路[39m[33m[39m[32m路[39m[33m[39m[32m路[39m[33m[39m[32m路[39m[33m[39m[32m路[39m[33m[39m[32m路[39m[33m[39m[32m路[39m[33m[39m[32m路[39m[33m[39m[32m路[39m[33m[39m[32m路[39m[33m[39m[32m路[39m[33m[39m[32m路[39m[33m[39m[32m路[39m[33m[39m[32m路[39m[33m[39m[32m路[39m[33m[39m[32m路[39m[33m[39m[32m路[39m[33m[39m[32m路[39m[33m[39m[32m路[39m[33m[39m[32m路[39m[33m[39m[32m路[39m[33m[39m[32m路[39m[33m[39m[32m路[39m[33m[39m[32m路[39m[33m[39m[32m路[39m[90mstdout[2m | src/__tests__/scene/motion-frame-hooks.test.ts[2m > [22m[2mBone Override 甯ч挬瀛愰『搴忥紙ADR-147 R2锛?[2m > [22m[2m甯ч挬瀛愭寜 order 鍗囧簭鎵ц锛屼笌娉ㄥ唽椤哄簭鏃犲叧
[22m[39mBJS - [22:19:04]: Babylon.js v9.19.0 - Null engine

[90mstdout[2m | src/__tests__/scene/motion-frame-hooks.test.ts[2m > [22m[2mBone Override 甯ч挬瀛愰『搴忥紙ADR-147 R2锛?[2m > [22m[2m甯ч挬瀛愭寜 order 鍗囧簭鎵ц锛屼笌娉ㄥ唽椤哄簭鏃犲叧
[22m[39m[bone-override] _getOverrideMap 棣栨涓烘ā鍨嬪垱寤鸿鐩栫储寮?{"modelId":"test-model","existingModels":["test-model"]}

[90mstdout[2m | src/__tests__/scene/motion-frame-hooks.test.ts[2m > [22m[2mBone Override 甯ч挬瀛愰『搴忥紙ADR-147 R2锛?[2m > [22m[2m鍚?order 鏃舵寜娉ㄥ唽椤哄簭锛堢ǔ瀹氭帓搴忥級
[22m[39mBJS - [22:19:04]: Babylon.js v9.19.0 - Null engine

[33m[39m[32m路[39m[33m[39m[32m路[39m[33m[39m[32m路[39m[33m[39m[32m路[39m[33m[39m[32m路[39m[33m[39m[32m路[39m[33m[39m[32m路[39m[33m[39m[32m路[39m[33m[39m[32m路[39m[33m[39m[32m路[39m[33m[39m[32m路[39m[33m[39m[32m路[39m[33m[39m[32m路[39m[33m[39m[32m路[39m[90mstdout[2m | src/__tests__/scene/motion-frame-hooks.test.ts[2m > [22m[2mBone Override 甯ч挬瀛愰『搴忥紙ADR-147 R2锛?[2m > [22m[2m鎵ц鏈熼棿 unregister 瀹夊叏锛堝揩鐓ц凯浠ｏ紝涓嶈烦杩囧悗缁挬瀛愶級
[22m[39mBJS - [22:19:04]: Babylon.js v9.19.0 - Null engine

[90mstdout[2m | src/__tests__/scene/motion-frame-hooks.test.ts[2m > [22m[2mBone Override 甯ч挬瀛愰『搴忥紙ADR-147 R2锛?[2m > [22m[2mstopBoneOverride 娓呯┖鎵€鏈夊抚閽╁瓙
[22m[39mBJS - [22:19:04]: Babylon.js v9.19.0 - Null engine

[33m[39m[32m路[39m[33m[39m[32m路[39m[33m[39m[32m路[39m[33m[39m[32m路[39m[33m[39m[32m路[39m[33m[39m[32m路[39m[33m[39m[32m路[39m[33m[39m[32m路[39m[33m[39m[32m路[39m[33m[39m[32m路[39m[33m[39m[32m路[39m[33m[39m[32m路[39m[33m[39m[32m路[39m[33m[39m[32m路[39m[33m[39m[32m路[39m[33m[39m[32m路[39m[33m[39m[32m路[39m[33m[39m[32m路[39m[33m[39m[32m路[39m[33m[39m[32m路[39m[33m[39m[32m路[39m[33m[39m[32m路[39m[33m[39m[32m路[39m[33m[39m[32m路[39m[33m[39m[32m路[39m[33m[39m[32m路[39m[33m[39m[32m路[39m[33m[39m[32m路[39m[33m[39m[32m路[39m[33m[39m[32m路[39m[33m[39m[32m路[39m[33m[39m[32m路[39m[33m[39m[32m路[39m[33m[39m[32m路[39m[33m[39m[32m路[39m[33m[39m[32m路[39m[33m[39m[31mx[39m[33m[39m[31mx[39m[33m[39m[31mx[39m[33m[39m[32m路[39m[33m[39m[32m路[39m[33m[39m[32m路[39m[33m[39m[32m路[39m[33m[39m[32m路[39m[33m[39m[32m路[39m[33m[39m[32m路[39m[33m[39m[32m路[39m[33m[39m[32m路[39m[33m[39m[32m路[39m[33m[39m[32m路[39m[33m[39m[32m路[39m[33m[39m[32m路[39m[33m[39m[32m路[39m[33m[39m[32m路[39m[33m[39m[32m路[39m[33m[39m[32m路[39m[33m[39m[32m路[39m[33m[39m[32m路[39m[33m[39m[32m路[39m[33m[39m[32m路[39m[33m[39m[32m路[39m[33m[39m[32m路[39m[33m[39m[32m路[39m[33m[39m[32m路[39m[90mstdout[2m | src/__tests__/library-thumbnail-streaming.test.ts
[22m[39m[ui-persist] flushUIState() 鈥?immediate flush

[33m[39m[32m路[39m[33m[39m[32m路[39m[33m[39m[32m路[39m[33m[39m[32m路[39m[33m[39m[32m路[39m[90mstdout[2m | src/core/ai/__tests__/sse.test.ts
[22m[39m[env-persist] debounce fired 鈫?SetEnvState()

[33m[39m[32m路[39m[33m[39m[32m路[39m[33m[39m[32m路[39m[33m[39m[32m路[39m[33m[39m[32m路[39m[33m[39m[32m路[39m[33m[39m[32m路[39m[33m[39m[32m路[39m[33m[39m[32m路[39m[33m[39m[32m路[39m[33m[39m[32m路[39m[33m[39m[32m路[39m[33m[39m[32m路[39m[33m[39m[32m路[39m[33m[39m[32m路[39m[33m[39m[32m路[39m[33m[39m[32m路[39m[33m[39m[32m路[39m[33m[39m[32m路[39m[33m[39m[32m路[39m[33m[39m[32m路[39m[33m[39m[32m路[39m[33m[39m[32m路[39m[33m[39m[32m路[39m[33m[39m[32m路[39m[33m[39m[32m路[39m[33m[39m[32m路[39m[33m[39m[32m路[39m[33m[39m[32m路[39m[33m[39m[32m路[39m[33m[39m[32m路[39m[33m[39m[32m路[39m[33m[39m[32m路[39m[33m[39m[32m路[39m[33m[39m[32m路[39m[33m[39m[32m路[39m[33m[39m[32m路[39m[33m[39m[32m路[39m[33m[39m[32m路[39m[33m[39m[31mx[39m[33m[39m[31mx[39m[33m[39m[31mx[39m[33m[39m[31mx[39m[33m[39m[32m路[39m[33m[39m[31mx[39m[33m[39m[31mx[39m[33m[39m[31mx[39m[33m[39m[32m路[39m[33m[39m[32m路[39m[33m[39m[32m路[39m[33m[39m[32m路[39m[33m[39m[32m路[39m[33m[39m[32m路[39m[33m[39m[32m路[39m[33m[39m[32m路[39m[33m[39m[32m路[39m[33m[39m[32m路[39m[33m[39m[32m路[39m[33m[39m[32m路[39m[33m[39m[32m路[39m[33m[39m[32m路[39m[33m[39m[32m路[39m[90mstdout[2m | src/__tests__/perception/claim-bones.int.test.ts[2m > [22m[2mADR-163 claimBones[2m > [22m[2md) [doc:adr-166] 浠绘剰妯″瀷鍐茬獊鍧囨樉绀?banner锛堜笉闄愮劍鐐癸級
[22m[39m[bone-override] _getOverrideMap 棣栨涓烘ā鍨嬪垱寤鸿鐩栫储寮?{"modelId":"m2","existingModels":["m2"]}

stderr | src/__tests__/perception/claim-bones.int.test.ts > ADR-163 claimBones > d) [doc:adr-166] 浠绘剰妯″瀷鍐茬獊鍧囨樉绀?banner锛堜笉闄愮劍鐐癸級
[adr-147] bone "闋? 琚ā鍧?"body-posture"(priority=1) 浠?"perception.gaze.head"(priority=100) 鎶㈠崰

stderr | src/__tests__/scene/env-reflection.test.ts > ADR-151 P3: AR 妯″紡鑱斿姩鍙嶅皠鎸傝捣锛堢函娲剧敓瑕嗙洊锛?[2m > 鎸傝捣鍚?resolveReflectionMode 娲剧敓涓?none锛屽湴闈?姘撮潰鍊掑奖鍏抽棴
[env-reflection] setReflectionARSuspended: applyReflection 璺宠繃锛坰cene 鏈氨缁級: Error: [env-context] Scene not initialized
    at getScene (C:/Users/zhujieling11/MikuMikuAR/frontend/src/scene/env/_shared/env-context.ts:26:15)
    at applyReflection (C:/Users/zhujieling11/MikuMikuAR/frontend/src/scene/env/env-reflection.ts:411:19)
    at setReflectionARSuspended (C:/Users/zhujieling11/MikuMikuAR/frontend/src/scene/env/env-reflection.ts:158:9)
    at C:/Users/zhujieling11/MikuMikuAR/frontend/src/__tests__/scene/env-reflection.test.ts:68:9
    at file:///C:/Users/zhujieling11/MikuMikuAR/frontend/node_modules/@vitest/runner/dist/chunk-artifact.js:302:11
    at file:///C:/Users/zhujieling11/MikuMikuAR/frontend/node_modules/@vitest/runner/dist/chunk-artifact.js:1903:26
    at file:///C:/Users/zhujieling11/MikuMikuAR/frontend/node_modules/@vitest/runner/dist/chunk-artifact.js:2326:20
    at new Promise (<anonymous>)
    at runWithCancel (file:///C:/Users/zhujieling11/MikuMikuAR/frontend/node_modules/@vitest/runner/dist/chunk-artifact.js:2323:10)
    at file:///C:/Users/zhujieling11/MikuMikuAR/frontend/node_modules/@vitest/runner/dist/chunk-artifact.js:2305:20

stderr | src/__tests__/scene/env-reflection.test.ts > ADR-151 P3: AR 妯″紡鑱斿姩鍙嶅皠鎸傝捣锛堢函娲剧敓瑕嗙洊锛?[2m > 鎭㈠鍚庡洖鍒扮敤鎴?reflectionMode锛堜笉鏀瑰啓鐢ㄦ埛鍊硷級
[env-reflection] setReflectionARSuspended: applyReflection 璺宠繃锛坰cene 鏈氨缁級: Error: [env-context] Scene not initialized
    at getScene (C:/Users/zhujieling11/MikuMikuAR/frontend/src/scene/env/_shared/env-context.ts:26:15)
    at applyReflection (C:/Users/zhujieling11/MikuMikuAR/frontend/src/scene/env/env-reflection.ts:411:19)
    at setReflectionARSuspended (C:/Users/zhujieling11/MikuMikuAR/frontend/src/scene/env/env-reflection.ts:158:9)
    at C:/Users/zhujieling11/MikuMikuAR/frontend/src/__tests__/scene/env-reflection.test.ts:64:9
    at file:///C:/Users/zhujieling11/MikuMikuAR/frontend/node_modules/@vitest/runner/dist/chunk-artifact.js:302:11
    at wrapper (file:///C:/Users/zhujieling11/MikuMikuAR/frontend/node_modules/@vitest/runner/dist/chunk-artifact.js:722:10)
    at file:///C:/Users/zhujieling11/MikuMikuAR/frontend/node_modules/@vitest/runner/dist/chunk-artifact.js:2305:20
    at new Promise (<anonymous>)
    at runWithTimeout (file:///C:/Users/zhujieling11/MikuMikuAR/frontend/node_modules/@vitest/runner/dist/chunk-artifact.js:2272:10)
    at file:///C:/Users/zhujieling11/MikuMikuAR/frontend/node_modules/@vitest/runner/dist/chunk-artifact.js:2621:52

stderr | src/__tests__/scene/env-reflection.test.ts > ADR-151 P3: AR 妯″紡鑱斿姩鍙嶅皠鎸傝捣锛堢函娲剧敓瑕嗙洊锛?[2m > 鎭㈠鍚庡洖鍒扮敤鎴?reflectionMode锛堜笉鏀瑰啓鐢ㄦ埛鍊硷級
[env-reflection] setReflectionARSuspended: applyReflection 璺宠繃锛坰cene 鏈氨缁級: Error: [env-context] Scene not initialized
    at getScene (C:/Users/zhujieling11/MikuMikuAR/frontend/src/scene/env/_shared/env-context.ts:26:15)
    at applyReflection (C:/Users/zhujieling11/MikuMikuAR/frontend/src/scene/env/env-reflection.ts:411:19)
    at setReflectionARSuspended (C:/Users/zhujieling11/MikuMikuAR/frontend/src/scene/env/env-reflection.ts:158:9)
    at C:/Users/zhujieling11/MikuMikuAR/frontend/src/__tests__/scene/env-reflection.test.ts:74:9
    at file:///C:/Users/zhujieling11/MikuMikuAR/frontend/node_modules/@vitest/runner/dist/chunk-artifact.js:302:11
    at file:///C:/Users/zhujieling11/MikuMikuAR/frontend/node_modules/@vitest/runner/dist/chunk-artifact.js:1903:26
    at file:///C:/Users/zhujieling11/MikuMikuAR/frontend/node_modules/@vitest/runner/dist/chunk-artifact.js:2326:20
    at new Promise (<anonymous>)
    at runWithCancel (file:///C:/Users/zhujieling11/MikuMikuAR/frontend/node_modules/@vitest/runner/dist/chunk-artifact.js:2323:10)
    at file:///C:/Users/zhujieling11/MikuMikuAR/frontend/node_modules/@vitest/runner/dist/chunk-artifact.js:2305:20
[env-reflection] setReflectionARSuspended: applyReflection 璺宠繃锛坰cene 鏈氨缁級: Error: [env-context] Scene not initialized
    at getScene (C:/Users/zhujieling11/MikuMikuAR/frontend/src/scene/env/_shared/env-context.ts:26:15)
    at applyReflection (C:/Users/zhujieling11/MikuMikuAR/frontend/src/scene/env/env-reflection.ts:411:19)
    at setReflectionARSuspended (C:/Users/zhujieling11/MikuMikuAR/frontend/src/scene/env/env-reflection.ts:158:9)
    at C:/Users/zhujieling11/MikuMikuAR/frontend/src/__tests__/scene/env-reflection.test.ts:75:9
    at file:///C:/Users/zhujieling11/MikuMikuAR/frontend/node_modules/@vitest/runner/dist/chunk-artifact.js:302:11
    at file:///C:/Users/zhujieling11/MikuMikuAR/frontend/node_modules/@vitest/runner/dist/chunk-artifact.js:1903:26
    at file:///C:/Users/zhujieling11/MikuMikuAR/frontend/node_modules/@vitest/runner/dist/chunk-artifact.js:2326:20
    at new Promise (<anonymous>)
    at runWithCancel (file:///C:/Users/zhujieling11/MikuMikuAR/frontend/node_modules/@vitest/runner/dist/chunk-artifact.js:2323:10)
    at file:///C:/Users/zhujieling11/MikuMikuAR/frontend/node_modules/@vitest/runner/dist/chunk-artifact.js:2305:20

[33m[39m[32m路[39m[33m[39m[32m路[39m[33m[39m[32m路[39m[33m[39m[32m路[39m[33m[39m[32m路[39m[33m[39m[32m路[39m[33m[39m[32m路[39m[33m[39m[32m路[39m[33m[39m[32m路[39m[33m[39m[32m路[39m[33m[39m[32m路[39m[33m[39m[32m路[39m[33m[39m[32m路[39m[33m[39m[32m路[39m[33m[39m[32m路[39m[33m[39m[32m路[39m[33m[39m[32m路[39m[33m[39m[32m路[39m[33m[39m[32m路[39m[33m[39m[32m路[39m[33m[39m[32m路[39m[33m[39m[32m路[39m[33m[39m[32m路[39m[33m[39m[32m路[39m[33m[39m[32m路[39m[33m[39m[32m路[39m[33m[39m[32m路[39m[33m[39m[32m路[39m[33m[39m[32m路[39m[33m[39m[32m路[39m[33m[39m[32m路[39m[33m[39m[32m路[39m[90mstdout[2m | src/__tests__/perception/claim-bones.int.test.ts[2m > [22m[2mADR-163 claimBones[2m > [22m[2md) [doc:adr-166 P2-3] renderPerceptionConflictBanners 鍚屽睆骞舵樉鐒︾偣+pinned 鍐茬獊
[22m[39m[bone-override] _getOverrideMap 棣栨涓烘ā鍨嬪垱寤鸿鐩栫储寮?{"modelId":"m1","existingModels":["m1"]}
[bone-override] _getOverrideMap 棣栨涓烘ā鍨嬪垱寤鸿鐩栫储寮?{"modelId":"m2","existingModels":["m1","m2"]}

stderr | src/__tests__/scene/env-reflection.test.ts > ADR-151 P3: AR 妯″紡鑱斿姩鍙嶅皠鎸傝捣锛堢函娲剧敓瑕嗙洊锛?[2m > 閲嶅璁剧疆鍚屼竴鐘舵€佷负绌烘搷浣滐紙涓嶆姏閿欙級
[env-reflection] setReflectionARSuspended: applyReflection 璺宠繃锛坰cene 鏈氨缁級: Error: [env-context] Scene not initialized
    at getScene (C:/Users/zhujieling11/MikuMikuAR/frontend/src/scene/env/_shared/env-context.ts:26:15)
    at applyReflection (C:/Users/zhujieling11/MikuMikuAR/frontend/src/scene/env/env-reflection.ts:411:19)
    at setReflectionARSuspended (C:/Users/zhujieling11/MikuMikuAR/frontend/src/scene/env/env-reflection.ts:158:9)
    at C:/Users/zhujieling11/MikuMikuAR/frontend/src/__tests__/scene/env-reflection.test.ts:85:9
    at file:///C:/Users/zhujieling11/MikuMikuAR/frontend/node_modules/@vitest/runner/dist/chunk-artifact.js:302:11
    at file:///C:/Users/zhujieling11/MikuMikuAR/frontend/node_modules/@vitest/runner/dist/chunk-artifact.js:1903:26
    at file:///C:/Users/zhujieling11/MikuMikuAR/frontend/node_modules/@vitest/runner/dist/chunk-artifact.js:2326:20
    at new Promise (<anonymous>)
    at runWithCancel (file:///C:/Users/zhujieling11/MikuMikuAR/frontend/node_modules/@vitest/runner/dist/chunk-artifact.js:2323:10)
    at file:///C:/Users/zhujieling11/MikuMikuAR/frontend/node_modules/@vitest/runner/dist/chunk-artifact.js:2305:20

stderr | src/__tests__/perception/claim-bones.int.test.ts > ADR-163 claimBones > d) [doc:adr-166 P2-3] renderPerceptionConflictBanners 鍚屽睆骞舵樉鐒︾偣+pinned 鍐茬獊
[adr-147] bone "闋? 琚ā鍧?"body-posture"(priority=1) 浠?"perception.gaze.head"(priority=100) 鎶㈠崰
[adr-147] bone "棣? 宸茶妯″潡 "perception.gaze.head"(priority=92) 鍗犵敤锛屾ā鍧?"perception.breath"(priority=93) 璺宠繃璇ラ楠?[adr-147] bone "闋? 宸茶妯″潡 "perception.gaze.head"(priority=92) 鍗犵敤锛屾ā鍧?"perception.breath"(priority=93) 璺宠繃璇ラ楠?[adr-147] bone "head" 宸茶妯″潡 "perception.gaze.head"(priority=92) 鍗犵敤锛屾ā鍧?"perception.breath"(priority=93) 璺宠繃璇ラ楠?[adr-147] bone "Head" 宸茶妯″潡 "perception.gaze.head"(priority=92) 鍗犵敤锛屾ā鍧?"perception.breath"(priority=93) 璺宠繃璇ラ楠?[adr-147] bone "涓婂崐韬?" 宸茶妯″潡 "perception.breath"(priority=93) 鍗犵敤锛屾ā鍧?"perception.balance.upper"(priority=95) 璺宠繃璇ラ楠?[perception] pin: 妯″瀷=m2
[adr-147] bone "闋? 琚ā鍧?"body-posture"(priority=1) 浠?"perception.gaze.head"(priority=100) 鎶㈠崰

stderr | src/__tests__/audio.player.test.ts > playAudio > handles play rejection gracefully
[audio] playAudio Error: autoplay blocked
    at C:/Users/zhujieling11/MikuMikuAR/frontend/src/__tests__/audio.player.test.ts:63:38
    at file:///C:/Users/zhujieling11/MikuMikuAR/frontend/node_modules/@vitest/runner/dist/chunk-artifact.js:302:11
    at file:///C:/Users/zhujieling11/MikuMikuAR/frontend/node_modules/@vitest/runner/dist/chunk-artifact.js:1903:26
    at file:///C:/Users/zhujieling11/MikuMikuAR/frontend/node_modules/@vitest/runner/dist/chunk-artifact.js:2326:20
    at new Promise (<anonymous>)
    at runWithCancel (file:///C:/Users/zhujieling11/MikuMikuAR/frontend/node_modules/@vitest/runner/dist/chunk-artifact.js:2323:10)
    at file:///C:/Users/zhujieling11/MikuMikuAR/frontend/node_modules/@vitest/runner/dist/chunk-artifact.js:2305:20
    at new Promise (<anonymous>)
    at runWithTimeout (file:///C:/Users/zhujieling11/MikuMikuAR/frontend/node_modules/@vitest/runner/dist/chunk-artifact.js:2272:10)
    at file:///C:/Users/zhujieling11/MikuMikuAR/frontend/node_modules/@vitest/runner/dist/chunk-artifact.js:2955:64

stderr | src/__tests__/audio.player.test.ts > pauseAudio / resumeAudio > resumeAudio handles rejection
[audio] resumeAudio Error: blocked
    at C:/Users/zhujieling11/MikuMikuAR/frontend/src/__tests__/audio.player.test.ts:116:38
    at file:///C:/Users/zhujieling11/MikuMikuAR/frontend/node_modules/@vitest/runner/dist/chunk-artifact.js:302:11
    at file:///C:/Users/zhujieling11/MikuMikuAR/frontend/node_modules/@vitest/runner/dist/chunk-artifact.js:1903:26
    at file:///C:/Users/zhujieling11/MikuMikuAR/frontend/node_modules/@vitest/runner/dist/chunk-artifact.js:2326:20
    at new Promise (<anonymous>)
    at runWithCancel (file:///C:/Users/zhujieling11/MikuMikuAR/frontend/node_modules/@vitest/runner/dist/chunk-artifact.js:2323:10)
    at file:///C:/Users/zhujieling11/MikuMikuAR/frontend/node_modules/@vitest/runner/dist/chunk-artifact.js:2305:20
    at new Promise (<anonymous>)
    at runWithTimeout (file:///C:/Users/zhujieling11/MikuMikuAR/frontend/node_modules/@vitest/runner/dist/chunk-artifact.js:2272:10)
    at file:///C:/Users/zhujieling11/MikuMikuAR/frontend/node_modules/@vitest/runner/dist/chunk-artifact.js:2955:64

stderr | src/core/__tests__/env-dispatcher.test.ts > env-dispatcher: registerEnvCallback / dispatchEnvChange > callback error does not block other callbacks
[env-dispatcher] callback error: Error: boom
    at C:/Users/zhujieling11/MikuMikuAR/frontend/src/core/__tests__/env-dispatcher.test.ts:48:19
    at Mock (file:///C:/Users/zhujieling11/MikuMikuAR/frontend/node_modules/@vitest/spy/dist/index.js:332:34)
    at dispatchEnvChange (C:/Users/zhujieling11/MikuMikuAR/frontend/src/scene/env/_bridge/env-dispatcher.ts:43:13)
    at C:/Users/zhujieling11/MikuMikuAR/frontend/src/core/__tests__/env-dispatcher.test.ts:55:22
    at Proxy.assertThrows (file:///C:/Users/zhujieling11/MikuMikuAR/frontend/node_modules/chai/index.js:2798:5)
    at Proxy.methodWrapper (file:///C:/Users/zhujieling11/MikuMikuAR/frontend/node_modules/chai/index.js:1700:25)
    at Proxy.<anonymous> (file:///C:/Users/zhujieling11/MikuMikuAR/frontend/node_modules/@vitest/expect/dist/index.js:1216:12)
    at Proxy.overwritingMethodWrapper (file:///C:/Users/zhujieling11/MikuMikuAR/frontend/node_modules/chai/index.js:1750:33)
    at Proxy.<anonymous> (file:///C:/Users/zhujieling11/MikuMikuAR/frontend/node_modules/@vitest/expect/dist/index.js:1552:16)
    at Proxy.<anonymous> (file:///C:/Users/zhujieling11/MikuMikuAR/frontend/node_modules/@vitest/expect/dist/index.js:1156:15)

[33m[39m[32m路[39m[33m[39m[32m路[39m[33m[39m[32m路[39m[33m[39m[32m路[39m[33m[39m[32m路[39m[33m[39m[32m路[39m[33m[39m[32m路[39m[33m[39m[32m路[39m[33m[39m[32m路[39m[33m[39m[32m路[39m[33m[39m[32m路[39m[33m[39m[32m路[39m[33m[39m[31mx[39m[33m[39m[31mx[39m[33m[39m[31mx[39m[33m[39m[32m路[39m[33m[39m[32m路[39m[33m[39m[32m路[39m[33m[39m[32m路[39m[33m[39m[32m路[39m[33m[39m[32m路[39m[33m[39m[32m路[39m[33m[39m[32m路[39m[33m[39m[32m路[39m[33m[39m[32m路[39m[33m[39m[32m路[39m[33m[39m[32m路[39m[33m[39m[32m路[39m[33m[39m[32m路[39m[33m[39m[32m路[39m[33m[39m[32m路[39m[33m[39m[32m路[39m[33m[39m[32m路[39m[33m[39m[32m路[39m[33m[39m[32m路[39m[33m[39m[32m路[39m[33m[39m[32m路[39m[33m[39m[32m路[39m[33m[39m[32m路[39m[33m[39m[32m路[39m[33m[39m[32m路[39m[33m[39m[32m路[39m[33m[39m[32m路[39m[33m[39m[32m路[39m[33m[39m[32m路[39m[33m[39m[32m路[39m[33m[39m[32m路[39m[33m[39m[32m路[39m[33m[39m[32m路[39m[33m[39m[32m路[39m[33m[39m[32m路[39m[33m[39m[32m路[39m[33m[39m[32m路[39m[33m[39m[32m路[39m[33m[39m[32m路[39m[33m[39m[32m路[39m[33m[39m[32m路[39m[33m[39m[32m路[39m[33m[39m[31mx[39m[33m[39m[31mx[39m[33m[39m[31mx[39m[33m[39m[31mx[39m[33m[39m[31mx[39m[33m[39m[31mx[39m[33m[39m[31mx[39m[33m[39m[31mx[39m[33m[39m[31mx[39m[33m[39m[31mx[39m[33m[39m[31mx[39m[33m[39m[31mx[39m[33m[39m[31mx[39m[33m[39m[31mx[39m[33m[39m[31mx[39m[33m[39m[31mx[39m[33m[39m[31mx[39m[33m[39m[31mx[39m[33m[39m[31mx[39m[33m[39m[31mx[39m[33m[39m[32m路[39m[33m[39m[32m路[39m[33m[39m[32m路[39m[33m[39m[32m路[39m[33m[39m[32m路[39m[33m[39m[32m路[39m[33m[39m[32m路[39m[33m[39m[32m路[39m[33m[39m[32m路[39m[33m[39m[32m路[39m[33m[39m[32m路[39m[33m[39m[32m路[39m[33m[39m[32m路[39m[33m[39m[32m路[39m[33m[39m[31mx[39m[33m[39m[31mx[39m[33m[39m[32m路[39m[33m[39m[32m路[39m[33m[39m[32m路[39m[33m[39m[31mx[39m[33m[39m[31mx[39m[33m[39m[31mx[39m[33m[39m[31mx[39m[33m[39m[31mx[39m[33m[39m[31mx[39m[33m[39m[31mx[39m[33m[39m[31mx[39m[33m[39m[31mx[39m[33m[39m[31mx[39m[33m[39m[31mx[39m[33m[39m[31mx[39m[33m[39m[31mx[39m[33m[39m[31mx[39m[33m[39m[32m路[39m[33m[39m[32m路[39m[33m[39m[32m路[39m[33m[39m[32m路[39m[33m[39m[32m路[39m[33m[39m[32m路[39m[33m[39m[32m路[39m[33m[39m[32m路[39m[33m[39m[32m路[39m[33m[39m[32m路[39m[33m[39m[32m路[39m[33m[39m[32m路[39m[33m[39m[32m路[39m[33m[39m[32m路[39m[33m[39m[32m路[39m[33m[39m[32m路[39m[33m[39m[32m路[39m[33m[39m[32m路[39m[33m[39m[32m路[39m[33m[39m[32m路[39m[33m[39m[32m路[39m[33m[39m[32m路[39m[33m[39m[32m路[39m[33m[39m[32m路[39m[33m[39m[32m路[39m[33m[39m[32m路[39m[33m[39m[32m路[39m[33m[39m[32m路[39m[33m[39m[32m路[39m[33m[39m[32m路[39m[33m[39m[32m路[39m[33m[39m[32m路[39m[33m[39m[32m路[39m[33m[39m[32m路[39m[33m[39m[32m路[39m[33m[39m[32m路[39m[33m[39m[32m路[39m[33m[39m[32m路[39m[33m[39m[32m路[39m[33m[39m[32m路[39m[33m[39m[32m路[39m[33m[39m[32m路[39m[33m[39m[32m路[39m[33m[39m[32m路[39m[33m[39m[32m路[39m[33m[39m[32m路[39m[90mstdout[2m | src/__tests__/scene/performance-snapshot.test.ts[2m > [22m[2m鎬ц兘蹇収鎭㈠锛坃restoreSnapshot 鏀跺彛璺緞锛?[2m > [22m[2m闄嶇骇寤虹珛蹇収鍚庯紝鎭㈠鐢ㄥ師濮?light/render 鍊煎洖鍐欏苟褰掗浂 level
[22m[39m[env-persist] setEnvState() called: reflectionQuality, cloudQuality, particleQuality (skipAutoSave)
[22:19:04.381] [Performance] renderScale mul 鈫?0.7
[22:19:04.381] [Performance] Level 2: 涓害闄嶇骇
[22:19:04.381] [Performance] Mode set to: performance
[env-persist] setEnvState() called: qualityProfile, reflectionQuality, cloudQuality, particleQuality (skipAutoSave)

stderr | src/__tests__/scene/performance-snapshot.test.ts > 鎬ц兘蹇収鎭㈠锛坃restoreSnapshot 鏀跺彛璺緞锛?[2m > 闄嶇骇寤虹珛蹇収鍚庯紝鎭㈠鐢ㄥ師濮?light/render 鍊煎洖鍐欏苟褰掗浂 level
[env-dispatcher] callback error: Error: [env-context] Scene not initialized
    at getScene (C:/Users/zhujieling11/MikuMikuAR/frontend/src/scene/env/_shared/env-context.ts:26:15)
    at applyReflection (C:/Users/zhujieling11/MikuMikuAR/frontend/src/scene/env/env-reflection.ts:411:19)
    at C:/Users/zhujieling11/MikuMikuAR/frontend/src/scene/env/env-reflection.ts:594:9
    at dispatchEnvChange (C:/Users/zhujieling11/MikuMikuAR/frontend/src/scene/env/_bridge/env-dispatcher.ts:43:13)
    at applyEnvStateFacade (C:/Users/zhujieling11/MikuMikuAR/frontend/src/scene/env/_bridge/env-bridge.ts:59:5)
    at setEnvState (C:/Users/zhujieling11/MikuMikuAR/frontend/src/scene/env/_bridge/env-bridge.ts:328:5)
    at setEnvStateForPerformance (C:/Users/zhujieling11/MikuMikuAR/frontend/src/scene/render/performance-env-bridge.ts:38:9)
    at applyDegrade (C:/Users/zhujieling11/MikuMikuAR/frontend/src/scene/render/performance.ts:371:13)
    at Module.setPerformanceMode (C:/Users/zhujieling11/MikuMikuAR/frontend/src/scene/render/performance.ts:600:9)
    at C:/Users/zhujieling11/MikuMikuAR/frontend/src/__tests__/scene/performance-snapshot.test.ts:109:9
[env-dispatcher] callback error: Error: [env-context] Scene not initialized
    at getScene (C:/Users/zhujieling11/MikuMikuAR/frontend/src/scene/env/_shared/env-context.ts:26:15)
    at _clearDebugVisuals (C:/Users/zhujieling11/MikuMikuAR/frontend/src/scene/env/env-clouds.ts:254:20)
    at disposeClouds (C:/Users/zhujieling11/MikuMikuAR/frontend/src/scene/env/env-clouds.ts:794:5)
    at C:/Users/zhujieling11/MikuMikuAR/frontend/src/scene/env/env-clouds.ts:817:13
    at dispatchEnvChange (C:/Users/zhujieling11/MikuMikuAR/frontend/src/scene/env/_bridge/env-dispatcher.ts:43:13)
    at applyEnvStateFacade (C:/Users/zhujieling11/MikuMikuAR/frontend/src/scene/env/_bridge/env-bridge.ts:59:5)
    at setEnvState (C:/Users/zhujieling11/MikuMikuAR/frontend/src/scene/env/_bridge/env-bridge.ts:328:5)
    at setEnvStateForPerformance (C:/Users/zhujieling11/MikuMikuAR/frontend/src/scene/render/performance-env-bridge.ts:38:9)
    at applyDegrade (C:/Users/zhujieling11/MikuMikuAR/frontend/src/scene/render/performance.ts:371:13)
    at Module.setPerformanceMode (C:/Users/zhujieling11/MikuMikuAR/frontend/src/scene/render/performance.ts:600:9)
[env-dispatcher] callback error: Error: [env-context] Scene not initialized
    at getScene (C:/Users/zhujieling11/MikuMikuAR/frontend/src/scene/env/_shared/env-context.ts:26:15)
    at applyGround (C:/Users/zhujieling11/MikuMikuAR/frontend/src/scene/env/env-ground.ts:1119:19)
    at C:/Users/zhujieling11/MikuMikuAR/frontend/src/scene/env/env-impl.ts:96:9
    at dispatchEnvChange (C:/Users/zhujieling11/MikuMikuAR/frontend/src/scene/env/_bridge/env-dispatcher.ts:43:13)
    at applyEnvStateFacade (C:/Users/zhujieling11/MikuMikuAR/frontend/src/scene/env/_bridge/env-bridge.ts:59:5)
    at setEnvState (C:/Users/zhujieling11/MikuMikuAR/frontend/src/scene/env/_bridge/env-bridge.ts:328:5)
    at setEnvStateForPerformance (C:/Users/zhujieling11/MikuMikuAR/frontend/src/scene/render/performance-env-bridge.ts:38:9)
    at applyDegrade (C:/Users/zhujieling11/MikuMikuAR/frontend/src/scene/render/performance.ts:371:13)
    at Module.setPerformanceMode (C:/Users/zhujieling11/MikuMikuAR/frontend/src/scene/render/performance.ts:600:9)
    at C:/Users/zhujieling11/MikuMikuAR/frontend/src/__tests__/scene/performance-snapshot.test.ts:109:9
[env-dispatcher] callback error: Error: [env-context] Scene not initialized
    at getScene (C:/Users/zhujieling11/MikuMikuAR/frontend/src/scene/env/_shared/env-context.ts:26:15)
    at applyReflection (C:/Users/zhujieling11/MikuMikuAR/frontend/src/scene/env/env-reflection.ts:411:19)
    at C:/Users/zhujieling11/MikuMikuAR/frontend/src/scene/env/env-reflection.ts:594:9
    at dispatchEnvChange (C:/Users/zhujieling11/MikuMikuAR/frontend/src/scene/env/_bridge/env-dispatcher.ts:43:13)
    at applyEnvStateFacade (C:/Users/zhujieling11/MikuMikuAR/frontend/src/scene/env/_bridge/env-bridge.ts:59:5)
    at setEnvState (C:/Users/zhujieling11/MikuMikuAR/frontend/src/scene/env/_bridge/env-bridge.ts:328:5)
    at setEnvStateForPerformance (C:/Users/zhujieling11/MikuMikuAR/frontend/src/scene/render/performance-env-bridge.ts:38:9)
    at _restoreSnapshot (C:/Users/zhujieling11/MikuMikuAR/frontend/src/scene/render/performance.ts:263:17)
    at Module.resetPerformanceSnapshot (C:/Users/zhujieling11/MikuMikuAR/frontend/src/scene/render/performance.ts:625:5)
    at C:/Users/zhujieling11/MikuMikuAR/frontend/src/__tests__/scene/performance-snapshot.test.ts:117:9
[env-dispatcher] callback error: Error: [env-context] Scene not initialized
    at getScene (C:/Users/zhujieling11/MikuMikuAR/frontend/src/scene/env/_shared/env-context.ts:26:15)
    at _clearDebugVisuals (C:/Users/zhujieling11/MikuMikuAR/frontend/src/scene/env/env-clouds.ts:254:20)
    at disposeClouds (C:/Users/zhujieling11/MikuMikuAR/frontend/src/scene/env/env-clouds.ts:794:5)
    at C:/Users/zhujieling11/MikuMikuAR/frontend/src/scene/env/env-clouds.ts:817:13
    at dispatchEnvChange (C:/Users/zhujieling11/MikuMikuAR/frontend/src/scene/env/_bridge/env-dispatcher.ts:43:13)
    at applyEnvStateFacade (C:/Users/zhujieling11/MikuMikuAR/frontend/src/scene/env/_bridge/env-bridge.ts:59:5)
    at setEnvState (C:/Users/zhujieling11/MikuMikuAR/frontend/src/scene/env/_bridge/env-bridge.ts:328:5)
    at setEnvStateForPerformance (C:/Users/zhujieling11/MikuMikuAR/frontend/src/scene/render/performance-env-bridge.ts:38:9)
    at _restoreSnapshot (C:/Users/zhujieling11/MikuMikuAR/frontend/src/scene/render/performance.ts:263:17)
    at Module.resetPerformanceSnapshot (C:/Users/zhujieling11/MikuMikuAR/frontend/src/scene/render/performance.ts:625:5)
[env-dispatcher] callback error: Error: [env-context] Scene not initialized
    at getScene (C:/Users/zhujieling11/MikuMikuAR/frontend/src/scene/env/_shared/env-context.ts:26:15)
    at applyGround (C:/Users/zhujieling11/MikuMikuAR/frontend/src/scene/env/env-ground.ts:1119:19)
    at C:/Users/zhujieling11/MikuMikuAR/frontend/src/scene/env/env-impl.ts:96:9
    at dispatchEnvChange (C:/Users/zhujieling11/MikuMikuAR/frontend/src/scene/env/_bridge/env-dispatcher.ts:43:13)
    at applyEnvStateFacade (C:/Users/zhujieling11/MikuMikuAR/frontend/src/scene/env/_bridge/env-bridge.ts:59:5)
    at setEnvState (C:/Users/zhujieling11/MikuMikuAR/frontend/src/scene/env/_bridge/env-bridge.ts:328:5)
    at setEnvStateForPerformance (C:/Users/zhujieling11/MikuMikuAR/frontend/src/scene/render/performance-env-bridge.ts:38:9)
    at _restoreSnapshot (C:/Users/zhujieling11/MikuMikuAR/frontend/src/scene/render/performance.ts:263:17)
    at Module.resetPerformanceSnapshot (C:/Users/zhujieling11/MikuMikuAR/frontend/src/scene/render/performance.ts:625:5)
    at C:/Users/zhujieling11/MikuMikuAR/frontend/src/__tests__/scene/performance-snapshot.test.ts:117:9

[90mstdout[2m | src/__tests__/scene/performance-snapshot.test.ts[2m > [22m[2m鎬ц兘蹇収鎭㈠锛坃restoreSnapshot 鏀跺彛璺緞锛?[2m > [22m[2m鎭㈠鏃剁幆澧冨揩鐓ч潪绌?鈫?妗ユ帴 setEnvStateForPerformance 涓旀垚瀵瑰垏鎹㈤檷绾ф爣蹇?[22m[39m[env-persist] setEnvState() called: reflectionQuality, cloudQuality, particleQuality (skipAutoSave)
[22:19:04.383] [Performance] renderScale mul 鈫?0.7
[22:19:04.383] [Performance] Level 2: 涓害闄嶇骇
[22:19:04.383] [Performance] Mode set to: performance
[env-persist] setEnvState() called: qualityProfile, reflectionQuality, cloudQuality, particleQuality (skipAutoSave)

stderr | src/__tests__/scene/performance-snapshot.test.ts > 鎬ц兘蹇収鎭㈠锛坃restoreSnapshot 鏀跺彛璺緞锛?[2m > 鎭㈠鏃剁幆澧冨揩鐓ч潪绌?鈫?妗ユ帴 setEnvStateForPerformance 涓旀垚瀵瑰垏鎹㈤檷绾ф爣蹇?[env-dispatcher] callback error: Error: [env-context] Scene not initialized
    at getScene (C:/Users/zhujieling11/MikuMikuAR/frontend/src/scene/env/_shared/env-context.ts:26:15)
    at applyReflection (C:/Users/zhujieling11/MikuMikuAR/frontend/src/scene/env/env-reflection.ts:411:19)
    at C:/Users/zhujieling11/MikuMikuAR/frontend/src/scene/env/env-reflection.ts:594:9
    at dispatchEnvChange (C:/Users/zhujieling11/MikuMikuAR/frontend/src/scene/env/_bridge/env-dispatcher.ts:43:13)
    at applyEnvStateFacade (C:/Users/zhujieling11/MikuMikuAR/frontend/src/scene/env/_bridge/env-bridge.ts:59:5)
    at setEnvState (C:/Users/zhujieling11/MikuMikuAR/frontend/src/scene/env/_bridge/env-bridge.ts:328:5)
    at setEnvStateForPerformance (C:/Users/zhujieling11/MikuMikuAR/frontend/src/scene/render/performance-env-bridge.ts:38:9)
    at applyDegrade (C:/Users/zhujieling11/MikuMikuAR/frontend/src/scene/render/performance.ts:371:13)
    at Module.setPerformanceMode (C:/Users/zhujieling11/MikuMikuAR/frontend/src/scene/render/performance.ts:600:9)
    at C:/Users/zhujieling11/MikuMikuAR/frontend/src/__tests__/scene/performance-snapshot.test.ts:125:9
[env-dispatcher] callback error: Error: [env-context] Scene not initialized
    at getScene (C:/Users/zhujieling11/MikuMikuAR/frontend/src/scene/env/_shared/env-context.ts:26:15)
    at _clearDebugVisuals (C:/Users/zhujieling11/MikuMikuAR/frontend/src/scene/env/env-clouds.ts:254:20)
    at disposeClouds (C:/Users/zhujieling11/MikuMikuAR/frontend/src/scene/env/env-clouds.ts:794:5)
    at C:/Users/zhujieling11/MikuMikuAR/frontend/src/scene/env/env-clouds.ts:817:13
    at dispatchEnvChange (C:/Users/zhujieling11/MikuMikuAR/frontend/src/scene/env/_bridge/env-dispatcher.ts:43:13)
    at applyEnvStateFacade (C:/Users/zhujieling11/MikuMikuAR/frontend/src/scene/env/_bridge/env-bridge.ts:59:5)
    at setEnvState (C:/Users/zhujieling11/MikuMikuAR/frontend/src/scene/env/_bridge/env-bridge.ts:328:5)
    at setEnvStateForPerformance (C:/Users/zhujieling11/MikuMikuAR/frontend/src/scene/render/performance-env-bridge.ts:38:9)
    at applyDegrade (C:/Users/zhujieling11/MikuMikuAR/frontend/src/scene/render/performance.ts:371:13)
    at Module.setPerformanceMode (C:/Users/zhujieling11/MikuMikuAR/frontend/src/scene/render/performance.ts:600:9)
[env-dispatcher] callback error: Error: [env-context] Scene not initialized
    at getScene (C:/Users/zhujieling11/MikuMikuAR/frontend/src/scene/env/_shared/env-context.ts:26:15)
    at applyGround (C:/Users/zhujieling11/MikuMikuAR/frontend/src/scene/env/env-ground.ts:1119:19)
    at C:/Users/zhujieling11/MikuMikuAR/frontend/src/scene/env/env-impl.ts:96:9
    at dispatchEnvChange (C:/Users/zhujieling11/MikuMikuAR/frontend/src/scene/env/_bridge/env-dispatcher.ts:43:13)
    at applyEnvStateFacade (C:/Users/zhujieling11/MikuMikuAR/frontend/src/scene/env/_bridge/env-bridge.ts:59:5)
    at setEnvState (C:/Users/zhujieling11/MikuMikuAR/frontend/src/scene/env/_bridge/env-bridge.ts:328:5)
    at setEnvStateForPerformance (C:/Users/zhujieling11/MikuMikuAR/frontend/src/scene/render/performance-env-bridge.ts:38:9)
    at applyDegrade (C:/Users/zhujieling11/MikuMikuAR/frontend/src/scene/render/performance.ts:371:13)
    at Module.setPerformanceMode (C:/Users/zhujieling11/MikuMikuAR/frontend/src/scene/render/performance.ts:600:9)
    at C:/Users/zhujieling11/MikuMikuAR/frontend/src/__tests__/scene/performance-snapshot.test.ts:125:9
[env-dispatcher] callback error: Error: [env-context] Scene not initialized
    at getScene (C:/Users/zhujieling11/MikuMikuAR/frontend/src/scene/env/_shared/env-context.ts:26:15)
    at applyReflection (C:/Users/zhujieling11/MikuMikuAR/frontend/src/scene/env/env-reflection.ts:411:19)
    at C:/Users/zhujieling11/MikuMikuAR/frontend/src/scene/env/env-reflection.ts:594:9
    at dispatchEnvChange (C:/Users/zhujieling11/MikuMikuAR/frontend/src/scene/env/_bridge/env-dispatcher.ts:43:13)
    at applyEnvStateFacade (C:/Users/zhujieling11/MikuMikuAR/frontend/src/scene/env/_bridge/env-bridge.ts:59:5)
    at setEnvState (C:/Users/zhujieling11/MikuMikuAR/frontend/src/scene/env/_bridge/env-bridge.ts:328:5)
    at setEnvStateForPerformance (C:/Users/zhujieling11/MikuMikuAR/frontend/src/scene/render/performance-env-bridge.ts:38:9)
    at _restoreSnapshot (C:/Users/zhujieling11/MikuMikuAR/frontend/src/scene/render/performance.ts:263:17)
    at Module.resetPerformanceSnapshot (C:/Users/zhujieling11/MikuMikuAR/frontend/src/scene/render/performance.ts:625:5)
    at C:/Users/zhujieling11/MikuMikuAR/frontend/src/__tests__/scene/performance-snapshot.test.ts:129:9
[env-dispatcher] callback error: Error: [env-context] Scene not initialized
    at getScene (C:/Users/zhujieling11/MikuMikuAR/frontend/src/scene/env/_shared/env-context.ts:26:15)
    at _clearDebugVisuals (C:/Users/zhujieling11/MikuMikuAR/frontend/src/scene/env/env-clouds.ts:254:20)
    at disposeClouds (C:/Users/zhujieling11/MikuMikuAR/frontend/src/scene/env/env-clouds.ts:794:5)
    at C:/Users/zhujieling11/MikuMikuAR/frontend/src/scene/env/env-clouds.ts:817:13
    at dispatchEnvChange (C:/Users/zhujieling11/MikuMikuAR/frontend/src/scene/env/_bridge/env-dispatcher.ts:43:13)
    at applyEnvStateFacade (C:/Users/zhujieling11/MikuMikuAR/frontend/src/scene/env/_bridge/env-bridge.ts:59:5)
    at setEnvState (C:/Users/zhujieling11/MikuMikuAR/frontend/src/scene/env/_bridge/env-bridge.ts:328:5)
    at setEnvStateForPerformance (C:/Users/zhujieling11/MikuMikuAR/frontend/src/scene/render/performance-env-bridge.ts:38:9)
    at _restoreSnapshot (C:/Users/zhujieling11/MikuMikuAR/frontend/src/scene/render/performance.ts:263:17)
    at Module.resetPerformanceSnapshot (C:/Users/zhujieling11/MikuMikuAR/frontend/src/scene/render/performance.ts:625:5)
[env-dispatcher] callback error: Error: [env-context] Scene not initialized
    at getScene (C:/Users/zhujieling11/MikuMikuAR/frontend/src/scene/env/_shared/env-context.ts:26:15)
    at applyGround (C:/Users/zhujieling11/MikuMikuAR/frontend/src/scene/env/env-ground.ts:1119:19)
    at C:/Users/zhujieling11/MikuMikuAR/frontend/src/scene/env/env-impl.ts:96:9
    at dispatchEnvChange (C:/Users/zhujieling11/MikuMikuAR/frontend/src/scene/env/_bridge/env-dispatcher.ts:43:13)
    at applyEnvStateFacade (C:/Users/zhujieling11/MikuMikuAR/frontend/src/scene/env/_bridge/env-bridge.ts:59:5)
    at setEnvState (C:/Users/zhujieling11/MikuMikuAR/frontend/src/scene/env/_bridge/env-bridge.ts:328:5)
    at setEnvStateForPerformance (C:/Users/zhujieling11/MikuMikuAR/frontend/src/scene/render/performance-env-bridge.ts:38:9)
    at _restoreSnapshot (C:/Users/zhujieling11/MikuMikuAR/frontend/src/scene/render/performance.ts:263:17)
    at Module.resetPerformanceSnapshot (C:/Users/zhujieling11/MikuMikuAR/frontend/src/scene/render/performance.ts:625:5)
    at C:/Users/zhujieling11/MikuMikuAR/frontend/src/__tests__/scene/performance-snapshot.test.ts:129:9

stderr | src/__tests__/vmd-layers-dispose.test.ts > vmd-layers 鈥?鏃у姩鐢诲彞鏌?dispose (composite 璺緞) > 娣诲姞绗笁灞傝Е鍙?composite 閲嶅缓鏃跺簲 dispose 鏃?animation handle
[i18n] key "common.close" not found in zh-CN base bundle 鈥?possible typo

[90mstdout[2m | src/__tests__/scene/performance-snapshot.test.ts[2m > [22m[2m鎬ц兘蹇収鎭㈠锛坃restoreSnapshot 鏀跺彛璺緞锛?[2m > [22m[2m鍥炲啓 light 鏃舵姂鍒舵爣蹇椾负 true锛堥槻鍙嶉寰幆锛?[22m[39m[env-persist] setEnvState() called: reflectionQuality, cloudQuality, particleQuality (skipAutoSave)
[22:19:04.386] [Performance] renderScale mul 鈫?0.7
[22:19:04.386] [Performance] Level 2: 涓害闄嶇骇
[22:19:04.386] [Performance] Mode set to: performance
[env-persist] setEnvState() called: qualityProfile, reflectionQuality, cloudQuality, particleQuality (skipAutoSave)

stderr | src/__tests__/scene/performance-snapshot.test.ts > 鎬ц兘蹇収鎭㈠锛坃restoreSnapshot 鏀跺彛璺緞锛?[2m > 鍥炲啓 light 鏃舵姂鍒舵爣蹇椾负 true锛堥槻鍙嶉寰幆锛?[env-dispatcher] callback error: Error: [env-context] Scene not initialized
    at getScene (C:/Users/zhujieling11/MikuMikuAR/frontend/src/scene/env/_shared/env-context.ts:26:15)
    at applyReflection (C:/Users/zhujieling11/MikuMikuAR/frontend/src/scene/env/env-reflection.ts:411:19)
    at C:/Users/zhujieling11/MikuMikuAR/frontend/src/scene/env/env-reflection.ts:594:9
    at dispatchEnvChange (C:/Users/zhujieling11/MikuMikuAR/frontend/src/scene/env/_bridge/env-dispatcher.ts:43:13)
    at applyEnvStateFacade (C:/Users/zhujieling11/MikuMikuAR/frontend/src/scene/env/_bridge/env-bridge.ts:59:5)
    at setEnvState (C:/Users/zhujieling11/MikuMikuAR/frontend/src/scene/env/_bridge/env-bridge.ts:328:5)
    at setEnvStateForPerformance (C:/Users/zhujieling11/MikuMikuAR/frontend/src/scene/render/performance-env-bridge.ts:38:9)
    at applyDegrade (C:/Users/zhujieling11/MikuMikuAR/frontend/src/scene/render/performance.ts:371:13)
    at Module.setPerformanceMode (C:/Users/zhujieling11/MikuMikuAR/frontend/src/scene/render/performance.ts:600:9)
    at C:/Users/zhujieling11/MikuMikuAR/frontend/src/__tests__/scene/performance-snapshot.test.ts:147:9
[env-dispatcher] callback error: Error: [env-context] Scene not initialized
    at getScene (C:/Users/zhujieling11/MikuMikuAR/frontend/src/scene/env/_shared/env-context.ts:26:15)
    at _clearDebugVisuals (C:/Users/zhujieling11/MikuMikuAR/frontend/src/scene/env/env-clouds.ts:254:20)
    at disposeClouds (C:/Users/zhujieling11/MikuMikuAR/frontend/src/scene/env/env-clouds.ts:794:5)
    at C:/Users/zhujieling11/MikuMikuAR/frontend/src/scene/env/env-clouds.ts:817:13
    at dispatchEnvChange (C:/Users/zhujieling11/MikuMikuAR/frontend/src/scene/env/_bridge/env-dispatcher.ts:43:13)
    at applyEnvStateFacade (C:/Users/zhujieling11/MikuMikuAR/frontend/src/scene/env/_bridge/env-bridge.ts:59:5)
    at setEnvState (C:/Users/zhujieling11/MikuMikuAR/frontend/src/scene/env/_bridge/env-bridge.ts:328:5)
    at setEnvStateForPerformance (C:/Users/zhujieling11/MikuMikuAR/frontend/src/scene/render/performance-env-bridge.ts:38:9)
    at applyDegrade (C:/Users/zhujieling11/MikuMikuAR/frontend/src/scene/render/performance.ts:371:13)
    at Module.setPerformanceMode (C:/Users/zhujieling11/MikuMikuAR/frontend/src/scene/render/performance.ts:600:9)
[env-dispatcher] callback error: Error: [env-context] Scene not initialized
    at getScene (C:/Users/zhujieling11/MikuMikuAR/frontend/src/scene/env/_shared/env-context.ts:26:15)
    at applyGround (C:/Users/zhujieling11/MikuMikuAR/frontend/src/scene/env/env-ground.ts:1119:19)
    at C:/Users/zhujieling11/MikuMikuAR/frontend/src/scene/env/env-impl.ts:96:9
    at dispatchEnvChange (C:/Users/zhujieling11/MikuMikuAR/frontend/src/scene/env/_bridge/env-dispatcher.ts:43:13)
    at applyEnvStateFacade (C:/Users/zhujieling11/MikuMikuAR/frontend/src/scene/env/_bridge/env-bridge.ts:59:5)
    at setEnvState (C:/Users/zhujieling11/MikuMikuAR/frontend/src/scene/env/_bridge/env-bridge.ts:328:5)
    at setEnvStateForPerformance (C:/Users/zhujieling11/MikuMikuAR/frontend/src/scene/render/performance-env-bridge.ts:38:9)
    at applyDegrade (C:/Users/zhujieling11/MikuMikuAR/frontend/src/scene/render/performance.ts:371:13)
    at Module.setPerformanceMode (C:/Users/zhujieling11/MikuMikuAR/frontend/src/scene/render/performance.ts:600:9)
    at C:/Users/zhujieling11/MikuMikuAR/frontend/src/__tests__/scene/performance-snapshot.test.ts:147:9
[env-dispatcher] callback error: Error: [env-context] Scene not initialized
    at getScene (C:/Users/zhujieling11/MikuMikuAR/frontend/src/scene/env/_shared/env-context.ts:26:15)
    at applyReflection (C:/Users/zhujieling11/MikuMikuAR/frontend/src/scene/env/env-reflection.ts:411:19)
    at C:/Users/zhujieling11/MikuMikuAR/frontend/src/scene/env/env-reflection.ts:594:9
    at dispatchEnvChange (C:/Users/zhujieling11/MikuMikuAR/frontend/src/scene/env/_bridge/env-dispatcher.ts:43:13)
    at applyEnvStateFacade (C:/Users/zhujieling11/MikuMikuAR/frontend/src/scene/env/_bridge/env-bridge.ts:59:5)
    at setEnvState (C:/Users/zhujieling11/MikuMikuAR/frontend/src/scene/env/_bridge/env-bridge.ts:328:5)
    at setEnvStateForPerformance (C:/Users/zhujieling11/MikuMikuAR/frontend/src/scene/render/performance-env-bridge.ts:38:9)
    at _restoreSnapshot (C:/Users/zhujieling11/MikuMikuAR/frontend/src/scene/render/performance.ts:263:17)
    at Module.resetPerformanceSnapshot (C:/Users/zhujieling11/MikuMikuAR/frontend/src/scene/render/performance.ts:625:5)
    at C:/Users/zhujieling11/MikuMikuAR/frontend/src/__tests__/scene/performance-snapshot.test.ts:150:9
[env-dispatcher] callback error: Error: [env-context] Scene not initialized
    at getScene (C:/Users/zhujieling11/MikuMikuAR/frontend/src/scene/env/_shared/env-context.ts:26:15)
    at _clearDebugVisuals (C:/Users/zhujieling11/MikuMikuAR/frontend/src/scene/env/env-clouds.ts:254:20)
    at disposeClouds (C:/Users/zhujieling11/MikuMikuAR/frontend/src/scene/env/env-clouds.ts:794:5)
    at C:/Users/zhujieling11/MikuMikuAR/frontend/src/scene/env/env-clouds.ts:817:13
    at dispatchEnvChange (C:/Users/zhujieling11/MikuMikuAR/frontend/src/scene/env/_bridge/env-dispatcher.ts:43:13)
    at applyEnvStateFacade (C:/Users/zhujieling11/MikuMikuAR/frontend/src/scene/env/_bridge/env-bridge.ts:59:5)
    at setEnvState (C:/Users/zhujieling11/MikuMikuAR/frontend/src/scene/env/_bridge/env-bridge.ts:328:5)
    at setEnvStateForPerformance (C:/Users/zhujieling11/MikuMikuAR/frontend/src/scene/render/performance-env-bridge.ts:38:9)
    at _restoreSnapshot (C:/Users/zhujieling11/MikuMikuAR/frontend/src/scene/render/performance.ts:263:17)
    at Module.resetPerformanceSnapshot (C:/Users/zhujieling11/MikuMikuAR/frontend/src/scene/render/performance.ts:625:5)
[env-dispatcher] callback error: Error: [env-context] Scene not initialized
    at getScene (C:/Users/zhujieling11/MikuMikuAR/frontend/src/scene/env/_shared/env-context.ts:26:15)
    at applyGround (C:/Users/zhujieling11/MikuMikuAR/frontend/src/scene/env/env-ground.ts:1119:19)
    at C:/Users/zhujieling11/MikuMikuAR/frontend/src/scene/env/env-impl.ts:96:9
    at dispatchEnvChange (C:/Users/zhujieling11/MikuMikuAR/frontend/src/scene/env/_bridge/env-dispatcher.ts:43:13)
    at applyEnvStateFacade (C:/Users/zhujieling11/MikuMikuAR/frontend/src/scene/env/_bridge/env-bridge.ts:59:5)
    at setEnvState (C:/Users/zhujieling11/MikuMikuAR/frontend/src/scene/env/_bridge/env-bridge.ts:328:5)
    at setEnvStateForPerformance (C:/Users/zhujieling11/MikuMikuAR/frontend/src/scene/render/performance-env-bridge.ts:38:9)
    at _restoreSnapshot (C:/Users/zhujieling11/MikuMikuAR/frontend/src/scene/render/performance.ts:263:17)
    at Module.resetPerformanceSnapshot (C:/Users/zhujieling11/MikuMikuAR/frontend/src/scene/render/performance.ts:625:5)
    at C:/Users/zhujieling11/MikuMikuAR/frontend/src/__tests__/scene/performance-snapshot.test.ts:150:9

stderr | src/__tests__/model-attachment.test.ts > [adr-215] 妯″瀷闄勫睘鍏崇郴 > 楠ㄩ guard锛氶楠间笉瀛樺湪鏃舵嫆缁濋檮灞烇紝瀛楁涓嶅啓鍏?[model-manager] attachModelToBone: bone not found: nonexistent

stderr | src/__tests__/model-attachment.test.ts > [adr-215] 妯″瀷闄勫睘鍏崇郴 > DAG锛氳嚜闄勫睘锛坈hild === parent锛夎鎷掔粷
[model-manager] attachModelToBone: would create cycle

stderr | src/__tests__/virtual-skirt.build-cleanup.test.ts > VirtualSkirtController 鈥?P3a build 寮傚父娓呯悊 > 娉ㄥ叆涓€斿紓甯?鈫?閮ㄥ垎璧勬簮琚?dispose 涓旀棤娉勬紡, build 杩斿洖 false
[virtual-skirt] build failed, disposing partial resources Error: boom
    at Object.<anonymous> (C:/Users/zhujieling11/MikuMikuAR/frontend/src/__tests__/virtual-skirt.build-cleanup.test.ts:54:23)
    at Object.Mock [as addRigidBody] (file:///C:/Users/zhujieling11/MikuMikuAR/frontend/node_modules/@vitest/spy/dist/index.js:332:34)
    at VirtualSkirtController.build (C:/Users/zhujieling11/MikuMikuAR/frontend/src/scene/physics/virtual-skirt.ts:373:31)
    at C:/Users/zhujieling11/MikuMikuAR/frontend/src/__tests__/virtual-skirt.build-cleanup.test.ts:60:25
    at file:///C:/Users/zhujieling11/MikuMikuAR/frontend/node_modules/@vitest/runner/dist/chunk-artifact.js:302:11
    at file:///C:/Users/zhujieling11/MikuMikuAR/frontend/node_modules/@vitest/runner/dist/chunk-artifact.js:1903:26
    at file:///C:/Users/zhujieling11/MikuMikuAR/frontend/node_modules/@vitest/runner/dist/chunk-artifact.js:2326:20
    at new Promise (<anonymous>)
    at runWithCancel (file:///C:/Users/zhujieling11/MikuMikuAR/frontend/node_modules/@vitest/runner/dist/chunk-artifact.js:2323:10)
    at file:///C:/Users/zhujieling11/MikuMikuAR/frontend/node_modules/@vitest/runner/dist/chunk-artifact.js:2305:20

[33m[39m[32m路[39m[33m[39m[32m路[39m[33m[39m[32m路[39m[33m[39m[32m路[39m[33m[39m[32m路[39m[33m[39m[32m路[39m[33m[39m[32m路[39m[33m[39m[32m路[39m[33m[39m[32m路[39m[33m[39m[32m路[39m[33m[39m[32m路[39m[33m[39m[32m路[39m[33m[39m[32m路[39m[33m[39m[32m路[39m[33m[39m[31mx[39m[33m[39m[32m路[39m[33m[39m[32m路[39m[33m[39m[32m路[39m[33m[39m[32m路[39m[33m[39m[32m路[39m[33m[39m[31mx[39m[33m[39m[32m路[39m[33m[39m[32m路[39m[33m[39m[32m路[39m[33m[39m[32m路[39m[33m[39m[32m路[39m[33m[39m[32m路[39m[33m[39m[32m路[39m[33m[39m[32m路[39m[33m[39m[32m路[39m[33m[39m[32m路[39m[33m[39m[32m路[39m[33m[39m[32m路[39m[33m[39m[32m路[39m[33m[39m[32m路[39m[33m[39m[31mx[39m[33m[39m[31mx[39m[33m[39m[31mx[39m[33m[39m[31mx[39m[33m[39m[31mx[39m[33m[39m[31mx[39m[33m[39m[32m路[39m[33m[39m[31mx[39m[33m[39m[32m路[39m[33m[39m[31mx[39m[33m[39m[31mx[39m[33m[39m[31mx[39m[33m[39m[31mx[39m[33m[39m[31mx[39m[33m[39m[31mx[39m[33m[39m[31mx[39m[33m[39m[31mx[39m[33m[39m[32m路[39m[33m[39m[31mx[39m[33m[39m[31mx[39m[90mstdout[2m | src/core/backend/backend.fsa.test.ts[2m > [22m[2mFSA 鐩綍鎵弿宓屽缁撴瀯锛堜繚鐣欑洰褰曞眰绾?+ 鍚屽悕涓嶈鐩栵級[2m > [22m[2m[adr-180] ScanModelDir 浠庢寔涔呭寲鍙ユ焺鑷姩閲嶆壂锛岃鐩栨棫濉岀缉 entry
[22m[39m[web-scan] ScanModelDir: 鑷姩鎭㈠鎸佷箙鍖栧彞鏌勫苟閲嶆壂

stderr | src/__tests__/virtual-skirt.build-cleanup.test.ts > VirtualSkirtController 鈥?P3a build 寮傚父娓呯悊 > addRigidBody 杩斿洖 false锛堥潪鎶涘紓甯革級鈫?build 杩斿洖 false 涓旀竻鐞嗗凡鍒嗛厤璧勬簮
[virtual-skirt] addRigidBody(segment) failed { worldId: 5, idx: 0 }

[90mstdout[2m | src/core/backend/backend.fsa.test.ts[2m > [22m[2mFSA 鐩綍鎵弿宓屽缁撴瀯锛堜繚鐣欑洰褰曞眰绾?+ 鍚屽悕涓嶈鐩栵級[2m > [22m[2m[adr-180] ScanModelDir 浠庢寔涔呭寲鍙ユ焺鑷姩閲嶆壂锛岃鐩栨棫濉岀缉 entry
[22m[39m[web-scan] 鐩綍 "(鏍?": 0 涓枃浠? 1 涓瓙鐩綍 [PMX]

[90mstdout[2m | src/core/backend/backend.fsa.test.ts[2m > [22m[2mFSA 鐩綍鎵弿宓屽缁撴瀯锛堜繚鐣欑洰褰曞眰绾?+ 鍚屽悕涓嶈鐩栵級[2m > [22m[2m[adr-180] ScanModelDir 浠庢寔涔呭寲鍙ユ焺鑷姩閲嶆壂锛岃鐩栨棫濉岀缉 entry
[22m[39m[web-scan] 鐩綍 "PMX": 1 涓枃浠? 0 涓瓙鐩綍 []

[33m[39m[32m路[39m[33m[39m[32m路[39m[90mstdout[2m | src/core/backend/backend.fsa.test.ts[2m > [22m[2mFSA 鐩綍鎵弿宓屽缁撴瀯锛堜繚鐣欑洰褰曞眰绾?+ 鍚屽悕涓嶈鐩栵級[2m > [22m[2m[adr-180] ScanModelDir 浠庢寔涔呭寲鍙ユ焺鑷姩閲嶆壂锛岃鐩栨棫濉岀缉 entry
[22m[39m[web-scan]   鍐欏叆 entry:miku 鈫?dir=web://selected-dir/PMX type=actor format=pmx

[90mstdout[2m | src/core/backend/backend.fsa.test.ts[2m > [22m[2mFSA 鐩綍鎵弿宓屽缁撴瀯锛堜繚鐣欑洰褰曞眰绾?+ 鍚屽悕涓嶈鐩栵級[2m > [22m[2m[adr-180] ScanModelDir 浠庢寔涔呭寲鍙ユ焺鑷姩閲嶆壂锛岃鐩栨棫濉岀缉 entry
[22m[39m[web-scan] _listModels: IDB 鍏?3 涓敭, 鍏朵腑 entry: 1 涓?
[90mstdout[2m | src/core/backend/backend.fsa.test.ts[2m > [22m[2mFSA 鐩綍鎵弿宓屽缁撴瀯锛堜繚鐣欑洰褰曞眰绾?+ 鍚屽悕涓嶈鐩栵級[2m > [22m[2m[adr-180] ScanModelDir 浠庢寔涔呭寲鍙ユ焺鑷姩閲嶆壂锛岃鐩栨棫濉岀缉 entry
[22m[39m[web-scan] _listModels: 杩斿洖 1 涓?ModelEntry

[33m[39m[31mx[39m[33m[39m[31mx[39m[33m[39m[31mx[39m[33m[39m[32m路[39m[33m[39m[31mx[39m[33m[39m[31mx[39m[33m[39m[31mx[39m[33m[39m[31mx[39m[33m[39m[31mx[39m[33m[39m[32m路[39m[33m[39m[32m路[39m[33m[39m[32m路[39m[33m[39m[32m路[39m[33m[39m[32m路[39m[33m[39m[32m路[39m[33m[39m[32m路[39m[33m[39m[32m路[39m[33m[39m[32m路[39m[33m[39m[32m路[39m[33m[39m[32m路[39m[33m[39m[32m路[39m[33m[39m[32m路[39m[33m[39m[32m路[39m[33m[39m[32m路[39m[33m[39m[32m路[39m[33m[39m[32m路[39m[33m[39m[32m路[39m[33m[39m[32m路[39m[33m[39m[32m路[39m[33m[39m[32m路[39m[33m[39m[32m路[39m[33m[39m[32m路[39m[33m[39m[32m路[39m[33m[39m[32m路[39m[33m[39m[32m路[39m[33m[39m[32m路[39m[33m[39m[32m路[39m[33m[39m[32m路[39m[33m[39m[32m路[39m[33m[39m[32m路[39m[33m[39m[32m路[39m[33m[39m[32m路[39m[90mstdout[2m | src/__tests__/scene/motion-modules-registry.snapshot.test.ts
[22m[39m[env-persist] debounce fired 鈫?SetEnvState()

[90mstdout[2m | src/__tests__/scene/motion-modules-registry.conflict.test.ts
[22m[39m[env-persist] debounce fired 鈫?SetEnvState()

[33m[39m[32m路[39m[33m[39m[32m路[39m[33m[39m[32m路[39m[33m[39m[32m路[39m[33m[39m[32m路[39m[33m[39m[32m路[39m[33m[39m[32m路[39m[33m[39m[32m路[39m[33m[39m[32m路[39m[33m[39m[32m路[39m[33m[39m[32m路[39m[33m[39m[32m路[39m[33m[39m[32m路[39m[33m[39m[32m路[39m[33m[39m[32m路[39m[33m[39m[32m路[39m[33m[39m[32m路[39m[33m[39m[32m路[39m[33m[39m[32m路[39m[33m[39m[32m路[39m[33m[39m[32m路[39m[33m[39m[32m路[39m[33m[39m[32m路[39m[33m[39m[32m路[39m[90mstdout[2m | src/__tests__/scene/motion-modules-registry.snapshot.test.ts
[22m[39m[env-persist] debounce fired 鈫?SetEnvState()

stderr | src/core/__tests__/drop-import.test.ts > handleDropFile 鐩存帴璋冪敤锛堣矾寰勫凡钀藉湴锛?[2m > zip + bytes 涓?ExtractZip 鎶涢敊 鈫?涓嶅穿婧冿紝涓嶈Е鍙?load
ImportZip failed: Error: zip boom
    at C:/Users/zhujieling11/MikuMikuAR/frontend/src/core/__tests__/drop-import.test.ts:168:46
    at file:///C:/Users/zhujieling11/MikuMikuAR/frontend/node_modules/@vitest/runner/dist/chunk-artifact.js:302:11
    at file:///C:/Users/zhujieling11/MikuMikuAR/frontend/node_modules/@vitest/runner/dist/chunk-artifact.js:1903:26
    at file:///C:/Users/zhujieling11/MikuMikuAR/frontend/node_modules/@vitest/runner/dist/chunk-artifact.js:2326:20
    at new Promise (<anonymous>)
    at runWithCancel (file:///C:/Users/zhujieling11/MikuMikuAR/frontend/node_modules/@vitest/runner/dist/chunk-artifact.js:2323:10)
    at file:///C:/Users/zhujieling11/MikuMikuAR/frontend/node_modules/@vitest/runner/dist/chunk-artifact.js:2305:20
    at new Promise (<anonymous>)
    at runWithTimeout (file:///C:/Users/zhujieling11/MikuMikuAR/frontend/node_modules/@vitest/runner/dist/chunk-artifact.js:2272:10)
    at file:///C:/Users/zhujieling11/MikuMikuAR/frontend/node_modules/@vitest/runner/dist/chunk-artifact.js:2955:64

stderr | src/core/__tests__/drop-import.test.ts > handleDropFile 鐩存帴璋冪敤锛堣矾寰勫凡钀藉湴锛?[2m > pmx 鍔犺浇鎶涢敊 鈫?涓嶅穿婧?loadManager actor failed: Error: pmx boom
    at C:/Users/zhujieling11/MikuMikuAR/frontend/src/core/__tests__/drop-import.test.ts:175:52
    at file:///C:/Users/zhujieling11/MikuMikuAR/frontend/node_modules/@vitest/runner/dist/chunk-artifact.js:302:11
    at file:///C:/Users/zhujieling11/MikuMikuAR/frontend/node_modules/@vitest/runner/dist/chunk-artifact.js:1903:26
    at file:///C:/Users/zhujieling11/MikuMikuAR/frontend/node_modules/@vitest/runner/dist/chunk-artifact.js:2326:20
    at new Promise (<anonymous>)
    at runWithCancel (file:///C:/Users/zhujieling11/MikuMikuAR/frontend/node_modules/@vitest/runner/dist/chunk-artifact.js:2323:10)
    at file:///C:/Users/zhujieling11/MikuMikuAR/frontend/node_modules/@vitest/runner/dist/chunk-artifact.js:2305:20
    at new Promise (<anonymous>)
    at runWithTimeout (file:///C:/Users/zhujieling11/MikuMikuAR/frontend/node_modules/@vitest/runner/dist/chunk-artifact.js:2272:10)
    at file:///C:/Users/zhujieling11/MikuMikuAR/frontend/node_modules/@vitest/runner/dist/chunk-artifact.js:2955:64

stderr | src/__tests__/scene/motion-pipeline.test.ts > MotionPipeline (ADR-147 Phase 1) > 鍗?layer 鎶涢敊涓嶄腑鏂悗缁眰锛堝紓甯搁殧绂伙紝ADR-147 瀹℃牳 P3锛?[MotionPipeline] layer "boom" run 鎶涢敊锛屽凡璺宠繃锛欵rror: layer failed

stderr | src/__tests__/mmd-adapter.native.test.ts > applyForceToModelRigidBodiesNative (P2 / ADR-201) > 瀹堝崼锛歸asm 瀹炰緥缂哄鍑?鈫?杩斿洖 0 骞朵粎璀﹀憡涓€娆★紙缁濅笉闈欓粯澶辨晥锛?[mmd-adapter] wasm 瀹炰緥缂哄皯 getMmdModelRigidBodyBundleLen / mmdModelRigidBodyApplyCentralForce 瀵煎嚭锛坆abylon-mmd 鏈惈 P2 琛ヤ竵锛夈€傞鍔涘皢涓嶄綔鐢ㄤ簬妯″瀷鍘熺敓鍒氫綋銆傛鏌?babylon-mmd 鏋勫缓鏄惁鍚?ADR-201銆?
[33m[39m[32m路[39m[33m[39m[32m路[39m[33m[39m[32m路[39m[33m[39m[32m路[39m[33m[39m[32m路[39m[33m[39m[32m路[39m[33m[39m[32m路[39m[33m[39m[32m路[39m[33m[39m[32m路[39m[33m[39m[32m路[39m[33m[39m[32m路[39m[33m[39m[32m路[39m[33m[39m[32m路[39m[33m[39m[32m路[39m[33m[39m[32m路[39m[33m[39m[32m路[39m[33m[39m[32m路[39m[33m[39m[32m路[39m[33m[39m[32m路[39m[33m[39m[32m路[39m[33m[39m[32m路[39m[33m[39m[32m路[39m[33m[39m[32m路[39m[33m[39m[32m路[39m[33m[39m[32m路[39m[33m[39m[32m路[39m[33m[39m[32m路[39m[33m[39m[32m路[39m[33m[39m[32m路[39m[33m[39m[32m路[39m[33m[39m[32m路[39m[33m[39m[32m路[39m[33m[39m[32m路[39m[33m[39m[32m路[39m[33m[39m[32m路[39m[33m[39m[32m路[39m[33m[39m[31mx[39m[33m[39m[31mx[39m[33m[39m[32m路[39m[33m[39m[32m路[39m[33m[39m[31mx[39m[33m[39m[31mx[39m[33m[39m[31mx[39m[33m[39m[31mx[39m[33m[39m[31mx[39m[33m[39m[31mx[39m[33m[39m[32m路[39m[33m[39m[32m路[39m[33m[39m[32m路[39m[33m[39m[32m路[39m[33m[39m[31mx[39m[33m[39m[31mx[39m[33m[39m[31mx[39m[33m[39m[32m路[39m[33m[39m[32m路[39m[33m[39m[32m路[39m[33m[39m[32m路[39m[33m[39m[32m路[39m[33m[39m[32m路[39m[33m[39m[32m路[39m[33m[39m[32m路[39m[33m[39m[32m路[39m[33m[39m[32m路[39m[33m[39m[32m路[39m[33m[39m[32m路[39m[33m[39m[32m路[39m[33m[39m[32m路[39m[33m[39m[32m路[39m[33m[39m[32m路[39m[33m[39m[32m路[39m[33m[39m[32m路[39m[33m[39m[32m路[39m[33m[39m[32m路[39m[33m[39m[32m路[39m[33m[39m[32m路[39m[33m[39m[32m路[39m[33m[39m[32m路[39m[33m[39m[32m路[39m[33m[39m[32m路[39m[33m[39m[32m路[39m[33m[39m[32m路[39m[33m[39m[32m路[39m[33m[39m[32m路[39m[33m[39m[32m路[39m[33m[39m[32m路[39m[33m[39m[32m路[39m[33m[39m[32m路[39m[33m[39m[32m路[39m[33m[39m[32m路[39m[33m[39m[32m路[39m[33m[39m[32m路[39m[33m[39m[32m路[39m[33m[39m[32m路[39m[33m[39m[32m路[39m[33m[39m[32m路[39m[33m[39m[32m路[39m[33m[39m[32m路[39m[33m[39m[32m路[39m[33m[39m[32m路[39m[33m[39m[32m路[39m[33m[39m[32m路[39m[33m[39m[32m路[39m[33m[39m[32m路[39m[33m[39m[32m路[39m[33m[39m[32m路[39m[33m[39m[32m路[39m[33m[39m[32m路[39m[33m[39m[32m路[39m[33m[39m[32m路[39m[33m[39m[32m路[39m[33m[39m[32m路[39m[33m[39m[32m路[39m[33m[39m[32m路[39m[33m[39m[32m路[39m[33m[39m[32m路[39m[33m[39m[32m路[39m[33m[39m[32m路[39m[33m[39m[32m路[39m[33m[39m[32m路[39m[33m[39m[32m路[39m[33m[39m[32m路[39m[33m[39m[32m路[39m[33m[39m[32m路[39m[33m[39m[32m路[39m[33m[39m[32m路[39m[33m[39m[32m路[39m[33m[39m[32m路[39m[33m[39m[32m路[39m[33m[39m[32m路[39m[33m[39m[32m路[39m[33m[39m[32m路[39m[33m[39m[32m路[39m[33m[39m[32m路[39m[33m[39m[32m路[39m[33m[39m[32m路[39m[33m[39m[32m路[39m[33m[39m[32m路[39m[33m[39m[32m路[39m[33m[39m[32m路[39m[33m[39m[32m路[39m[33m[39m[32m路[39m[33m[39m[32m路[39m[33m[39m[32m路[39m[33m[39m[32m路[39m[33m[39m[32m路[39m[33m[39m[32m路[39m[33m[39m[32m路[39m[33m[39m[32m路[39m[33m[39m[32m路[39m[33m[39m[32m路[39m[33m[39m[32m路[39m[33m[39m[32m路[39m[33m[39m[32m路[39m[33m[39m[32m路[39m[33m[39m[32m路[39m[33m[39m[32m路[39m[33m[39m[32m路[39m[33m[39m[31mx[39m[33m[39m[32m路[39m[33m[39m[31mx[39m[33m[39m[31mx[39m[33m[39m[31mx[39m[33m[39m[31mx[39m[33m[39m[31mx[39m[33m[39m[31mx[39m[33m[39m[31mx[39m[33m[39m[31mx[39m[33m[39m[31mx[39m[33m[39m[31mx[39m[33m[39m[31mx[39m[33m[39m[31mx[39m[33m[39m[31mx[39m[33m[39m[31mx[39m[33m[39m[31mx[39m[33m[39m[32m路[39m[33m[39m[32m路[39m[33m[39m[31mx[39m[33m[39m[32m路[39m[33m[39m[32m路[39m[33m[39m[32m路[39m[33m[39m[32m路[39m[33m[39m[32m路[39m[33m[39m[32m路[39m[33m[39m[32m路[39m[33m[39m[32m路[39m[33m[39m[32m路[39m[33m[39m[32m路[39m[33m[39m[32m路[39m[33m[39m[32m路[39m[33m[39m[32m路[39m[33m[39m[32m路[39m[33m[39m[32m路[39m[33m[39m[32m路[39m[33m[39m[32m路[39m[33m[39m[32m路[39m[33m[39m[32m路[39m[33m[39m[32m路[39m[33m[39m[32m路[39m[33m[39m[32m路[39m[33m[39m[32m路[39m[33m[39m[32m路[39m[33m[39m[32m路[39m[33m[39m[32m路[39m[33m[39m[32m路[39m[33m[39m[32m路[39m[33m[39m[32m路[39m[33m[39m[32m路[39m[33m[39m[32m路[39m[33m[39m[32m路[39m[33m[39m[32m路[39m[33m[39m[32m路[39m[33m[39m[32m路[39m[33m[39m[32m路[39m[33m[39m[32m路[39m[33m[39m[32m路[39m[33m[39m[32m路[39m[33m[39m[32m路[39m[33m[39m[32m路[39m[33m[39m[32m路[39m[33m[39m[32m路[39m[33m[39m[32m路[39m[33m[39m[32m路[39m[33m[39m[32m路[39m[33m[39m[32m路[39m[33m[39m[32m路[39m[33m[39m[32m路[39m[33m[39m[32m路[39m[33m[39m[32m路[39m[33m[39m[32m路[39m[33m[39m[32m路[39m[33m[39m[32m路[39m[33m[39m[32m路[39m[33m[39m[32m路[39m[33m[39m[32m路[39m[33m[39m[32m路[39m[33m[39m[32m路[39m[33m[39m[32m路[39m[33m[39m[32m路[39m[33m[39m[32m路[39m[33m[39m[32m路[39m[33m[39m[32m路[39m[33m[39m[32m路[39m[33m[39m[32m路[39m[33m[39m[32m路[39m[33m[39m[32m路[39m[33m[39m[32m路[39m[33m[39m[32m路[39m[33m[39m[32m路[39m[33m[39m[32m路[39m[33m[39m[32m路[39m[33m[39m[32m路[39m[33m[39m[32m路[39m[33m[39m[32m路[39m[33m[39m[31mx[39m[33m[39m[31mx[39m[33m[39m[31mx[39m[33m[39m[31mx[39m[33m[39m[32m路[39m[33m[39m[31mx[39m[33m[39m[32m路[39m[33m[39m[32m路[39m[33m[39m[32m路[39m[33m[39m[32m路[39m[33m[39m[32m路[39m[33m[39m[32m路[39m[33m[39m[32m路[39m[33m[39m[32m路[39m[33m[39m[32m路[39m[33m[39m[32m路[39m[33m[39m[32m路[39m[33m[39m[32m路[39m[33m[39m[32m路[39m[33m[39m[32m路[39m[33m[39m[32m路[39m[33m[39m[32m路[39m[33m[39m[32m路[39m[33m[39m[32m路[39m[33m[39m[32m路[39m[33m[39m[32m路[39m[33m[39m[32m路[39m[33m[39m[32m路[39m[33m[39m[32m路[39m[33m[39m[32m路[39m[33m[39m[32m路[39m[33m[39m[32m路[39m[33m[39m[32m路[39m[33m[39m[32m路[39m[33m[39m[32m路[39m[33m[39m[32m路[39m[33m[39m[32m路[39m[33m[39m[32m路[39m[33m[39m[32m路[39m[33m[39m[32m路[39m[33m[39m[32m路[39m[33m[39m[32m路[39m[33m[39m[32m路[39m[33m[39m[32m路[39m[33m[39m[32m路[39m[33m[39m[32m路[39m[33m[39m[32m路[39m[33m[39m[32m路[39m[33m[39m[32m路[39m[33m[39m[32m路[39m[33m[39m[32m路[39m[33m[39m[32m路[39m[33m[39m[32m路[39m[33m[39m[32m路[39m[33m[39m[32m路[39m[33m[39m[32m路[39m[33m[39m[32m路[39m[33m[39m[32m路[39m[33m[39m[32m路[39m[33m[39m[32m路[39m[33m[39m[31mx[39m[33m[39m[32m路[39m[33m[39m[32m路[39m[33m[39m[32m路[39m[33m[39m[32m路[39m[33m[39m[32m路[39m[33m[39m[32m路[39m[33m[39m[32m路[39m[33m[39m[32m路[39m[33m[39m[32m路[39m[33m[39m[32m路[39m[33m[39m[32m路[39m[33m[39m[32m路[39m[33m[39m[32m路[39m[33m[39m[32m路[39m[33m[39m[32m路[39m[33m[39m[32m路[39m[33m[39m[32m路[39m[33m[39m[32m路[39m[33m[39m[32m路[39m[33m[39m[32m路[39m[33m[39m[32m路[39m[33m[39m[32m路[39m[33m[39m[32m路[39m[33m[39m[32m路[39m[33m[39m[32m路[39m[33m[39m[32m路[39m[33m[39m[32m路[39m[33m[39m[32m路[39m[33m[39m[32m路[39m[33m[39m[32m路[39m[33m[39m[32m路[39m[33m[39m[32m路[39m[33m[39m[32m路[39m[33m[39m[32m路[39m[33m[39m[32m路[39m[33m[39m[32m路[39m[33m[39m[32m路[39m[33m[39m[32m路[39m[33m[39m[32m路[39m[33m[39m[32m路[39m[33m[39m[32m路[39m[33m[39m[32m路[39m[33m[39m[32m路[39m[33m[39m[32m路[39m[33m[39m[32m路[39m[33m[39m[32m路[39m[33m[39m[32m路[39m[33m[39m[32m路[39m[33m[39m[32m路[39m[33m[39m[31mx[39m[33m[39m[31mx[39m[33m[39m[31mx[39m[33m[39m[31mx[39m[33m[39m[31mx[39m[33m[39m[31mx[39m[33m[39m[32m路[39m[33m[39m[32m路[39m[33m[39m[32m路[39m[33m[39m[32m路[39m[33m[39m[32m路[39m[33m[39m[32m路[39m[33m[39m[32m路[39m[33m[39m[32m路[39m[33m[39m[32m路[39m[33m[39m[31mx[39m[33m[39m[32m路[39m[33m[39m[32m路[39m[33m[39m[32m路[39m[33m[39m[32m路[39m[33m[39m[32m路[39m[33m[39m[32m路[39m[33m[39m[32m路[39m[33m[39m[32m路[39m[33m[39m[32m路[39m[90mstdout[2m | src/__tests__/material-editor.state.test.ts
[22m[39m[ui-persist] flushUIState() 鈥?immediate flush

[90mstdout[2m | src/__tests__/material-editor.state.test.ts
[22m[39m[env-persist] debounce fired 鈫?SetEnvState()

stderr | src/__tests__/mmd-adapter.contract.test.ts > MmdAdapter 鈥?babylon-mmd 绉佹湁瀛楁缃戝叧锛圓DR-192锛?[2m > applyForceToModelRigidBodies锛堟潯鐩?鈥?ADR-200 瀹堝崼寮忓弽灏勬柦鍔涳級 > _physicsModel 缂哄け鏃惰繑鍥?0锛堥檷绾э紝涓嶆姏寮傚父锛?[mmd-adapter] MmdWasmModel._physicsModel._bundle 缂哄け锛堝彲鑳藉凡琚?babylon-mmd 閲嶅懡鍚嶏紝鎴栨ā鍨嬫湭鏋勫缓鐗╃悊锛夈€傞鍔涘皢涓嶄綔鐢ㄤ簬妯″瀷鍘熺敓鍒氫綋銆傛鏌?babylon-mmd 鐗堟湰鍏煎鎬?
stderr | src/__tests__/mmd-adapter.contract.test.ts > MmdAdapter 鈥?babylon-mmd 绉佹湁瀛楁缃戝叧锛圓DR-192锛?[2m > getStreamAudio > audio 缂哄け鏃惰繑鍥?null锛堥檷绾э級
[mmd-adapter] StreamAudioPlayer.audio 缂哄け锛坧ostinstall patch 鏈敓鏁堟垨涓婃父绉婚櫎锛夈€傞煶棰?WebAudio 澶勭悊锛坒ade/beat/ended锛夊皢闄嶇骇銆傛鏌?apply-vendored-wasm.mjs 涓?babylon-mmd 鐗堟湰鍏煎鎬?
stderr | src/__tests__/goerr.test.ts > translateGoError [doc:adr-117] > falls back to embedded Chinese msg when code is unknown
[i18n] missing key "goerr.software.totallyUnknown" for "en" 鈥?key not in any bundle (typo?)

[33m[39m[31mx[39m[33m[39m[31mx[39m[33m[39m[31mx[39m[33m[39m[32m路[39m[33m[39m[32m路[39m[33m[39m[32m路[39m[33m[39m[32m路[39m[33m[39m[32m路[39m[33m[39m[32m路[39m[33m[39m[32m路[39m[33m[39m[32m路[39m[33m[39m[32m路[39m[33m[39m[32m路[39m[33m[39m[32m路[39m[33m[39m[32m路[39m[33m[39m[32m路[39m[33m[39m[32m路[39m[33m[39m[32m路[39m[33m[39m[32m路[39m[33m[39m[32m路[39m[33m[39m[32m路[39m[33m[39m[32m路[39m[33m[39m[32m路[39m[33m[39m[32m路[39m[33m[39m[32m路[39m[33m[39m[32m路[39m[33m[39m[32m路[39m[33m[39m[32m路[39m[33m[39m[32m路[39m[33m[39m[32m路[39m[33m[39m[32m路[39m[33m[39m[32m路[39m[33m[39m[32m路[39m[33m[39m[32m路[39m[33m[39m[32m路[39m[33m[39m[32m路[39m[33m[39m[32m路[39m[33m[39m[32m路[39m[33m[39m[32m路[39m[33m[39m[32m路[39m[33m[39m[32m路[39m[33m[39m[32m路[39m[33m[39m[32m路[39m[33m[39m[32m路[39m[33m[39m[32m路[39m[33m[39m[32m路[39m[33m[39m[32m路[39m[33m[39m[32m路[39m[33m[39m[32m路[39m[33m[39m[32m路[39m[33m[39m[32m路[39m[33m[39m[32m路[39m[33m[39m[32m路[39m[33m[39m[32m路[39m[33m[39m[32m路[39m[33m[39m[32m路[39m[33m[39m[32m路[39m[33m[39m[32m路[39m[33m[39m[32m路[39m[33m[39m[32m路[39m[33m[39m[32m路[39m[33m[39m[32m路[39m[33m[39m[32m路[39m[33m[39m[32m路[39m[33m[39m[32m路[39m[33m[39m[32m路[39m[33m[39m[32m路[39m[33m[39m[32m路[39m[33m[39m[32m路[39m[33m[39m[32m路[39m[33m[39m[32m路[39m[33m[39m[32m路[39m[33m[39m[32m路[39m[33m[39m[32m路[39m[33m[39m[32m路[39m[33m[39m[32m路[39m[33m[39m[32m路[39m[33m[39m[32m路[39m[33m[39m[32m路[39m[33m[39m[32m路[39m[33m[39m[32m路[39m[33m[39m[32m路[39m[33m[39m[32m路[39m[33m[39m[32m路[39m[33m[39m[32m路[39m[33m[39m[32m路[39m[33m[39m[32m路[39m[33m[39m[32m路[39m[33m[39m[32m路[39m[33m[39m[32m路[39m[33m[39m[32m路[39m[33m[39m[32m路[39m[33m[39m[32m路[39m[33m[39m[32m路[39m[33m[39m[32m路[39m[33m[39m[32m路[39m[33m[39m[32m路[39m[33m[39m[32m路[39m[33m[39m[32m路[39m[33m[39m[32m路[39m[33m[39m[32m路[39m[33m[39m[32m路[39m[33m[39m[32m路[39m[33m[39m[32m路[39m[33m[39m[32m路[39m[33m[39m[32m路[39m[33m[39m[32m路[39m[33m[39m[32m路[39m[33m[39m[32m路[39m[33m[39m[32m路[39m[33m[39m[32m路[39m[33m[39m[32m路[39m[33m[39m[32m路[39m[33m[39m[32m路[39m[33m[39m[31mx[39m[33m[39m[31mx[39m[33m[39m[31mx[39m[33m[39m[31mx[39m[33m[39m[31mx[39m[33m[39m[31mx[39m[33m[39m[31mx[39m[33m[39m[31mx[39m[33m[39m[31mx[39m[33m[39m[32m路[39m[33m[39m[32m路[39m[33m[39m[32m路[39m[33m[39m[32m路[39m[33m[39m[32m路[39m[33m[39m[32m路[39m[33m[39m[32m路[39m[33m[39m[32m路[39m[33m[39m[32m路[39m[33m[39m[31mx[39m[33m[39m[31mx[39m[33m[39m[31mx[39m[33m[39m[31mx[39m[33m[39m[31mx[39m[33m[39m[31mx[39m[33m[39m[31mx[39m[33m[39m[31mx[39m[33m[39m[31mx[39m[33m[39m[32m路[39m[33m[39m[32m路[39m[33m[39m[32m路[39m[33m[39m[32m路[39m[33m[39m[32m路[39m[33m[39m[32m路[39m[33m[39m[32m路[39m[33m[39m[32m路[39m[33m[39m[32m路[39m[33m[39m[32m路[39m[33m[39m[32m路[39m[33m[39m[32m路[39m[33m[39m[32m路[39m[33m[39m[32m路[39m[33m[39m[32m路[39m[33m[39m[32m路[39m[33m[39m[32m路[39m[33m[39m[32m路[39m[33m[39m[32m路[39m[33m[39m[32m路[39m[33m[39m[32m路[39m[33m[39m[32m路[39m[33m[39m[32m路[39m[33m[39m[32m路[39m[33m[39m[32m路[39m[33m[39m[32m路[39m[33m[39m[32m路[39m[33m[39m[32m路[39m[33m[39m[32m路[39m[33m[39m[32m路[39m[33m[39m[32m路[39m[33m[39m[32m路[39m[33m[39m[32m路[39m[33m[39m[32m路[39m[33m[39m[32m路[39m[33m[39m[32m路[39m[33m[39m[32m路[39m[33m[39m[32m路[39m[33m[39m[32m路[39m[33m[39m[32m路[39m[33m[39m[32m路[39m[33m[39m[32m路[39m[33m[39m[31mx[39m[33m[39m[31mx[39m[33m[39m[31mx[39m[33m[39m[31mx[39m[33m[39m[31mx[39m[33m[39m[31mx[39m[33m[39m[31mx[39m[33m[39m[31mx[39m[33m[39m[31mx[39m[33m[39m[31mx[39m[33m[39m[31mx[39m[33m[39m[32m路[39m[33m[39m[32m路[39m[33m[39m[32m路[39m[33m[39m[32m路[39m[33m[39m[32m路[39m[33m[39m[32m路[39m[33m[39m[32m路[39m[33m[39m[32m路[39m[33m[39m[32m路[39m[33m[39m[32m路[39m[33m[39m[32m路[39m[33m[39m[32m路[39m[33m[39m[32m路[39m[33m[39m[32m路[39m[33m[39m[32m路[39m[33m[39m[31mx[39m[33m[39m[31mx[39m[33m[39m[31mx[39m[33m[39m[31mx[39m[33m[39m[32m路[39m[33m[39m[32m路[39m[33m[39m[32m路[39m[33m[39m[32m路[39m[33m[39m[31mx[39m[33m[39m[32m路[39m[33m[39m[31mx[39m[33m[39m[32m路[39m[33m[39m[32m路[39m[33m[39m[32m路[39m[33m[39m[32m路[39m[33m[39m[32m路[39m[33m[39m[32m路[39m[33m[39m[32m路[39m[33m[39m[32m路[39m[33m[39m[32m路[39m[33m[39m[32m路[39m[33m[39m[32m路[39m[33m[39m[32m路[39m[33m[39m[32m路[39m[33m[39m[32m路[39m[33m[39m[32m路[39m[33m[39m[31mx[39m[33m[39m[31mx[39m[33m[39m[31mx[39m[33m[39m[31mx[39m[33m[39m[31mx[39m[33m[39m[31mx[39m[33m[39m[31mx[39m[33m[39m[31mx[39m[33m[39m[31mx[39m[33m[39m[32m路[39m[33m[39m[32m路[39m[33m[39m[32m路[39m[33m[39m[32m路[39m[33m[39m[32m路[39m[33m[39m[32m路[39m[33m[39m[32m路[39m[33m[39m[32m路[39m[33m[39m[32m路[39m[33m[39m[32m路[39m[33m[39m[32m路[39m[33m[39m[32m路[39m[33m[39m[32m路[39m[33m[39m[32m路[39m[33m[39m[32m路[39m[33m[39m[32m路[39m[33m[39m[32m路[39m[33m[39m[32m路[39m[33m[39m[32m路[39m[33m[39m[32m路[39m[33m[39m[32m路[39m[33m[39m[32m路[39m[33m[39m[32m路[39m[33m[39m[32m路[39m[33m[39m[32m路[39m[33m[39m[32m路[39m[33m[39m[32m路[39m[33m[39m[32m路[39m[33m[39m[32m路[39m[33m[39m[32m路[39m[33m[39m[32m路[39m[33m[39m[32m路[39m[33m[39m[32m路[39m[33m[39m[32m路[39m[33m[39m[32m路[39m[33m[39m[32m路[39m[33m[39m[32m路[39m[33m[39m[32m路[39m[33m[39m[32m路[39m[33m[39m[32m路[39m[33m[39m[32m路[39m[33m[39m[32m路[39m[33m[39m[32m路[39m[33m[39m[32m路[39m[33m[39m[32m路[39m[33m[39m[32m路[39m[33m[39m[32m路[39m[33m[39m[32m路[39m[33m[39m[32m路[39m[33m[39m[32m路[39m[33m[39m[32m路[39m[33m[39m[32m路[39m[33m[39m[32m路[39m[33m[39m[32m路[39m[33m[39m[32m路[39m[33m[39m[32m路[39m[33m[39m[32m路[39m[33m[39m[32m路[39m[33m[39m[32m路[39m[33m[39m[32m路[39m[33m[39m[32m路[39m[33m[39m[32m路[39m[33m[39m[32m路[39m[33m[39m[32m路[39m[33m[39m[32m路[39m[33m[39m[32m路[39m[33m[39m[32m路[39m[33m[39m[32m路[39m[33m[39m[32m路[39m[33m[39m[32m路[39m[33m[39m[32m路[39m[33m[39m[32m路[39m[33m[39m[32m路[39m[33m[39m[32m路[39m[33m[39m[32m路[39m[33m[39m[32m路[39m[33m[39m[32m路[39m[33m[39m[32m路[39m[33m[39m[32m路[39m[33m[39m[32m路[39m[33m[39m[31mx[39m[33m[39m[31mx[39m[33m[39m[31mx[39m[33m[39m[31mx[39m[33m[39m[31mx[39m[33m[39m[32m路[39m[33m[39m[31mx[39m[33m[39m[31mx[39m[33m[39m[31mx[39m[33m[39m[32m路[39m[33m[39m[31mx[39m[33m[39m[32m路[39m[33m[39m[32m路[39m[33m[39m[31mx[39m[33m[39m[32m路[39m[33m[39m[32m路[39m[90mstdout[2m | src/__tests__/scene/motion-modules-registry.disable.test.ts[2m > [22m[2mdisable 绮剧‘娓呴櫎锛圥2-1锛?[2m > [22m[2mdisable 浠呮竻 ownedBones锛屼笉璇激鎵嬪姩瑕嗙洊
[22m[39m[bone-override] _getOverrideMap 棣栨涓烘ā鍨嬪垱寤鸿鐩栫储寮?{"modelId":"m1","existingModels":["m1"]}

stderr | src/__tests__/scene/scene-serialize-undo.test.ts > offerSceneUndo 鈥?瀹堝崼涓?toast 鎺ョ嚎 > snap 鏈夋晥鏃跺脊鍑哄甫銆屾挙閿€銆嶅姩浣滅殑 info toast锛?s锛?[i18n] key "toast.undo" not found in zh-CN base bundle 鈥?possible typo

stderr | src/__tests__/scene/env-water.test.ts > Water 娉㈡柟鍚?鈥?褰掍竴鍖?[2m > 闆堕鍚戞椂鍥為€€鍒伴粯璁ゆ柟鍚?[0,0,1]锛堜笉鎶涢敊锛?[env-water] 闆堕鍚戯紝鍥為€€鍒伴粯璁ゆ柟鍚?[0,0,1]

stderr | src/__tests__/menu/register-popup.test.ts > registerPopupMenu 鈥?鐢熷懡鍛ㄦ湡 > refreshRoot 鏇存柊鏍圭骇 items
[i18n] key "menu.noHint" not found in zh-CN base bundle 鈥?possible typo

[33m[39m[31mx[39m[33m[39m[31mx[39m[33m[39m[31mx[39m[33m[39m[31mx[39m[33m[39m[32m路[39m[33m[39m[32m路[39m[33m[39m[32m路[39m[33m[39m[32m路[39m[33m[39m[32m路[39m[33m[39m[32m路[39m[33m[39m[32m路[39m[33m[39m[32m路[39m[33m[39m[32m路[39m[33m[39m[32m路[39m[33m[39m[32m路[39m[33m[39m[32m路[39m[33m[39m[32m路[39m[33m[39m[32m路[39m[33m[39m[32m路[39m[33m[39m[32m路[39m[33m[39m[32m路[39m[33m[39m[32m路[39m[33m[39m[32m路[39m[33m[39m[32m路[39m[33m[39m[32m路[39m[33m[39m[32m路[39m[33m[39m[32m路[39m[33m[39m[32m路[39m[33m[39m[32m路[39m[33m[39m[32m路[39m[33m[39m[32m路[39m[33m[39m[32m路[39m[33m[39m[32m路[39m[33m[39m[32m路[39m[33m[39m[32m路[39m[33m[39m[32m路[39m[33m[39m[32m路[39m[33m[39m[32m路[39m[33m[39m[32m路[39m[33m[39m[32m路[39m[33m[39m[32m路[39m[33m[39m[32m路[39m[33m[39m[32m路[39m[33m[39m[32m路[39m[33m[39m[32m路[39m[33m[39m[32m路[39m[33m[39m[32m路[39m[33m[39m[32m路[39m[33m[39m[32m路[39m[33m[39m[32m路[39m[33m[39m[32m路[39m[33m[39m[32m路[39m[33m[39m[32m路[39m[33m[39m[32m路[39m[33m[39m[32m路[39m[33m[39m[32m路[39m[33m[39m[32m路[39m[33m[39m[32m路[39m[33m[39m[32m路[39m[33m[39m[32m路[39m[33m[39m[32m路[39m[33m[39m[32m路[39m[33m[39m[32m路[39m[33m[39m[32m路[39m[33m[39m[32m路[39m[33m[39m[32m路[39m[33m[39m[32m路[39m[33m[39m[32m路[39m[33m[39m[31mx[39m[33m[39m[31mx[39m[33m[39m[32m路[39m[33m[39m[32m路[39m[33m[39m[32m路[39m[33m[39m[32m路[39m[33m[39m[32m路[39m[33m[39m[32m路[39m[33m[39m[32m路[39m[33m[39m[32m路[39m[33m[39m[32m路[39m[33m[39m[32m路[39m[33m[39m[32m路[39m[33m[39m[32m路[39m[33m[39m[32m路[39m[33m[39m[32m路[39m[33m[39m[32m路[39m[33m[39m[32m路[39m[33m[39m[32m路[39m[33m[39m[32m路[39m[33m[39m[32m路[39m[33m[39m[32m路[39m[33m[39m[32m路[39m[33m[39m[32m路[39m[33m[39m[32m路[39m[33m[39m[32m路[39m[33m[39m[32m路[39m[33m[39m[32m路[39m[33m[39m[32m路[39m[33m[39m[31mx[39m[33m[39m[31mx[39m[33m[39m[32m路[39m[33m[39m[32m路[39m[33m[39m[32m路[39m[33m[39m[32m路[39m[33m[39m[32m路[39m[33m[39m[32m路[39m[33m[39m[32m路[39m[33m[39m[32m路[39m[33m[39m[32m路[39m[33m[39m[32m路[39m[33m[39m[32m路[39m[33m[39m[32m路[39m[33m[39m[32m路[39m[33m[39m[32m路[39m[33m[39m[32m路[39m[33m[39m[32m路[39m[33m[39m[32m路[39m[33m[39m[32m路[39m[33m[39m[32m路[39m[33m[39m[32m路[39m[33m[39m[32m路[39m[33m[39m[32m路[39m[33m[39m[32m路[39m[33m[39m[32m路[39m[33m[39m[32m路[39m[33m[39m[32m路[39m[33m[39m[32m路[39m[33m[39m[32m路[39m[33m[39m[32m路[39m[33m[39m[32m路[39m[33m[39m[32m路[39m[33m[39m[32m路[39m[33m[39m[32m路[39m[33m[39m[32m路[39m[33m[39m[32m路[39m[33m[39m[32m路[39m[33m[39m[32m路[39m[33m[39m[32m路[39m[33m[39m[32m路[39m[33m[39m[32m路[39m[33m[39m[32m路[39m[33m[39m[32m路[39m[33m[39m[32m路[39m[33m[39m[32m路[39m[33m[39m[32m路[39m[33m[39m[32m路[39m[33m[39m[32m路[39m[33m[39m[32m路[39m[33m[39m[32m路[39m[33m[39m[32m路[39m[33m[39m[32m路[39m[33m[39m[32m路[39m[33m[39m[32m路[39m[33m[39m[32m路[39m[33m[39m[32m路[39m[33m[39m[32m路[39m[33m[39m[32m路[39m[33m[39m[32m路[39m[33m[39m[32m路[39m[33m[39m[31mx[39m[33m[39m[31mx[39m[33m[39m[31mx[39m[33m[39m[31mx[39m[33m[39m[32m路[39m[33m[39m[31mx[39m[33m[39m[32m路[39m[33m[39m[32m路[39m[33m[39m[31mx[39m[33m[39m[31mx[39m[33m[39m[32m路[39m[33m[39m[31mx[39m[33m[39m[31mx[39m[33m[39m[32m路[39m[33m[39m[32m路[39m[33m[39m[32m路[39m[33m[39m[32m路[39m[33m[39m[32m路[39m[33m[39m[32m路[39m[33m[39m[32m路[39m[33m[39m[32m路[39m[33m[39m[32m路[39m[33m[39m[32m路[39m[33m[39m[32m路[39m[33m[39m[32m路[39m[33m[39m[32m路[39m[33m[39m[32m路[39m[33m[39m[32m路[39m[33m[39m[32m路[39m[33m[39m[32m路[39m[33m[39m[32m路[39m[33m[39m[32m路[39m[33m[39m[32m路[39m[33m[39m[32m路[39m[33m[39m[32m路[39m[33m[39m[32m路[39m[33m[39m[32m路[39m[33m[39m[32m路[39m[33m[39m[32m路[39m[33m[39m[32m路[39m[33m[39m[32m路[39m[33m[39m[32m路[39m[33m[39m[32m路[39m[33m[39m[32m路[39m[33m[39m[32m路[39m[33m[39m[32m路[39m[33m[39m[32m路[39m[33m[39m[32m路[39m[33m[39m[32m路[39m[33m[39m[31mx[39m[33m[39m[32m路[39m[33m[39m[32m路[39m[33m[39m[32m路[39m[33m[39m[32m路[39m[33m[39m[32m路[39m[33m[39m[32m路[39m[33m[39m[32m路[39m[33m[39m[32m路[39m[33m[39m[32m路[39m[33m[39m[32m路[39m[33m[39m[32m路[39m[33m[39m[32m路[39m[33m[39m[32m路[39m[33m[39m[32m路[39m[33m[39m[32m路[39m[33m[39m[32m路[39m[33m[39m[32m路[39m[33m[39m[32m路[39m[33m[39m[32m路[39m[33m[39m[32m路[39m[33m[39m[32m路[39m[33m[39m[32m路[39m[33m[39m[32m路[39m[33m[39m[32m路[39m[33m[39m[32m路[39m[33m[39m[32m路[39m[33m[39m[32m路[39m[33m[39m[32m路[39m[33m[39m[32m路[39m[33m[39m[32m路[39m[33m[39m[32m路[39m[33m[39m[32m路[39m[33m[39m[32m路[39m[33m[39m[32m路[39m[33m[39m[32m路[39m[33m[39m[32m路[39m[33m[39m[32m路[39m[33m[39m[32m路[39m[33m[39m[32m路[39m[33m[39m[32m路[39m[33m[39m[32m路[39m[33m[39m[32m路[39m[33m[39m[32m路[39m[33m[39m[32m路[39m[33m[39m[32m路[39m[33m[39m[32m路[39m[33m[39m[32m路[39m[33m[39m[32m路[39m[33m[39m[32m路[39m[33m[39m[32m路[39m[33m[39m[32m路[39m[33m[39m[32m路[39m[33m[39m[32m路[39m[33m[39m[32m路[39m[33m[39m[32m路[39m[33m[39m[32m路[39m[33m[39m[32m路[39m[33m[39m[32m路[39m[33m[39m[32m路[39m[33m[39m[32m路[39m[33m[39m[32m路[39m[33m[39m[32m路[39m[33m[39m[32m路[39m[33m[39m[32m路[39m[33m[39m[31mx[39m[33m[39m[31mx[39m[33m[39m[31mx[39m[33m[39m[31mx[39m[33m[39m[32m路[39m[33m[39m[32m路[39m[33m[39m[31mx[39m[33m[39m[31mx[39m[33m[39m[32m路[39m[33m[39m[32m路[39m

鈳幆鈳幆鈳幆 Failed Suites 4 鈳幆鈳幆鈳幆鈳?[39m

 FAIL  src/__tests__/library-core.model-to-resource.test.ts [ src/__tests__/library-core.model-to-resource.test.ts ]
TypeError: el.addEventListener is not a function
 鉂?[22m addDisposableListener src/core/dom.ts:74:8
     72|     options?: AddEventListenerOptions
     73| ): Disposable {
     74|     el.addEventListener(event, handler, options);
       |        ^
     75|     return {
     76|         dispose(): void {
 鉂?[22m registerLibraryScannedHook src/core/load-refresh-registry.ts:61:9
 鉂?[22m src/menus/motion-popup.ts:64:35
 鉂?[22m src/menus/motion-cloth-levels.ts:15:1

鈳幆鈳幆鈳幆鈳幆鈳幆鈳幆鈳幆鈳幆鈳幆鈳幆鈳幆[1/238]鈳?[22m

 FAIL  src/__tests__/library-core.model-to-row.test.ts [ src/__tests__/library-core.model-to-row.test.ts ]
ReferenceError: window is not defined
 鉂?[22m src/scene/scene-serialize.ts:1428:5
    1426|         }
    1427|     });
    1428|     window.addEventListener('beforeunload', () => {
       |     ^
    1429|         cleanupAndFlushSave();
    1430|         // 浠呭湪搴旂敤鐪熸閫€鍑烘椂閲婃斁 WebGL context锛圙PU 鍐呭瓨鍥炴敹锛?[39m
 鉂?[22m src/core/action-defs/motion-actions.ts:8:1
 鉂?[22m src/menus/motion-popup.ts:9:1

鈳幆鈳幆鈳幆鈳幆鈳幆鈳幆鈳幆鈳幆鈳幆鈳幆鈳幆[2/238]鈳?[22m

 FAIL  src/__tests__/library-core.path-boundary.test.ts [ src/__tests__/library-core.path-boundary.test.ts ]
TypeError: window.addEventListener is not a function
 鉂?[22m src/scene/scene-serialize.ts:1428:12
    1426|         }
    1427|     });
    1428|     window.addEventListener('beforeunload', () => {
       |            ^
    1429|         cleanupAndFlushSave();
    1430|         // 浠呭湪搴旂敤鐪熸閫€鍑烘椂閲婃斁 WebGL context锛圙PU 鍐呭瓨鍥炴敹锛?[39m
 鉂?[22m src/core/action-defs/motion-actions.ts:8:1
 鉂?[22m src/menus/motion-popup.ts:9:1

鈳幆鈳幆鈳幆鈳幆鈳幆鈳幆鈳幆鈳幆鈳幆鈳幆鈳幆[3/238]鈳?[22m

 FAIL  src/__tests__/model-preset.stopvmd.test.ts [ src/__tests__/model-preset.stopvmd.test.ts ]
TypeError: window.addEventListener is not a function
 鉂?[22m src/scene/scene-serialize.ts:1428:12
    1426|         }
    1427|     });
    1428|     window.addEventListener('beforeunload', () => {
       |            ^
    1429|         cleanupAndFlushSave();
    1430|         // 浠呭湪搴旂敤鐪熸閫€鍑烘椂閲婃斁 WebGL context锛圙PU 鍐呭瓨鍥炴敹锛?[39m
 鉂?[22m src/scene/scene.ts:168:1
 鉂?[22m src/__tests__/model-preset.stopvmd.test.ts:39:1

鈳幆鈳幆鈳幆鈳幆鈳幆鈳幆鈳幆鈳幆鈳幆鈳幆鈳幆[4/238]鈳?[22m


鈳幆鈳幆鈳幆 Failed Tests 231 鈳幆鈳幆鈳幆

 FAIL  src/__tests__/audio.query.test.ts > getCurrentTime > returns player.currentTime
 FAIL  src/__tests__/audio.query.test.ts > getCurrentTime > returns 0 when no player
 FAIL  src/__tests__/audio.query.test.ts > getDuration > returns player.duration
 FAIL  src/__tests__/audio.query.test.ts > getDuration > returns 0 when no player
 FAIL  src/__tests__/audio.query.test.ts > getDuration > returns 0 when duration is NaN
 FAIL  src/__tests__/audio.query.test.ts > seekAudio > clamps and seeks
 FAIL  src/__tests__/audio.query.test.ts > seekAudio > clamps negative to 0
 FAIL  src/__tests__/audio.query.test.ts > seekAudio > clamps above duration to duration
 FAIL  src/__tests__/audio.query.test.ts > seekAudio > is no-op when no player
 FAIL  src/__tests__/audio.query.test.ts > isAudioPlaying > returns false when no player
 FAIL  src/__tests__/audio.query.test.ts > isAudioPlaying > returns false when paused
 FAIL  src/__tests__/audio.query.test.ts > isAudioPlaying > returns true when not paused
 FAIL  src/__tests__/audio.query.test.ts > getAudioName > returns empty string initially
 FAIL  src/__tests__/audio.query.test.ts > getAudioName > returns name after playAudio
TypeError: Cannot read properties of undefined (reading 'mockReset')
 鉂?[22m src/__tests__/audio.query.test.ts:39:24
     37|     resetAudioMockState(m);
     38|     (globalThis as any).__audioTestUiState = { volume: 1, audioOffset:鈥?     39|     getTriggerAutoSave().mockReset();
       |                        ^
     40|     mockBeatDetector.attach.mockReset().mockReturnValue(true);
     41|     mockBeatDetector.dispose.mockReset();

鈳幆鈳幆鈳幆鈳幆鈳幆鈳幆鈳幆鈳幆鈳幆鈳幆鈳幆[5/238]鈳?[22m

 FAIL  src/__tests__/audio.volume.test.ts > setVolume / getVolume > updates player volume when player exists
AssertionError: expected 1 to be 0.3 // Object.is equality

- Expected
+ Received

- 0.3
+ 1

 鉂?[22m src/__tests__/audio.volume.test.ts:63:26
     61|         void playAudio('test.mp3', 'test');
     62|         setVolume(0.3);
     63|         expect(m.volume).toBe(0.3);
       |                          ^
     64|     });
     65|

鈳幆鈳幆鈳幆鈳幆鈳幆鈳幆鈳幆鈳幆鈳幆鈳幆鈳幆[6/238]鈳?[22m

 FAIL  src/__tests__/audio.volume.test.ts > setVolume applies gain > setVolume calls applyGain to update stream player volume
AssertionError: expected 1 to be 0.7 // Object.is equality

- Expected
+ Received

- 0.7
+ 1

 鉂?[22m src/__tests__/audio.volume.test.ts:87:26
     85|         void playAudio('test.mp3', 'test');
     86|         setVolume(0.7);
     87|         expect(m.volume).toBe(0.7);
       |                          ^
     88|         setVolume(0.3);
     89|         expect(m.volume).toBe(0.3);

鈳幆鈳幆鈳幆鈳幆鈳幆鈳幆鈳幆鈳幆鈳幆鈳幆鈳幆[7/238]鈳?[22m

 FAIL  src/__tests__/library-core.resource-items.test.ts > buildResourceItemsForDir > returns models in the specified directory
AssertionError: expected [] to have a length of 2 but got +0

- Expected
+ Received

- 2
+ 0

 鉂?[22m src/__tests__/library-core.resource-items.test.ts:60:23
     58|
     59|         const items = buildResourceItemsForDir('/test/models');
     60|         expect(items).toHaveLength(2);
       |                       ^
     61|         expect(items.every((i: any) => !i.isFolder)).toBe(true);
     62|     });

鈳幆鈳幆鈳幆鈳幆鈳幆鈳幆鈳幆鈳幆鈳幆鈳幆鈳幆[8/238]鈳?[22m

 FAIL  src/__tests__/library-core.resource-items.test.ts > buildResourceItemsForDir > flattens leaf subdir with single model into items when not at root
AssertionError: expected [] to have a length of 1 but got +0

- Expected
+ Received

- 1
+ 0

 鉂?[22m src/__tests__/library-core.resource-items.test.ts:70:23
     68|
     69|         const items = buildResourceItemsForDir('/test/models');
     70|         expect(items).toHaveLength(1);
       |                       ^
     71|         expect(items[0].isFolder).toBe(false);
     72|         expect(items[0].label).toBe('a.pmx');

鈳幆鈳幆鈳幆鈳幆鈳幆鈳幆鈳幆鈳幆鈳幆鈳幆鈳幆[9/238]鈳?[22m

 FAIL  src/__tests__/library-core.resource-items.test.ts > buildResourceItemsForDir > mixes flattened leaf models with direct models (leaf subdir models after direct models)
AssertionError: expected [] to have a length of 2 but got +0

- Expected
+ Received

- 2
+ 0

 鉂?[22m src/__tests__/library-core.resource-items.test.ts:82:23
     80|
     81|         const items = buildResourceItemsForDir('/test/models');
     82|         expect(items).toHaveLength(2);
       |                       ^
     83|         expect(items[0].isFolder).toBe(false);
     84|         expect(items[0].label).toBe('a.pmx');

鈳幆鈳幆鈳幆鈳幆鈳幆鈳幆鈳幆鈳幆鈳幆鈳幆鈳痆10/238]鈳?[22m

 FAIL  src/__tests__/library-core.resource-items.test.ts > buildResourceItemsForDir > keeps leaf subdir as folder when multiple zip models inside
AssertionError: expected [] to have a length of 1 but got +0

- Expected
+ Received

- 1
+ 0

 鉂?[22m src/__tests__/library-core.resource-items.test.ts:106:23
    104|
    105|         const items = buildResourceItemsForDir('/test/models');
    106|         expect(items).toHaveLength(1);
       |                       ^
    107|         expect(items[0].isFolder).toBe(true);
    108|         expect(items[0].label).toBe('sub');

鈳幆鈳幆鈳幆鈳幆鈳幆鈳幆鈳幆鈳幆鈳幆鈳幆鈳痆11/238]鈳?[22m

 FAIL  src/__tests__/library-core.resource-items.test.ts > buildResourceItemsForDir > keeps non-leaf subdir as folder (has deeper subdirs)
AssertionError: expected [] to have a length of 1 but got +0

- Expected
+ Received

- 1
+ 0

 鉂?[22m src/__tests__/library-core.resource-items.test.ts:117:23
    115|
    116|         const items = buildResourceItemsForDir('/test/models');
    117|         expect(items).toHaveLength(1);
       |                       ^
    118|         expect(items[0].isFolder).toBe(true);
    119|         expect(items[0].label).toBe('sub');

鈳幆鈳幆鈳幆鈳幆鈳幆鈳幆鈳幆鈳幆鈳幆鈳幆鈳痆12/238]鈳?[22m

 FAIL  src/__tests__/library-core.resource-items.test.ts > buildResourceItemsForDir > applies filter to exclude models
AssertionError: expected [] to have a length of 1 but got +0

- Expected
+ Received

- 1
+ 0

 鉂?[22m src/__tests__/library-core.resource-items.test.ts:129:23
    127|
    128|         const items = buildResourceItemsForDir('/test', (m: any) => m.鈥?    129|         expect(items).toHaveLength(1);
       |                       ^
    130|         expect(items[0].filePath).toBe('/test/a.pmx');
    131|     });

鈳幆鈳幆鈳幆鈳幆鈳幆鈳幆鈳幆鈳幆鈳幆鈳幆鈳痆13/238]鈳?[22m

 FAIL  src/__tests__/library-core.resource-items.test.ts > resolveDisplayBrowseDir > resolves a single-pmx leaf subdir to the browse root
AssertionError: expected '/test/root/models/X' to be '/test/root/models' // Object.is equality

Expected: "/test/root/models"
Received: "/test/root/models/X"

 鉂?[22m src/__tests__/library-core.resource-items.test.ts:236:51
    234|         ];
    235|         const m = makeModel({ file_path: '/test/root/models/X/a.pmx', 鈥?    236|         expect(resolveDisplayBrowseDir(m, 'pmx')).toBe('/test/root/mod鈥?       |                                                   ^
    237|     });
    238|

鈳幆鈳幆鈳幆鈳幆鈳幆鈳幆鈳幆鈳幆鈳幆鈳幆鈳痆14/238]鈳?[22m

 FAIL  src/__tests__/library-core.subdir-file.test.ts > importFile > shows error for unsupported file extension
AssertionError: expected "vi.fn()" to be called with arguments: [ StringContaining "涓嶆敮鎸佺殑鏂囦欢鏍煎紡", true ]

Number of calls: 0

 鉂?[22m src/__tests__/library-core.subdir-file.test.ts:155:27
    153|         expect(mockLoad).not.toHaveBeenCalled();
    154|         const { setStatus } = await import('../core/config');
    155|         expect(setStatus).toHaveBeenCalledWith(expect.stringContaining鈥?       |                           ^
    156|     });
    157|

鈳幆鈳幆鈳幆鈳幆鈳幆鈳幆鈳幆鈳幆鈳幆鈳幆鈳痆15/238]鈳?[22m

 FAIL  src/__tests__/library-core.subdir-file.test.ts > importFile > catches loadManager error on pmx load
AssertionError: expected "vi.fn()" to be called with arguments: [ StringContaining "鍔犺浇妯″瀷", true ]

Number of calls: 0

 鉂?[22m src/__tests__/library-core.subdir-file.test.ts:164:27
    162|         await importFile();
    163|         const { setStatus } = await import('../core/config');
    164|         expect(setStatus).toHaveBeenCalledWith(expect.stringContaining鈥?       |                           ^
    165|     });
    166|

鈳幆鈳幆鈳幆鈳幆鈳幆鈳幆鈳幆鈳幆鈳幆鈳幆鈳痆16/238]鈳?[22m

 FAIL  src/__tests__/library-core.subdir-file.test.ts > importFile > catches ImportZip error
AssertionError: expected "vi.fn()" to be called with arguments: [ StringContaining "瀵煎叆鍘嬬缉鍖?, true ]

Number of calls: 0

 鉂?[22m src/__tests__/library-core.subdir-file.test.ts:173:27
    171|         await importFile();
    172|         const { setStatus } = await import('../core/config');
    173|         expect(setStatus).toHaveBeenCalledWith(expect.stringContaining鈥?       |                           ^
    174|     });
    175| });

鈳幆鈳幆鈳幆鈳幆鈳幆鈳幆鈳幆鈳幆鈳幆鈳幆鈳痆17/238]鈳?[22m

 FAIL  src/__tests__/material-editor.p1p2.test.ts > P2 emissiveMul parameter > setMatCatParams applies emissiveMul to emissiveColor
Error: [vitest] No "triggerAutoSave" export is defined on the "../core/config" mock. Did you forget to return it from "vi.mock"?
If you need to partially mock a module, you can use "importOriginal" helper inside:

vi.mock(import("../core/config"), async (importOriginal) => {
  const actual = await importOriginal()
  return {
    ...actual,
    // your mocked methods
  }
})

 鉂?[22m Module.setMatCatParams src/scene/manager/material.ts:546:5
    544|     _clampAndAssign(target, params);
    545|     _applyCategory(id, cat);
    546|     triggerAutoSave();
       |     ^
    547| }
    548|
 鉂?[22m src/__tests__/material-editor.p1p2.test.ts:122:9

鈳幆鈳幆鈳幆鈳幆鈳幆鈳幆鈳幆鈳幆鈳幆鈳幆鈳痆18/238]鈳?[22m

 FAIL  src/__tests__/material-editor.p1p2.test.ts > P2 emissiveMul parameter > per-material emissiveMul overrides category
Error: [vitest] No "triggerAutoSave" export is defined on the "../core/config" mock. Did you forget to return it from "vi.mock"?
If you need to partially mock a module, you can use "importOriginal" helper inside:

vi.mock(import("../core/config"), async (importOriginal) => {
  const actual = await importOriginal()
  return {
    ...actual,
    // your mocked methods
  }
})

 鉂?[22m Module.setMatCatParams src/scene/manager/material.ts:546:5
    544|     _clampAndAssign(target, params);
    545|     _applyCategory(id, cat);
    546|     triggerAutoSave();
       |     ^
    547| }
    548|
 鉂?[22m src/__tests__/material-editor.p1p2.test.ts:139:9

鈳幆鈳幆鈳幆鈳幆鈳幆鈳幆鈳幆鈳幆鈳幆鈳幆鈳痆19/238]鈳?[22m

 FAIL  src/__tests__/material-editor.p1p2.test.ts > P1 texture level parameters > setMatCatParams applies diffuseTexLevel to diffuseTexture
Error: [vitest] No "triggerAutoSave" export is defined on the "../core/config" mock. Did you forget to return it from "vi.mock"?
If you need to partially mock a module, you can use "importOriginal" helper inside:

vi.mock(import("../core/config"), async (importOriginal) => {
  const actual = await importOriginal()
  return {
    ...actual,
    // your mocked methods
  }
})

 鉂?[22m Module.setMatCatParams src/scene/manager/material.ts:546:5
    544|     _clampAndAssign(target, params);
    545|     _applyCategory(id, cat);
    546|     triggerAutoSave();
       |     ^
    547| }
    548|
 鉂?[22m src/__tests__/material-editor.p1p2.test.ts:170:9

鈳幆鈳幆鈳幆鈳幆鈳幆鈳幆鈳幆鈳幆鈳幆鈳幆鈳痆20/238]鈳?[22m

 FAIL  src/__tests__/material-editor.p1p2.test.ts > P1 texture level parameters > setMatCatParams applies bumpTexLevel to bumpTexture
Error: [vitest] No "triggerAutoSave" export is defined on the "../core/config" mock. Did you forget to return it from "vi.mock"?
If you need to partially mock a module, you can use "importOriginal" helper inside:

vi.mock(import("../core/config"), async (importOriginal) => {
  const actual = await importOriginal()
  return {
    ...actual,
    // your mocked methods
  }
})

 鉂?[22m Module.setMatCatParams src/scene/manager/material.ts:546:5
    544|     _clampAndAssign(target, params);
    545|     _applyCategory(id, cat);
    546|     triggerAutoSave();
       |     ^
    547| }
    548|
 鉂?[22m src/__tests__/material-editor.p1p2.test.ts:180:9

鈳幆鈳幆鈳幆鈳幆鈳幆鈳幆鈳幆鈳幆鈳幆鈳幆鈳痆21/238]鈳?[22m

 FAIL  src/__tests__/material-editor.p1p2.test.ts > P1 texture level parameters > setMatCatParams applies toonTexLevel to toonTexture
Error: [vitest] No "triggerAutoSave" export is defined on the "../core/config" mock. Did you forget to return it from "vi.mock"?
If you need to partially mock a module, you can use "importOriginal" helper inside:

vi.mock(import("../core/config"), async (importOriginal) => {
  const actual = await importOriginal()
  return {
    ...actual,
    // your mocked methods
  }
})

 鉂?[22m Module.setMatCatParams src/scene/manager/material.ts:546:5
    544|     _clampAndAssign(target, params);
    545|     _applyCategory(id, cat);
    546|     triggerAutoSave();
       |     ^
    547| }
    548|
 鉂?[22m src/__tests__/material-editor.p1p2.test.ts:189:9

鈳幆鈳幆鈳幆鈳幆鈳幆鈳幆鈳幆鈳幆鈳幆鈳幆鈳痆22/238]鈳?[22m

 FAIL  src/__tests__/material-editor.p1p2.test.ts > P1 texture level parameters > setMatCatParams applies sphereTexLevel to sphereTexture
Error: [vitest] No "triggerAutoSave" export is defined on the "../core/config" mock. Did you forget to return it from "vi.mock"?
If you need to partially mock a module, you can use "importOriginal" helper inside:

vi.mock(import("../core/config"), async (importOriginal) => {
  const actual = await importOriginal()
  return {
    ...actual,
    // your mocked methods
  }
})

 鉂?[22m Module.setMatCatParams src/scene/manager/material.ts:546:5
    544|     _clampAndAssign(target, params);
    545|     _applyCategory(id, cat);
    546|     triggerAutoSave();
       |     ^
    547| }
    548|
 鉂?[22m src/__tests__/material-editor.p1p2.test.ts:198:9

鈳幆鈳幆鈳幆鈳幆鈳幆鈳幆鈳幆鈳幆鈳幆鈳幆鈳痆23/238]鈳?[22m

 FAIL  src/__tests__/material-editor.p1p2.test.ts > P1 texture level parameters > setMatCatParams applies emissiveTexLevel to emissiveTexture
Error: [vitest] No "triggerAutoSave" export is defined on the "../core/config" mock. Did you forget to return it from "vi.mock"?
If you need to partially mock a module, you can use "importOriginal" helper inside:

vi.mock(import("../core/config"), async (importOriginal) => {
  const actual = await importOriginal()
  return {
    ...actual,
    // your mocked methods
  }
})

 鉂?[22m Module.setMatCatParams src/scene/manager/material.ts:546:5
    544|     _clampAndAssign(target, params);
    545|     _applyCategory(id, cat);
    546|     triggerAutoSave();
       |     ^
    547| }
    548|
 鉂?[22m src/__tests__/material-editor.p1p2.test.ts:208:9

鈳幆鈳幆鈳幆鈳幆鈳幆鈳幆鈳幆鈳幆鈳幆鈳幆鈳痆24/238]鈳?[22m

 FAIL  src/__tests__/material-editor.p1p2.test.ts > P1 texture level parameters > per-material texture level overrides category
Error: [vitest] No "triggerAutoSave" export is defined on the "../core/config" mock. Did you forget to return it from "vi.mock"?
If you need to partially mock a module, you can use "importOriginal" helper inside:

vi.mock(import("../core/config"), async (importOriginal) => {
  const actual = await importOriginal()
  return {
    ...actual,
    // your mocked methods
  }
})

 鉂?[22m Module.setMatCatParams src/scene/manager/material.ts:546:5
    544|     _clampAndAssign(target, params);
    545|     _applyCategory(id, cat);
    546|     triggerAutoSave();
       |     ^
    547| }
    548|
 鉂?[22m src/__tests__/material-editor.p1p2.test.ts:218:9

鈳幆鈳幆鈳幆鈳幆鈳幆鈳幆鈳幆鈳幆鈳幆鈳幆鈳痆25/238]鈳?[22m

 FAIL  src/__tests__/material-editor.p1p2.test.ts > P1 texture level parameters > null texture is handled safely (no crash)
AssertionError: expected [Function] to not throw an error but 'Error: [vitest] No "triggerAutoSave" 鈥? was thrown

- Expected:
undefined

+ Received:
"Error: [vitest] No \"triggerAutoSave\" export is defined on the \"../core/config\" mock. Did you forget to return it from \"vi.mock\"?
If you need to partially mock a module, you can use \"importOriginal\" helper inside:
"

 鉂?[22m src/__tests__/material-editor.p1p2.test.ts:229:16
    227|         expect(() => {
    228|             setMatCatParams(TEST_ID, '鐨偆', { diffuseTexLevel: 2 });
    229|         }).not.toThrow();
       |                ^
    230|     });
    231| });

鈳幆鈳幆鈳幆鈳幆鈳幆鈳幆鈳幆鈳幆鈳幆鈳幆鈳痆26/238]鈳?[22m

 FAIL  src/__tests__/material-editor.p1p2.test.ts > resetMatCatParams restores P1+P2 values > restores emissiveColor to original
Error: [vitest] No "triggerAutoSave" export is defined on the "../core/config" mock. Did you forget to return it from "vi.mock"?
If you need to partially mock a module, you can use "importOriginal" helper inside:

vi.mock(import("../core/config"), async (importOriginal) => {
  const actual = await importOriginal()
  return {
    ...actual,
    // your mocked methods
  }
})

 鉂?[22m Module.setMatCatParams src/scene/manager/material.ts:546:5
    544|     _clampAndAssign(target, params);
    545|     _applyCategory(id, cat);
    546|     triggerAutoSave();
       |     ^
    547| }
    548|
 鉂?[22m src/__tests__/material-editor.p1p2.test.ts:257:9

鈳幆鈳幆鈳幆鈳幆鈳幆鈳幆鈳幆鈳幆鈳幆鈳幆鈳痆27/238]鈳?[22m

 FAIL  src/__tests__/material-editor.p1p2.test.ts > resetMatCatParams restores P1+P2 values > restores texture levels to original
Error: [vitest] No "triggerAutoSave" export is defined on the "../core/config" mock. Did you forget to return it from "vi.mock"?
If you need to partially mock a module, you can use "importOriginal" helper inside:

vi.mock(import("../core/config"), async (importOriginal) => {
  const actual = await importOriginal()
  return {
    ...actual,
    // your mocked methods
  }
})

 鉂?[22m Module.setMatCatParams src/scene/manager/material.ts:546:5
    544|     _clampAndAssign(target, params);
    545|     _applyCategory(id, cat);
    546|     triggerAutoSave();
       |     ^
    547| }
    548|
 鉂?[22m src/__tests__/material-editor.p1p2.test.ts:270:9

鈳幆鈳幆鈳幆鈳幆鈳幆鈳幆鈳幆鈳幆鈳幆鈳幆鈳痆28/238]鈳?[22m

 FAIL  src/__tests__/menu-schema.dispose.test.ts > ADR-093 Menu Schema 鈥?renderCustom dispose 绾ц仈 > folder 鍐?custom 瀛愯妭鐐圭殑 dispose 鍦ㄧ骇鑱旈噴鏀炬椂琚皟鐢?Error: [vitest] No "addCollapsible" export is defined on the "../core/ui-helpers" mock. Did you forget to return it from "vi.mock"?
If you need to partially mock a module, you can use "importOriginal" helper inside:

vi.mock(import("../core/ui-helpers"), async (importOriginal) => {
  const actual = await importOriginal()
  return {
    ...actual,
    // your mocked methods
  }
})

 鉂?[22m renderFolder src/menus/render-menu.ts:89:5
     87|     let childDispose: (() => void) | undefined;
     88|
     89|     addCollapsible(container, {
       |     ^
     90|         title: node.label ? t(node.label) : '',
     91|         icon: node.icon,
 鉂?[22m renderNode src/menus/render-menu.ts:47:20
 鉂?[22m Module.renderMenu src/menus/render-menu.ts:29:19
 鉂?[22m src/__tests__/menu-schema.dispose.test.ts:51:25

鈳幆鈳幆鈳幆鈳幆鈳幆鈳幆鈳幆鈳幆鈳幆鈳幆鈳痆29/238]鈳?[22m

 FAIL  src/__tests__/menu-schema.dispose.test.ts > ADR-093 Menu Schema 鈥?renderCustom dispose 绾ц仈 > folder 鑷韩鐨?renderCustom dispose 涔熻鏀堕泦
Error: [vitest] No "addCollapsible" export is defined on the "../core/ui-helpers" mock. Did you forget to return it from "vi.mock"?
If you need to partially mock a module, you can use "importOriginal" helper inside:

vi.mock(import("../core/ui-helpers"), async (importOriginal) => {
  const actual = await importOriginal()
  return {
    ...actual,
    // your mocked methods
  }
})

 鉂?[22m renderFolder src/menus/render-menu.ts:89:5
     87|     let childDispose: (() => void) | undefined;
     88|
     89|     addCollapsible(container, {
       |     ^
     90|         title: node.label ? t(node.label) : '',
     91|         icon: node.icon,
 鉂?[22m renderNode src/menus/render-menu.ts:47:20
 鉂?[22m Module.renderMenu src/menus/render-menu.ts:29:19
 鉂?[22m src/__tests__/menu-schema.dispose.test.ts:68:25

鈳幆鈳幆鈳幆鈳幆鈳幆鈳幆鈳幆鈳幆鈳幆鈳幆鈳痆30/238]鈳?[22m

 FAIL  src/__tests__/menu-schema.guards.test.ts > ADR-093 Menu Schema 鈥?visibleWhen 瀹堝崼 > 杩斿洖 true 鏃惰妭鐐规甯告覆鏌?Error: [vitest] No "envState" export is defined on the "../core/config" mock. Did you forget to return it from "vi.mock"?
If you need to partially mock a module, you can use "importOriginal" helper inside:

vi.mock(import("../core/config"), async (importOriginal) => {
  const actual = await importOriginal()
  return {
    ...actual,
    // your mocked methods
  }
})

 鉂?[22m getStateValue src/menus/menu-schema.ts:98:21
     96|     switch (prefix) {
     97|         case 'env':
     98|             return (envState as unknown as Record<string, unknown>)[ke鈥?       |                     ^
     99|         case 'render':
    100|             return (getRenderState() as unknown as Record<string, unkn鈥? 鉂?[22m renderSlider src/menus/render-menu.ts:139:17
 鉂?[22m renderNode src/menus/render-menu.ts:49:13
 鉂?[22m Module.renderMenu src/menus/render-menu.ts:29:19
 鉂?[22m src/__tests__/menu-schema.guards.test.ts:50:9

鈳幆鈳幆鈳幆鈳幆鈳幆鈳幆鈳幆鈳幆鈳幆鈳幆鈳痆31/238]鈳?[22m

 FAIL  src/__tests__/menu-schema.guards.test.ts > ADR-093 Menu Schema 鈥?visibleWhen 瀹堝崼 > 鍩轰簬 envState 鐨勫姩鎬佹潯浠跺畧鍗?Error: [vitest] No "envState" export is defined on the "../core/config" mock. Did you forget to return it from "vi.mock"?
If you need to partially mock a module, you can use "importOriginal" helper inside:

vi.mock(import("../core/config"), async (importOriginal) => {
  const actual = await importOriginal()
  return {
    ...actual,
    // your mocked methods
  }
})

 鉂?[22m getStateValue src/menus/menu-schema.ts:98:21
     96|     switch (prefix) {
     97|         case 'env':
     98|             return (envState as unknown as Record<string, unknown>)[ke鈥?       |                     ^
     99|         case 'render':
    100|             return (getRenderState() as unknown as Record<string, unkn鈥? 鉂?[22m renderSlider src/menus/render-menu.ts:139:17
 鉂?[22m renderNode src/menus/render-menu.ts:49:13
 鉂?[22m Module.renderMenu src/menus/render-menu.ts:29:19
 鉂?[22m src/__tests__/menu-schema.guards.test.ts:68:13

鈳幆鈳幆鈳幆鈳幆鈳幆鈳幆鈳幆鈳幆鈳幆鈳幆鈳痆32/238]鈳?[22m

 FAIL  src/__tests__/menu-schema.guards.test.ts > ADR-093 Menu Schema 鈥?visibleWhen 瀹堝崼 > folder 瀛愯妭鐐圭殑 visibleWhen 鐙珛姹傚€?Error: [vitest] No "addCollapsible" export is defined on the "../core/ui-helpers" mock. Did you forget to return it from "vi.mock"?
If you need to partially mock a module, you can use "importOriginal" helper inside:

vi.mock(import("../core/ui-helpers"), async (importOriginal) => {
  const actual = await importOriginal()
  return {
    ...actual,
    // your mocked methods
  }
})

 鉂?[22m renderFolder src/menus/render-menu.ts:89:5
     87|     let childDispose: (() => void) | undefined;
     88|
     89|     addCollapsible(container, {
       |     ^
     90|         title: node.label ? t(node.label) : '',
     91|         icon: node.icon,
 鉂?[22m renderNode src/menus/render-menu.ts:47:20
 鉂?[22m Module.renderMenu src/menus/render-menu.ts:29:19
 鉂?[22m src/__tests__/menu-schema.guards.test.ts:105:9

鈳幆鈳幆鈳幆鈳幆鈳幆鈳幆鈳幆鈳幆鈳幆鈳幆鈳痆33/238]鈳?[22m

 FAIL  src/__tests__/menu-schema.i18n.test.ts > ADR-093 Menu Schema 鈥?i18n 鐑垏鎹?[2m > 鍒囨崲璇█鍚庨噸鏂版覆鏌擄紝label 鏂囨湰闅忎箣鍙樺寲
Error: [vitest] No "envState" export is defined on the "../core/config" mock. Did you forget to return it from "vi.mock"?
If you need to partially mock a module, you can use "importOriginal" helper inside:

vi.mock(import("../core/config"), async (importOriginal) => {
  const actual = await importOriginal()
  return {
    ...actual,
    // your mocked methods
  }
})

 鉂?[22m getStateValue src/menus/menu-schema.ts:98:21
     96|     switch (prefix) {
     97|         case 'env':
     98|             return (envState as unknown as Record<string, unknown>)[ke鈥?       |                     ^
     99|         case 'render':
    100|             return (getRenderState() as unknown as Record<string, unkn鈥? 鉂?[22m renderSlider src/menus/render-menu.ts:139:17
 鉂?[22m renderNode src/menus/render-menu.ts:49:13
 鉂?[22m Module.renderMenu src/menus/render-menu.ts:29:19
 鉂?[22m src/__tests__/menu-schema.i18n.test.ts:50:9

鈳幆鈳幆鈳幆鈳幆鈳幆鈳幆鈳幆鈳幆鈳幆鈳幆鈳痆34/238]鈳?[22m

 FAIL  src/__tests__/menu-schema.i18n.test.ts > ADR-093 Menu Schema 鈥?i18n 鐑垏鎹?[2m > modeSlider options label 缁?t() 鍥介檯鍖?Error: [vitest] No "envState" export is defined on the "../core/config" mock. Did you forget to return it from "vi.mock"?
If you need to partially mock a module, you can use "importOriginal" helper inside:

vi.mock(import("../core/config"), async (importOriginal) => {
  const actual = await importOriginal()
  return {
    ...actual,
    // your mocked methods
  }
})

 鉂?[22m getStateValue src/menus/menu-schema.ts:98:21
     96|     switch (prefix) {
     97|         case 'env':
     98|             return (envState as unknown as Record<string, unknown>)[ke鈥?       |                     ^
     99|         case 'render':
    100|             return (getRenderState() as unknown as Record<string, unkn鈥? 鉂?[22m renderModeSlider src/menus/render-menu.ts:250:19
 鉂?[22m renderNode src/menus/render-menu.ts:58:13
 鉂?[22m Module.renderMenu src/menus/render-menu.ts:29:19
 鉂?[22m src/__tests__/menu-schema.i18n.test.ts:79:9

鈳幆鈳幆鈳幆鈳幆鈳幆鈳幆鈳幆鈳幆鈳幆鈳幆鈳痆35/238]鈳?[22m

 FAIL  src/__tests__/mmd-adapter.native.test.ts > applyForceToModelRigidBodiesNative (P2 / ADR-201) > 瀹堝崼锛歸asm 瀹炰緥缂哄鍑?鈫?杩斿洖 0 骞朵粎璀﹀憡涓€娆★紙缁濅笉闈欓粯澶辨晥锛?AssertionError: expected "vi.fn()" to be called 1 times, but got 0 times
 鉂?[22m src/__tests__/mmd-adapter.native.test.ts:77:25
     75|         expect(r1).toBe(0);
     76|         expect(r2).toBe(0);
     77|         expect(logWarn).toHaveBeenCalledTimes(1);
       |                         ^
     78|         expect(wi.mmdModelRigidBodyApplyCentralForce).toBeUndefined();
     79|     });

鈳幆鈳幆鈳幆鈳幆鈳幆鈳幆鈳幆鈳幆鈳幆鈳幆鈳痆36/238]鈳?[22m

 FAIL  src/__tests__/model-attachment.test.ts > [adr-215] 妯″瀷闄勫睘鍏崇郴 > 鎴愬姛闄勫睘锛氬啓鍏?parentId/attachedBone/offset/rotation 骞惰皟鐢?attachToBone
TypeError: Quaternion.FromEulerAngles is not a function
 鉂?[22m ModelManager.attachModelToBone src/scene/manager/model-manager.ts:1207:33
    1205|         const target = childInst.rootMesh;
    1206|         target.position.set(offset[0], offset[1], offset[2]);
    1207|         const rotQ = Quaternion.FromEulerAngles(
       |                                 ^
    1208|             (rotation[0] * Math.PI) / 180,
    1209|             (rotation[1] * Math.PI) / 180,
 鉂?[22m src/__tests__/model-attachment.test.ts:95:23

鈳幆鈳幆鈳幆鈳幆鈳幆鈳幆鈳幆鈳幆鈳幆鈳幆鈳痆37/238]鈳?[22m

 FAIL  src/__tests__/model-attachment.test.ts > [adr-215] 妯″瀷闄勫睘鍏崇郴 > DAG锛氱洿鎺ユ垚鐜紙a鈫抌 鍚?b鈫抋锛夎鎷掔粷
TypeError: Quaternion.FromEulerAngles is not a function
 鉂?[22m ModelManager.attachModelToBone src/scene/manager/model-manager.ts:1207:33
    1205|         const target = childInst.rootMesh;
    1206|         target.position.set(offset[0], offset[1], offset[2]);
    1207|         const rotQ = Quaternion.FromEulerAngles(
       |                                 ^
    1208|             (rotation[0] * Math.PI) / 180,
    1209|             (rotation[1] * Math.PI) / 180,
 鉂?[22m src/__tests__/model-attachment.test.ts:113:19

鈳幆鈳幆鈳幆鈳幆鈳幆鈳幆鈳幆鈳幆鈳幆鈳幆鈳痆38/238]鈳?[22m

 FAIL  src/__tests__/model-attachment.test.ts > [adr-215] 妯″瀷闄勫睘鍏崇郴 > DAG锛氬灞傛垚鐜紙a鈫抌鈫抍 鍚?c鈫抋锛夎鎷掔粷
TypeError: Quaternion.FromEulerAngles is not a function
 鉂?[22m ModelManager.attachModelToBone src/scene/manager/model-manager.ts:1207:33
    1205|         const target = childInst.rootMesh;
    1206|         target.position.set(offset[0], offset[1], offset[2]);
    1207|         const rotQ = Quaternion.FromEulerAngles(
       |                                 ^
    1208|             (rotation[0] * Math.PI) / 180,
    1209|             (rotation[1] * Math.PI) / 180,
 鉂?[22m src/__tests__/model-attachment.test.ts:123:19

鈳幆鈳幆鈳幆鈳幆鈳幆鈳幆鈳幆鈳幆鈳幆鈳幆鈳痆39/238]鈳?[22m

 FAIL  src/__tests__/model-attachment.test.ts > [adr-215] 妯″瀷闄勫睘鍏崇郴 > 鍗曠埗闄愬埗锛氭崲鐖堕渶閲嶆柊 attach锛宲arentId 琚鐩栦负鏂扮埗
TypeError: Quaternion.FromEulerAngles is not a function
 鉂?[22m ModelManager.attachModelToBone src/scene/manager/model-manager.ts:1207:33
    1205|         const target = childInst.rootMesh;
    1206|         target.position.set(offset[0], offset[1], offset[2]);
    1207|         const rotQ = Quaternion.FromEulerAngles(
       |                                 ^
    1208|             (rotation[0] * Math.PI) / 180,
    1209|             (rotation[1] * Math.PI) / 180,
 鉂?[22m src/__tests__/model-attachment.test.ts:134:19

鈳幆鈳幆鈳幆鈳幆鈳幆鈳幆鈳幆鈳幆鈳幆鈳幆鈳痆40/238]鈳?[22m

 FAIL  src/__tests__/model-attachment.test.ts > [adr-215] 妯″瀷闄勫睘鍏崇郴 > detach锛氭竻绌洪檮灞炲瓧娈靛苟鍥炲埌鍦烘櫙鍧愭爣
TypeError: Quaternion.FromEulerAngles is not a function
 鉂?[22m ModelManager.attachModelToBone src/scene/manager/model-manager.ts:1207:33
    1205|         const target = childInst.rootMesh;
    1206|         target.position.set(offset[0], offset[1], offset[2]);
    1207|         const rotQ = Quaternion.FromEulerAngles(
       |                                 ^
    1208|             (rotation[0] * Math.PI) / 180,
    1209|             (rotation[1] * Math.PI) / 180,
 鉂?[22m src/__tests__/model-attachment.test.ts:145:12

鈳幆鈳幆鈳幆鈳幆鈳幆鈳幆鈳幆鈳幆鈳幆鈳幆鈳痆41/238]鈳?[22m

 FAIL  src/__tests__/model-attachment.test.ts > [adr-215] 妯″瀷闄勫睘鍏崇郴 > 绾ц仈鍗歌浇锛歞etachChildModels 绉婚櫎鎵€鏈変互璇ョ埗涓?parentId 鐨勫瓙妯″瀷
TypeError: Quaternion.FromEulerAngles is not a function
 鉂?[22m ModelManager.attachModelToBone src/scene/manager/model-manager.ts:1207:33
    1205|         const target = childInst.rootMesh;
    1206|         target.position.set(offset[0], offset[1], offset[2]);
    1207|         const rotQ = Quaternion.FromEulerAngles(
       |                                 ^
    1208|             (rotation[0] * Math.PI) / 180,
    1209|             (rotation[1] * Math.PI) / 180,
 鉂?[22m src/__tests__/model-attachment.test.ts:157:12

鈳幆鈳幆鈳幆鈳幆鈳幆鈳幆鈳幆鈳幆鈳幆鈳幆鈳痆42/238]鈳?[22m

 FAIL  src/__tests__/model-attachment.test.ts > [adr-215] 妯″瀷闄勫睘鍏崇郴 > reattachAllAttachments锛氬宸叉湁闄勫睘瀛楁鐨勫疄渚嬮噸寤烘寕杞?TypeError: Quaternion.FromEulerAngles is not a function
 鉂?[22m ModelManager.attachModelToBone src/scene/manager/model-manager.ts:1207:33
    1205|         const target = childInst.rootMesh;
    1206|         target.position.set(offset[0], offset[1], offset[2]);
    1207|         const rotQ = Quaternion.FromEulerAngles(
       |                                 ^
    1208|             (rotation[0] * Math.PI) / 180,
    1209|             (rotation[1] * Math.PI) / 180,
 鉂?[22m ModelManager.reattachAllAttachments src/scene/manager/model-manager.ts:1259:22
 鉂?[22m src/__tests__/model-attachment.test.ts:173:12

鈳幆鈳幆鈳幆鈳幆鈳幆鈳幆鈳幆鈳幆鈳幆鈳幆鈳痆43/238]鈳?[22m

 FAIL  src/__tests__/model-detail-ui.tags-morph.test.ts > buildModelTagsLevel > returns valid PopupLevel
Error: [vitest] No "modelManager" export is defined on the "../scene/scene" mock. Did you forget to return it from "vi.mock"?
If you need to partially mock a module, you can use "importOriginal" helper inside:

vi.mock(import("../scene/scene"), async (importOriginal) => {
  const actual = await importOriginal()
  return {
    ...actual,
    // your mocked methods
  }
})

 鉂?[22m Module.buildModelTagsLevel src/menus/model-detail.ts:1054:18
    1052|
    1053| export function buildModelTagsLevel(id: string): PopupLevel {
    1054|     const inst = modelManager.get(id);
       |                  ^
    1055|     if (!inst) {
    1056|         return { label: t('model-detail.tagsFallback'), dir: '', items鈥? 鉂?[22m src/__tests__/model-detail-ui.tags-morph.test.ts:125:23

鈳幆鈳幆鈳幆鈳幆鈳幆鈳幆鈳幆鈳幆鈳幆鈳幆鈳痆44/238]鈳?[22m

 FAIL  src/__tests__/model-detail-ui.tags-morph.test.ts > buildModelTagsLevel > returns fallback for non-existent model
Error: [vitest] No "modelManager" export is defined on the "../scene/scene" mock. Did you forget to return it from "vi.mock"?
If you need to partially mock a module, you can use "importOriginal" helper inside:

vi.mock(import("../scene/scene"), async (importOriginal) => {
  const actual = await importOriginal()
  return {
    ...actual,
    // your mocked methods
  }
})

 鉂?[22m Module.buildModelTagsLevel src/menus/model-detail.ts:1054:18
    1052|
    1053| export function buildModelTagsLevel(id: string): PopupLevel {
    1054|     const inst = modelManager.get(id);
       |                  ^
    1055|     if (!inst) {
    1056|         return { label: t('model-detail.tagsFallback'), dir: '', items鈥? 鉂?[22m src/__tests__/model-detail-ui.tags-morph.test.ts:132:23

鈳幆鈳幆鈳幆鈳幆鈳幆鈳幆鈳幆鈳幆鈳幆鈳幆鈳痆45/238]鈳?[22m

 FAIL  src/__tests__/model-detail-ui.tags-morph.test.ts > buildMorphPreviewLevel > renderCustom does not throw
AssertionError: expected [Function] to not throw an error but 'Error: [vitest] No "modelManager" exp鈥? was thrown

- Expected:
undefined

+ Received:
"Error: [vitest] No \"modelManager\" export is defined on the \"../scene/scene\" mock. Did you forget to return it from \"vi.mock\"?
If you need to partially mock a module, you can use \"importOriginal\" helper inside:
"

 鉂?[22m src/__tests__/model-detail-ui.tags-morph.test.ts:149:58
    147|         const level = buildMorphPreviewLevel('m1');
    148|         const container = document.createElement('div');
    149|         expect(() => level.renderCustom!(container)).not.toThrow();
       |                                                          ^
    150|     });
    151|

鈳幆鈳幆鈳幆鈳幆鈳幆鈳幆鈳幆鈳幆鈳幆鈳幆鈳痆46/238]鈳?[22m

 FAIL  src/__tests__/model-detail-ui.tags-morph.test.ts > buildMorphPreviewLevel > renderCustom shows empty state for model with no morphs
Error: [vitest] No "modelManager" export is defined on the "../scene/scene" mock. Did you forget to return it from "vi.mock"?
If you need to partially mock a module, you can use "importOriginal" helper inside:

vi.mock(import("../scene/scene"), async (importOriginal) => {
  const actual = await importOriginal()
  return {
    ...actual,
    // your mocked methods
  }
})

 鉂?[22m buildMorphPreviewSchema src/menus/model-detail.ts:1071:18
    1069|
    1070| function buildMorphPreviewSchema(id: string): MenuNode[] {
    1071|     const inst = modelManager.get(id);
       |                  ^
    1072|     const morphs = inst ? (getModelMorphs(id) ?? []) : [];
    1073|     const typeLabels: Record<number, string> = {
 鉂?[22m Object.renderCustom src/menus/model-detail.ts:1169:31
 鉂?[22m src/__tests__/model-detail-ui.tags-morph.test.ts:156:15

鈳幆鈳幆鈳幆鈳幆鈳幆鈳幆鈳幆鈳幆鈳幆鈳幆鈳痆47/238]鈳?[22m

 FAIL  src/__tests__/model-manager.bone-overlay.test.ts > ModelManager bone overlay > setBoneLinesVis creates overlay when show=true and no overlay exists
Error: [vitest] No "StandardMaterial" export is defined on the "@babylonjs/core/Materials/standardMaterial" mock. Did you forget to return it from "vi.mock"?
If you need to partially mock a module, you can use "importOriginal" helper inside:

vi.mock(import("@babylonjs/core/Materials/standardMaterial"), async (importOriginal) => {
  const actual = await importOriginal()
  return {
    ...actual,
    // your mocked methods
  }
})

 鉂?[22m ModelManager.createBoneOverlay src/scene/manager/model-manager.ts:849:30
    847|         if (!this._ovMaterials) {
    848|             this._ovMaterials = {
    849|                 default: new StandardMaterial('bone_ov_default', this.鈥?       |                              ^
    850|                 rotation: new StandardMaterial('bone_ov_rotation', thi鈥?    851|                 position: new StandardMaterial('bone_ov_position', thi鈥? 鉂?[22m ModelManager.setBoneLinesVis src/scene/manager/model-manager.ts:482:18
 鉂?[22m src/__tests__/model-manager.bone-overlay.test.ts:51:13

鈳幆鈳幆鈳幆鈳幆鈳幆鈳幆鈳幆鈳幆鈳幆鈳幆鈳痆48/238]鈳?[22m

 FAIL  src/__tests__/model-manager.bone-overlay.test.ts > ModelManager bone overlay > setBoneLinesVis destroys overlay when show=false and overlay exists
Error: [vitest] No "StandardMaterial" export is defined on the "@babylonjs/core/Materials/standardMaterial" mock. Did you forget to return it from "vi.mock"?
If you need to partially mock a module, you can use "importOriginal" helper inside:

vi.mock(import("@babylonjs/core/Materials/standardMaterial"), async (importOriginal) => {
  const actual = await importOriginal()
  return {
    ...actual,
    // your mocked methods
  }
})

 鉂?[22m ModelManager.createBoneOverlay src/scene/manager/model-manager.ts:849:30
    847|         if (!this._ovMaterials) {
    848|             this._ovMaterials = {
    849|                 default: new StandardMaterial('bone_ov_default', this.鈥?       |                              ^
    850|                 rotation: new StandardMaterial('bone_ov_rotation', thi鈥?    851|                 position: new StandardMaterial('bone_ov_position', thi鈥? 鉂?[22m ModelManager.setBoneLinesVis src/scene/manager/model-manager.ts:482:18
 鉂?[22m src/__tests__/model-manager.bone-overlay.test.ts:63:13

鈳幆鈳幆鈳幆鈳幆鈳幆鈳幆鈳幆鈳幆鈳幆鈳幆鈳痆49/238]鈳?[22m

 FAIL  src/__tests__/model-manager.bone-overlay.test.ts > ModelManager bone overlay > setBoneLinesVis with joints also true keeps overlay
Error: [vitest] No "StandardMaterial" export is defined on the "@babylonjs/core/Materials/standardMaterial" mock. Did you forget to return it from "vi.mock"?
If you need to partially mock a module, you can use "importOriginal" helper inside:

vi.mock(import("@babylonjs/core/Materials/standardMaterial"), async (importOriginal) => {
  const actual = await importOriginal()
  return {
    ...actual,
    // your mocked methods
  }
})

 鉂?[22m ModelManager.createBoneOverlay src/scene/manager/model-manager.ts:849:30
    847|         if (!this._ovMaterials) {
    848|             this._ovMaterials = {
    849|                 default: new StandardMaterial('bone_ov_default', this.鈥?       |                              ^
    850|                 rotation: new StandardMaterial('bone_ov_rotation', thi鈥?    851|                 position: new StandardMaterial('bone_ov_position', thi鈥? 鉂?[22m ModelManager.setBoneLinesVis src/scene/manager/model-manager.ts:482:18
 鉂?[22m src/__tests__/model-manager.bone-overlay.test.ts:73:13

鈳幆鈳幆鈳幆鈳幆鈳幆鈳幆鈳幆鈳幆鈳幆鈳幆鈳痆50/238]鈳?[22m

 FAIL  src/__tests__/model-manager.bone-overlay.test.ts > ModelManager bone overlay > setBoneJointsVis creates overlay when show=true and no overlay exists
Error: [vitest] No "StandardMaterial" export is defined on the "@babylonjs/core/Materials/standardMaterial" mock. Did you forget to return it from "vi.mock"?
If you need to partially mock a module, you can use "importOriginal" helper inside:

vi.mock(import("@babylonjs/core/Materials/standardMaterial"), async (importOriginal) => {
  const actual = await importOriginal()
  return {
    ...actual,
    // your mocked methods
  }
})

 鉂?[22m ModelManager.createBoneOverlay src/scene/manager/model-manager.ts:849:30
    847|         if (!this._ovMaterials) {
    848|             this._ovMaterials = {
    849|                 default: new StandardMaterial('bone_ov_default', this.鈥?       |                              ^
    850|                 rotation: new StandardMaterial('bone_ov_rotation', thi鈥?    851|                 position: new StandardMaterial('bone_ov_position', thi鈥? 鉂?[22m ModelManager.setBoneJointsVis src/scene/manager/model-manager.ts:502:18
 鉂?[22m src/__tests__/model-manager.bone-overlay.test.ts:84:13

鈳幆鈳幆鈳幆鈳幆鈳幆鈳幆鈳幆鈳幆鈳幆鈳幆鈳痆51/238]鈳?[22m

 FAIL  src/__tests__/model-manager.bone-overlay.test.ts > ModelManager bone overlay > setBoneJointsVis with lines also true keeps overlay
Error: [vitest] No "StandardMaterial" export is defined on the "@babylonjs/core/Materials/standardMaterial" mock. Did you forget to return it from "vi.mock"?
If you need to partially mock a module, you can use "importOriginal" helper inside:

vi.mock(import("@babylonjs/core/Materials/standardMaterial"), async (importOriginal) => {
  const actual = await importOriginal()
  return {
    ...actual,
    // your mocked methods
  }
})

 鉂?[22m ModelManager.createBoneOverlay src/scene/manager/model-manager.ts:849:30
    847|         if (!this._ovMaterials) {
    848|             this._ovMaterials = {
    849|                 default: new StandardMaterial('bone_ov_default', this.鈥?       |                              ^
    850|                 rotation: new StandardMaterial('bone_ov_rotation', thi鈥?    851|                 position: new StandardMaterial('bone_ov_position', thi鈥? 鉂?[22m ModelManager.setBoneJointsVis src/scene/manager/model-manager.ts:502:18
 鉂?[22m src/__tests__/model-manager.bone-overlay.test.ts:92:13

鈳幆鈳幆鈳幆鈳幆鈳幆鈳幆鈳幆鈳幆鈳幆鈳幆鈳痆52/238]鈳?[22m

 FAIL  src/__tests__/model-manager.bone-overlay.test.ts > ModelManager bone overlay > setBoneJointsVis destroys overlay when show=false and no lines active
Error: [vitest] No "StandardMaterial" export is defined on the "@babylonjs/core/Materials/standardMaterial" mock. Did you forget to return it from "vi.mock"?
If you need to partially mock a module, you can use "importOriginal" helper inside:

vi.mock(import("@babylonjs/core/Materials/standardMaterial"), async (importOriginal) => {
  const actual = await importOriginal()
  return {
    ...actual,
    // your mocked methods
  }
})

 鉂?[22m ModelManager.createBoneOverlay src/scene/manager/model-manager.ts:849:30
    847|         if (!this._ovMaterials) {
    848|             this._ovMaterials = {
    849|                 default: new StandardMaterial('bone_ov_default', this.鈥?       |                              ^
    850|                 rotation: new StandardMaterial('bone_ov_rotation', thi鈥?    851|                 position: new StandardMaterial('bone_ov_position', thi鈥? 鉂?[22m ModelManager.setBoneJointsVis src/scene/manager/model-manager.ts:502:18
 鉂?[22m src/__tests__/model-manager.bone-overlay.test.ts:101:13

鈳幆鈳幆鈳幆鈳幆鈳幆鈳幆鈳幆鈳幆鈳幆鈳幆鈳痆53/238]鈳?[22m

 FAIL  src/__tests__/model-manager.bone-overlay.test.ts > ModelManager bone overlay > ensureBoneUpdateObserver creates scene observer
Error: [vitest] No "StandardMaterial" export is defined on the "@babylonjs/core/Materials/standardMaterial" mock. Did you forget to return it from "vi.mock"?
If you need to partially mock a module, you can use "importOriginal" helper inside:

vi.mock(import("@babylonjs/core/Materials/standardMaterial"), async (importOriginal) => {
  const actual = await importOriginal()
  return {
    ...actual,
    // your mocked methods
  }
})

 鉂?[22m ModelManager.createBoneOverlay src/scene/manager/model-manager.ts:849:30
    847|         if (!this._ovMaterials) {
    848|             this._ovMaterials = {
    849|                 default: new StandardMaterial('bone_ov_default', this.鈥?       |                              ^
    850|                 rotation: new StandardMaterial('bone_ov_rotation', thi鈥?    851|                 position: new StandardMaterial('bone_ov_position', thi鈥? 鉂?[22m ModelManager.setBoneLinesVis src/scene/manager/model-manager.ts:482:18
 鉂?[22m src/__tests__/model-manager.bone-overlay.test.ts:133:13

鈳幆鈳幆鈳幆鈳幆鈳幆鈳幆鈳幆鈳幆鈳幆鈳幆鈳痆54/238]鈳?[22m

 FAIL  src/__tests__/model-manager.bone-overlay.test.ts > ModelManager bone overlay > bone overlay is created only once (double toggle)
Error: [vitest] No "StandardMaterial" export is defined on the "@babylonjs/core/Materials/standardMaterial" mock. Did you forget to return it from "vi.mock"?
If you need to partially mock a module, you can use "importOriginal" helper inside:

vi.mock(import("@babylonjs/core/Materials/standardMaterial"), async (importOriginal) => {
  const actual = await importOriginal()
  return {
    ...actual,
    // your mocked methods
  }
})

 鉂?[22m ModelManager.createBoneOverlay src/scene/manager/model-manager.ts:849:30
    847|         if (!this._ovMaterials) {
    848|             this._ovMaterials = {
    849|                 default: new StandardMaterial('bone_ov_default', this.鈥?       |                              ^
    850|                 rotation: new StandardMaterial('bone_ov_rotation', thi鈥?    851|                 position: new StandardMaterial('bone_ov_position', thi鈥? 鉂?[22m ModelManager.setBoneLinesVis src/scene/manager/model-manager.ts:482:18
 鉂?[22m src/__tests__/model-manager.bone-overlay.test.ts:143:13

鈳幆鈳幆鈳幆鈳幆鈳幆鈳幆鈳幆鈳幆鈳幆鈳幆鈳痆55/238]鈳?[22m

 FAIL  src/__tests__/model-manager.bone-overlay.test.ts > ModelManager dispose > removes bone update observer
Error: [vitest] No "StandardMaterial" export is defined on the "@babylonjs/core/Materials/standardMaterial" mock. Did you forget to return it from "vi.mock"?
If you need to partially mock a module, you can use "importOriginal" helper inside:

vi.mock(import("@babylonjs/core/Materials/standardMaterial"), async (importOriginal) => {
  const actual = await importOriginal()
  return {
    ...actual,
    // your mocked methods
  }
})

 鉂?[22m ModelManager.createBoneOverlay src/scene/manager/model-manager.ts:849:30
    847|         if (!this._ovMaterials) {
    848|             this._ovMaterials = {
    849|                 default: new StandardMaterial('bone_ov_default', this.鈥?       |                              ^
    850|                 rotation: new StandardMaterial('bone_ov_rotation', thi鈥?    851|                 position: new StandardMaterial('bone_ov_position', thi鈥? 鉂?[22m ModelManager.setBoneLinesVis src/scene/manager/model-manager.ts:482:18
 鉂?[22m src/__tests__/model-manager.bone-overlay.test.ts:167:13

鈳幆鈳幆鈳幆鈳幆鈳幆鈳幆鈳幆鈳幆鈳幆鈳幆鈳痆56/238]鈳?[22m

 FAIL  src/__tests__/model-ops.morph.test.ts > Morph / Expression > getModelMorphs returns from modelManager
Error: [vitest] No "modelManager" export is defined on the "../scene/scene" mock. Did you forget to return it from "vi.mock"?
If you need to partially mock a module, you can use "importOriginal" helper inside:

vi.mock(import("../scene/scene"), async (importOriginal) => {
  const actual = await importOriginal()
  return {
    ...actual,
    // your mocked methods
  }
})

 鉂?[22m Module.getModelMorphs src/scene/manager/model-ops.ts:249:12
    247|
    248| export function getModelMorphs(id: string): Array<{ name: string; type鈥?    249|     return modelManager?.getMorphs(id) ?? [];
       |            ^
    250| }
    251|
 鉂?[22m src/__tests__/model-ops.morph.test.ts:90:16

鈳幆鈳幆鈳幆鈳幆鈳幆鈳幆鈳幆鈳幆鈳幆鈳幆鈳痆57/238]鈳?[22m

 FAIL  src/__tests__/model-ops.morph.test.ts > Morph / Expression > setModelMorphWeight delegates with id + morphName + weight
Error: [vitest] No "modelManager" export is defined on the "../scene/scene" mock. Did you forget to return it from "vi.mock"?
If you need to partially mock a module, you can use "importOriginal" helper inside:

vi.mock(import("../scene/scene"), async (importOriginal) => {
  const actual = await importOriginal()
  return {
    ...actual,
    // your mocked methods
  }
})

 鉂?[22m Module.setModelMorphWeight src/scene/manager/model-ops.ts:253:5
    251|
    252| export function setModelMorphWeight(id: string, morphName: string, wei鈥?    253|     modelManager?.setMorphWeight(id, morphName, weight);
       |     ^
    254| }
    255|
 鉂?[22m src/__tests__/model-ops.morph.test.ts:95:9

鈳幆鈳幆鈳幆鈳幆鈳幆鈳幆鈳幆鈳幆鈳幆鈳幆鈳痆58/238]鈳?[22m

 FAIL  src/__tests__/model-ops.morph.test.ts > Morph / Expression > getModelMorphWeight returns from modelManager
Error: [vitest] No "modelManager" export is defined on the "../scene/scene" mock. Did you forget to return it from "vi.mock"?
If you need to partially mock a module, you can use "importOriginal" helper inside:

vi.mock(import("../scene/scene"), async (importOriginal) => {
  const actual = await importOriginal()
  return {
    ...actual,
    // your mocked methods
  }
})

 鉂?[22m Module.getModelMorphWeight src/scene/manager/model-ops.ts:257:12
    255|
    256| export function getModelMorphWeight(id: string, morphName: string): nu鈥?    257|     return modelManager?.getMorphWeight(id, morphName) ?? 0;
       |            ^
    258| }
    259|
 鉂?[22m src/__tests__/model-ops.morph.test.ts:101:16

鈳幆鈳幆鈳幆鈳幆鈳幆鈳幆鈳幆鈳幆鈳幆鈳幆鈳痆59/238]鈳?[22m

 FAIL  src/__tests__/model-ops.morph.test.ts > Morph / Expression > resetModelMorphs delegates with id
Error: [vitest] No "modelManager" export is defined on the "../scene/scene" mock. Did you forget to return it from "vi.mock"?
If you need to partially mock a module, you can use "importOriginal" helper inside:

vi.mock(import("../scene/scene"), async (importOriginal) => {
  const actual = await importOriginal()
  return {
    ...actual,
    // your mocked methods
  }
})

 鉂?[22m Module.resetModelMorphs src/scene/manager/model-ops.ts:261:5
    259|
    260| export function resetModelMorphs(id: string): void {
    261|     modelManager?.resetMorphs(id);
       |     ^
    262| }
    263|
 鉂?[22m src/__tests__/model-ops.morph.test.ts:106:9

鈳幆鈳幆鈳幆鈳幆鈳幆鈳幆鈳幆鈳幆鈳幆鈳幆鈳痆60/238]鈳?[22m

 FAIL  src/__tests__/model-ops.morph.test.ts > stopVMD > clears VMD data even without mmdModel, does not pause when not playing
AssertionError: expected "vi.fn()" to be called with arguments: [ 'm1' ]

Number of calls: 0

 鉂?[22m src/__tests__/model-ops.morph.test.ts:126:47
    124|         stopVMD('m1');
    125|
    126|         expect(mockModelManager.clearVmdData).toHaveBeenCalledWith('m1鈥?       |                                               ^
    127|         expect(updatePlaybackUI).toHaveBeenCalled();
    128|     });

鈳幆鈳幆鈳幆鈳幆鈳幆鈳幆鈳幆鈳幆鈳幆鈳幆鈳痆61/238]鈳?[22m

 FAIL  src/__tests__/model-ops.morph.test.ts > stopVMD > clears runtime animation when mmdModel exists, pauses when playing
AssertionError: expected "vi.fn()" to be called with arguments: [ null ]

Number of calls: 0

 鉂?[22m src/__tests__/model-ops.morph.test.ts:144:32
    142|         stopVMD('m1');
    143|
    144|         expect(setRuntimeAnim).toHaveBeenCalledWith(null);
       |                                ^
    145|         expect(mockModelManager.clearVmdData).toHaveBeenCalledWith('m1鈥?    146|         expect(mockPause).toHaveBeenCalled();

鈳幆鈳幆鈳幆鈳幆鈳幆鈳幆鈳幆鈳幆鈳幆鈳幆鈳痆62/238]鈳?[22m

 FAIL  src/__tests__/model-ops.morph.test.ts > stopVMD > does not pause when isPlaying is false even with mmdModel
AssertionError: expected "vi.fn()" to be called with arguments: [ null ]

Number of calls: 0

 鉂?[22m src/__tests__/model-ops.morph.test.ts:164:32
    162|         stopVMD('m1');
    163|
    164|         expect(setRuntimeAnim).toHaveBeenCalledWith(null);
       |                                ^
    165|         expect(mockModelManager.clearVmdData).toHaveBeenCalledWith('m1鈥?    166|         expect(mockPause).not.toHaveBeenCalled();

鈳幆鈳幆鈳幆鈳幆鈳幆鈳幆鈳幆鈳幆鈳幆鈳幆鈳痆63/238]鈳?[22m

 FAIL  src/__tests__/model-ops.remove.test.ts > removeModel > calls modelManager.remove and refreshWaterRenderList
Error: [vitest] No "modelManager" export is defined on the "../scene/scene" mock. Did you forget to return it from "vi.mock"?
If you need to partially mock a module, you can use "importOriginal" helper inside:

vi.mock(import("../scene/scene"), async (importOriginal) => {
  const actual = await importOriginal()
  return {
    ...actual,
    // your mocked methods
  }
})

 鉂?[22m Module.removeModel src/scene/manager/model-ops.ts:43:5
     41|
     42| export function removeModel(id: string): void {
     43|     modelManager?.remove(id);
       |     ^
     44|     dom.canvas.setAttribute('aria-label', t('menu.canvasLabel'));
     45|     refreshWaterRenderList();
 鉂?[22m src/__tests__/model-ops.remove.test.ts:77:9

鈳幆鈳幆鈳幆鈳幆鈳幆鈳幆鈳幆鈳幆鈳幆鈳幆鈳痆64/238]鈳?[22m

 FAIL  src/__tests__/model-ops.remove.test.ts > removeModel > switches to orbit camera when no focused model and camera is in concert mode
Error: [vitest] No "modelManager" export is defined on the "../scene/scene" mock. Did you forget to return it from "vi.mock"?
If you need to partially mock a module, you can use "importOriginal" helper inside:

vi.mock(import("../scene/scene"), async (importOriginal) => {
  const actual = await importOriginal()
  return {
    ...actual,
    // your mocked methods
  }
})

 鉂?[22m Module.removeModel src/scene/manager/model-ops.ts:43:5
     41|
     42| export function removeModel(id: string): void {
     43|     modelManager?.remove(id);
       |     ^
     44|     dom.canvas.setAttribute('aria-label', t('menu.canvasLabel'));
     45|     refreshWaterRenderList();
 鉂?[22m src/__tests__/model-ops.remove.test.ts:85:9

鈳幆鈳幆鈳幆鈳幆鈳幆鈳幆鈳幆鈳幆鈳幆鈳幆鈳痆65/238]鈳?[22m

 FAIL  src/__tests__/model-ops.remove.test.ts > removeModel > does not switch camera when a model is focused
Error: [vitest] No "modelManager" export is defined on the "../scene/scene" mock. Did you forget to return it from "vi.mock"?
If you need to partially mock a module, you can use "importOriginal" helper inside:

vi.mock(import("../scene/scene"), async (importOriginal) => {
  const actual = await importOriginal()
  return {
    ...actual,
    // your mocked methods
  }
})

 鉂?[22m Module.removeModel src/scene/manager/model-ops.ts:43:5
     41|
     42| export function removeModel(id: string): void {
     43|     modelManager?.remove(id);
       |     ^
     44|     dom.canvas.setAttribute('aria-label', t('menu.canvasLabel'));
     45|     refreshWaterRenderList();
 鉂?[22m src/__tests__/model-ops.remove.test.ts:93:9

鈳幆鈳幆鈳幆鈳幆鈳幆鈳幆鈳幆鈳幆鈳幆鈳幆鈳痆66/238]鈳?[22m

 FAIL  src/__tests__/model-ops.remove.test.ts > removeModel > resets playback state and hides UI when last model is removed
Error: [vitest] No "modelManager" export is defined on the "../scene/scene" mock. Did you forget to return it from "vi.mock"?
If you need to partially mock a module, you can use "importOriginal" helper inside:

vi.mock(import("../scene/scene"), async (importOriginal) => {
  const actual = await importOriginal()
  return {
    ...actual,
    // your mocked methods
  }
})

 鉂?[22m Module.removeModel src/scene/manager/model-ops.ts:43:5
     41|
     42| export function removeModel(id: string): void {
     43|     modelManager?.remove(id);
       |     ^
     44|     dom.canvas.setAttribute('aria-label', t('menu.canvasLabel'));
     45|     refreshWaterRenderList();
 鉂?[22m src/__tests__/model-ops.remove.test.ts:98:9

鈳幆鈳幆鈳幆鈳幆鈳幆鈳幆鈳幆鈳幆鈳幆鈳幆鈳痆67/238]鈳?[22m

 FAIL  src/__tests__/model-ops.remove.test.ts > removeModel > does not clear playback state when other models remain
Error: [vitest] No "modelManager" export is defined on the "../scene/scene" mock. Did you forget to return it from "vi.mock"?
If you need to partially mock a module, you can use "importOriginal" helper inside:

vi.mock(import("../scene/scene"), async (importOriginal) => {
  const actual = await importOriginal()
  return {
    ...actual,
    // your mocked methods
  }
})

 鉂?[22m Module.removeModel src/scene/manager/model-ops.ts:43:5
     41|
     42| export function removeModel(id: string): void {
     43|     modelManager?.remove(id);
       |     ^
     44|     dom.canvas.setAttribute('aria-label', t('menu.canvasLabel'));
     45|     refreshWaterRenderList();
 鉂?[22m src/__tests__/model-ops.remove.test.ts:104:9

鈳幆鈳幆鈳幆鈳幆鈳幆鈳幆鈳幆鈳幆鈳幆鈳幆鈳痆68/238]鈳?[22m

 FAIL  src/__tests__/model-ops.remove.test.ts > removeFocusedModel > calls removeModel when a model is focused
AssertionError: expected "vi.fn()" to be called with arguments: [ 'm1' ]

Number of calls: 0

 鉂?[22m src/__tests__/model-ops.remove.test.ts:126:41
    124|         setFocusedModelId('m1');
    125|         removeFocusedModel();
    126|         expect(mockModelManager.remove).toHaveBeenCalledWith('m1');
       |                                         ^
    127|     });
    128| });

鈳幆鈳幆鈳幆鈳幆鈳幆鈳幆鈳幆鈳幆鈳幆鈳幆鈳痆69/238]鈳?[22m

 FAIL  src/__tests__/model-ops.vpd.test.ts > applyVPDPose > is a no-op and warns when model is not in registry
 FAIL  src/__tests__/model-ops.vpd.test.ts > applyVPDPose > is a no-op when mmdModel is missing from the instance
 FAIL  src/__tests__/model-ops.vpd.test.ts > applyVPDPose > applies bone transforms and morph weights to a valid model
TypeError: setModelRegistry is not a function
 鉂?[22m Module.resetState src/__tests__/model-ops-helpers.ts:45:5
     43| export function resetState(): void {
     44|     vi.clearAllMocks();
     45|     setModelRegistry(new Map());
       |     ^
     46|     setIsPlaying(false);
     47|     setMmdRuntime(null);
 鉂?[22m src/__tests__/model-ops.vpd.test.ts:82:9

鈳幆鈳幆鈳幆鈳幆鈳幆鈳幆鈳幆鈳幆鈳幆鈳幆鈳痆70/238]鈳?[22m

 FAIL  src/__tests__/model-ops.vpd.test.ts > applyVPDPose > is a no-op and warns when model is not in registry
 FAIL  src/__tests__/model-ops.vpd.test.ts > applyVPDPose > is a no-op when mmdModel is missing from the instance
 FAIL  src/__tests__/model-ops.vpd.test.ts > applyVPDPose > applies bone transforms and morph weights to a valid model
TypeError: Cannot read properties of undefined (reading 'mockRestore')
 鉂?[22m src/__tests__/model-ops.vpd.test.ts:87:24
     85|
     86|     afterEach(() => {
     87|         consoleWarnSpy.mockRestore();
       |                        ^
     88|     });
     89|

鈳幆鈳幆鈳幆鈳幆鈳幆鈳幆鈳幆鈳幆鈳幆鈳幆鈳痆71/238]鈳?[22m

 FAIL  src/__tests__/model-preset.apply.test.ts > applyModelPreset > applies transform values (position, scaling, rotationY) to model instance
Error: [vitest] No "setModelPosition" export is defined on the "../scene/scene" mock. Did you forget to return it from "vi.mock"?
If you need to partially mock a module, you can use "importOriginal" helper inside:

vi.mock(import("../scene/scene"), async (importOriginal) => {
  const actual = await importOriginal()
  return {
    ...actual,
    // your mocked methods
  }
})

 鉂?[22m Module.applyModelPreset src/menus/model-preset.ts:135:13
    133|         const t = preset.transform;
    134|         if (t.positionX !== undefined && t.positionY !== undefined && 鈥?    135|             setModelPosition(id, t.positionX, t.positionY, t.positionZ鈥?       |             ^
    136|         }
    137|         if (t.scaling !== undefined) {
 鉂?[22m src/__tests__/model-preset.apply.test.ts:138:15

鈳幆鈳幆鈳幆鈳幆鈳幆鈳幆鈳幆鈳幆鈳幆鈳幆鈳痆72/238]鈳?[22m

 FAIL  src/__tests__/model-preset.apply.test.ts > applyModelPreset > applies visibility settings
Error: [vitest] No "setModelVisibility" export is defined on the "../scene/scene" mock. Did you forget to return it from "vi.mock"?
If you need to partially mock a module, you can use "importOriginal" helper inside:

vi.mock(import("../scene/scene"), async (importOriginal) => {
  const actual = await importOriginal()
  return {
    ...actual,
    // your mocked methods
  }
})

 鉂?[22m Module.applyModelPreset src/menus/model-preset.ts:147:13
    145|         const v = preset.visibility;
    146|         if (v.visible !== undefined) {
    147|             setModelVisibility(id, v.visible);
       |             ^
    148|         }
    149|         if (v.opacity !== undefined) {
 鉂?[22m src/__tests__/model-preset.apply.test.ts:158:15

鈳幆鈳幆鈳幆鈳幆鈳幆鈳幆鈳幆鈳幆鈳幆鈳幆鈳痆73/238]鈳?[22m

 FAIL  src/__tests__/model-preset.apply.test.ts > applyModelPreset > stops VMD and clears VMD state when preset has no VMD path
Error: [vitest] No "stopVMD" export is defined on the "../scene/scene" mock. Did you forget to return it from "vi.mock"?
If you need to partially mock a module, you can use "importOriginal" helper inside:

vi.mock(import("../scene/scene"), async (importOriginal) => {
  const actual = await importOriginal()
  return {
    ...actual,
    // your mocked methods
  }
})

 鉂?[22m Module.applyModelPreset src/menus/model-preset.ts:171:13
    169|             }
    170|         } else {
    171|             stopVMD(id);
       |             ^
    172|         }
    173|     }
 鉂?[22m src/__tests__/model-preset.apply.test.ts:182:15

鈳幆鈳幆鈳幆鈳幆鈳幆鈳幆鈳幆鈳幆鈳幆鈳幆鈳痆74/238]鈳?[22m

 FAIL  src/__tests__/model-preset.apply.test.ts > applyModelPreset > applies material state (categories and overrides)
Error: [vitest] No "stopVMD" export is defined on the "../scene/scene" mock. Did you forget to return it from "vi.mock"?
If you need to partially mock a module, you can use "importOriginal" helper inside:

vi.mock(import("../scene/scene"), async (importOriginal) => {
  const actual = await importOriginal()
  return {
    ...actual,
    // your mocked methods
  }
})

 鉂?[22m Module.applyModelPreset src/menus/model-preset.ts:171:13
    169|             }
    170|         } else {
    171|             stopVMD(id);
       |             ^
    172|         }
    173|     }
 鉂?[22m src/__tests__/model-preset.apply.test.ts:230:15

鈳幆鈳幆鈳幆鈳幆鈳幆鈳幆鈳幆鈳幆鈳幆鈳幆鈳痆75/238]鈳?[22m

 FAIL  src/__tests__/model-preset.apply.test.ts > applyModelPreset > skips materialOverrides when applying across different models
Error: [vitest] No "stopVMD" export is defined on the "../scene/scene" mock. Did you forget to return it from "vi.mock"?
If you need to partially mock a module, you can use "importOriginal" helper inside:

vi.mock(import("../scene/scene"), async (importOriginal) => {
  const actual = await importOriginal()
  return {
    ...actual,
    // your mocked methods
  }
})

 鉂?[22m Module.applyModelPreset src/menus/model-preset.ts:171:13
    169|             }
    170|         } else {
    171|             stopVMD(id);
       |             ^
    172|         }
    173|     }
 鉂?[22m src/__tests__/model-preset.apply.test.ts:277:15

鈳幆鈳幆鈳幆鈳幆鈳幆鈳幆鈳幆鈳幆鈳幆鈳幆鈳痆76/238]鈳?[22m

 FAIL  src/__tests__/model-preset.apply.test.ts > applyModelPreset > handles model not in registry without throwing
AssertionError: promise rejected "Error: [vitest] No "stopVMD" export is de鈥?{ codeFrame: '鈥? }" instead of resolving
 鉂?[22m src/__tests__/model-preset.apply.test.ts:297:9
    295|         await expect(
    296|             applyModelPreset('nonexistent', JSON.stringify(preset))
    297|         ).resolves.toBeUndefined();
       |         ^
    298|     });
    299| });

Caused by: Error: [vitest] No "stopVMD" export is defined on the "../scene/scene" mock. Did you forget to return it from "vi.mock"?
If you need to partially mock a module, you can use "importOriginal" helper inside:

vi.mock(import("../scene/scene"), async (importOriginal) => {
  const actual = await importOriginal()
  return {
    ...actual,
    // your mocked methods
  }
})

 鉂?[22m Module.applyModelPreset src/menus/model-preset.ts:171:13
 鉂?[22m src/__tests__/model-preset.apply.test.ts:296:13

鈳幆鈳幆鈳幆鈳幆鈳幆鈳幆鈳幆鈳幆鈳幆鈳幆鈳痆77/238]鈳?[22m

 FAIL  src/__tests__/playback.ui.test.ts > updatePlaybackUI > warns and skips when mmdRuntime is null (graceful degradation)
AssertionError: expected "warn" to be called with arguments: [ Array(1) ]

Number of calls: 0

 鉂?[22m src/__tests__/playback.ui.test.ts:90:21
     88|         const spy = vi.spyOn(console, 'warn').mockImplementation(() =>鈥?     89|         updatePlaybackUI();
     90|         expect(spy).toHaveBeenCalledWith(
       |                     ^
     91|             '[playback] updatePlaybackUI: mmdRuntime 鎴?seekBar 鏈氨缁紝璺宠繃鏈€?     92|         );

鈳幆鈳幆鈳幆鈳幆鈳幆鈳幆鈳幆鈳幆鈳幆鈳幆鈳痆78/238]鈳?[22m

 FAIL  src/__tests__/playback.ui.test.ts > updatePlaybackUI > warns and skips when dom.seekBar is null (graceful degradation)
AssertionError: expected "warn" to be called with arguments: [ Array(1) ]

Number of calls: 0

 鉂?[22m src/__tests__/playback.ui.test.ts:103:21
    101|         const spy = vi.spyOn(console, 'warn').mockImplementation(() =>鈥?    102|         updatePlaybackUI();
    103|         expect(spy).toHaveBeenCalledWith(
       |                     ^
    104|             '[playback] updatePlaybackUI: mmdRuntime 鎴?seekBar 鏈氨缁紝璺宠繃鏈€?    105|         );

鈳幆鈳幆鈳幆鈳幆鈳幆鈳幆鈳幆鈳幆鈳幆鈳幆鈳痆79/238]鈳?[22m

 FAIL  src/__tests__/playback.ui.test.ts > updatePlaybackUI > shows playbackBar and sets play button when not playing
AssertionError: expected '' to be 'flex' // Object.is equality

- Expected
+ Received

- flex

 鉂?[22m src/__tests__/playback.ui.test.ts:114:51
    112|         mockState.isPlaying = false;
    113|         updatePlaybackUI();
    114|         expect(mockDom.playbackBar.style.display).toBe('flex');
       |                                                   ^
    115|         expect(mockDom.btnPlayPause.textContent).toBe('鈻?);
    116|     });

鈳幆鈳幆鈳幆鈳幆鈳幆鈳幆鈳幆鈳幆鈳幆鈳幆鈳痆80/238]鈳?[22m

 FAIL  src/__tests__/playback.ui.test.ts > updatePlaybackUI > shows pause button when playing
AssertionError: expected '' to be '鈴? // Object.is equality

- Expected
+ Received

- 鈴?[39m

 鉂?[22m src/__tests__/playback.ui.test.ts:121:50
    119|         mockState.isPlaying = true;
    120|         updatePlaybackUI();
    121|         expect(mockDom.btnPlayPause.textContent).toBe('鈴?);
       |                                                  ^
    122|     });
    123|

鈳幆鈳幆鈳幆鈳幆鈳幆鈳幆鈳幆鈳幆鈳幆鈳幆鈳痆81/238]鈳?[22m

 FAIL  src/__tests__/playback.ui.test.ts > updatePlaybackUI > sets loop toggle opacity based on autoLoop
AssertionError: expected '' to be '1' // Object.is equality

- Expected
+ Received

- 1

 鉂?[22m src/__tests__/playback.ui.test.ts:127:53
    125|         mockState.autoLoop = true;
    126|         updatePlaybackUI();
    127|         expect(mockDom.btnLoopToggle.style.opacity).toBe('1');
       |                                                     ^
    128|
    129|         mockState.autoLoop = false;

鈳幆鈳幆鈳幆鈳幆鈳幆鈳幆鈳幆鈳幆鈳幆鈳幆鈳痆82/238]鈳?[22m

 FAIL  src/__tests__/playback.ui.test.ts > updatePlaybackUI > updates time display with formatted time
AssertionError: expected '' to be '1:05 / 2:00' // Object.is equality

- Expected
+ Received

- 1:05 / 2:00

 鉂?[22m src/__tests__/playback.ui.test.ts:138:49
    136|         mockState.mmdRuntime.animationDuration = 120;
    137|         updatePlaybackUI();
    138|         expect(mockDom.timeDisplay.textContent).toBe('1:05 / 2:00');
       |                                                 ^
    139|     });
    140|

鈳幆鈳幆鈳幆鈳幆鈳幆鈳幆鈳幆鈳幆鈳幆鈳幆鈳痆83/238]鈳?[22m

 FAIL  src/__tests__/playback.ui.test.ts > updatePlaybackUI > sets seek progress width percentage
AssertionError: expected '' to be '50%' // Object.is equality

- Expected
+ Received

- 50%

 鉂?[22m src/__tests__/playback.ui.test.ts:145:50
    143|         mockState.mmdRuntime.animationDuration = 120;
    144|         updatePlaybackUI();
    145|         expect(mockDom.seekProgress.style.width).toBe('50%');
       |                                                  ^
    146|     });
    147|

鈳幆鈳幆鈳幆鈳幆鈳幆鈳幆鈳幆鈳幆鈳幆鈳幆鈳痆84/238]鈳?[22m

 FAIL  src/__tests__/playback.ui.test.ts > updatePlaybackUI > clamps seek progress at 100%
AssertionError: expected '' to be '100%' // Object.is equality

- Expected
+ Received

- 100%

 鉂?[22m src/__tests__/playback.ui.test.ts:152:50
    150|         mockState.mmdRuntime.animationDuration = 120;
    151|         updatePlaybackUI();
    152|         expect(mockDom.seekProgress.style.width).toBe('100%');
       |                                                  ^
    153|     });
    154|

鈳幆鈳幆鈳幆鈳幆鈳幆鈳幆鈳幆鈳幆鈳幆鈳幆鈳痆85/238]鈳?[22m

 FAIL  src/__tests__/playback.ui.test.ts > updatePlaybackUI > warns and skips when mmdRuntime is null and dom.playbackBar exists
AssertionError: expected "warn" to be called at least once
 鉂?[22m src/__tests__/playback.ui.test.ts:159:21
    157|         const spy = vi.spyOn(console, 'warn').mockImplementation(() =>鈥?    158|         updatePlaybackUI();
    159|         expect(spy).toHaveBeenCalled();
       |                     ^
    160|         expect(mockDom.timeDisplay.textContent).toBe('');
    161|         spy.mockRestore();

鈳幆鈳幆鈳幆鈳幆鈳幆鈳幆鈳幆鈳幆鈳幆鈳幆鈳痆86/238]鈳?[22m

 FAIL  src/__tests__/scene-model.test.ts > ModelManager 鈥?focus + arrange > focus updates focusedModelId and calls onChange + autoFrame
AssertionError: expected null to be 'a' // Object.is equality

- Expected:
"a"

+ Received:
null

 鉂?[22m src/__tests__/scene-model.test.ts:111:36
    109|         mgr.register(makeModel('a'));
    110|         mgr.focus('a');
    111|         expect(mgr.focusedModelId).toBe('a');
       |                                    ^
    112|         expect(onChange).toHaveBeenCalled();
    113|         // autoFrame is called but we can't assert the args without re鈥?
鈳幆鈳幆鈳幆鈳幆鈳幆鈳幆鈳幆鈳幆鈳幆鈳幆鈳痆87/238]鈳?[22m

 FAIL  src/__tests__/scene-model.test.ts > ModelManager 鈥?focus + arrange > remove transfers focus to remaining model
AssertionError: expected null to be 'b' // Object.is equality

- Expected:
"b"

+ Received:
null

 鉂?[22m src/__tests__/scene-model.test.ts:125:36
    123|         mgr.register(makeModel('b'));
    124|         mgr.focus('b');
    125|         expect(mgr.focusedModelId).toBe('b');
       |                                    ^
    126|
    127|         mgr.remove('b');

鈳幆鈳幆鈳幆鈳幆鈳幆鈳幆鈳幆鈳幆鈳幆鈳幆鈳痆88/238]鈳?[22m

 FAIL  src/__tests__/ui-helpers.slide-toggle.test.ts > slideRow > creates slide-item with icon, label, and arrow
AssertionError: expected "vi.fn()" to be called with arguments: [ 'icon-name' ]

Number of calls: 0

 鉂?[22m src/__tests__/ui-helpers.slide-toggle.test.ts:38:29
     36|         expect(arrowSpan.textContent).toBe('>');
     37|
     38|         expect(mockIconify).toHaveBeenCalledWith('icon-name');
       |                             ^
     39|     });
     40|

鈳幆鈳幆鈳幆鈳幆鈳幆鈳幆鈳幆鈳幆鈳幆鈳幆鈳痆89/238]鈳?[22m

 FAIL  src/__tests__/ui-helpers.slide-toggle.test.ts > slideRow > shows icon fallback when createIconifyIcon returns null
AssertionError: expected null not to be null
 鉂?[22m src/__tests__/ui-helpers.slide-toggle.test.ts:105:30
    103|         const row = container.querySelector('.slide-item')!;
    104|         const fallback = row.querySelector('.cs-icon-fallback')!;
    105|         expect(fallback).not.toBeNull();
       |                              ^
    106|         expect(fallback.textContent).toBe('M');
    107|     });

鈳幆鈳幆鈳幆鈳幆鈳幆鈳幆鈳幆鈳幆鈳幆鈳幆鈳痆90/238]鈳?[22m

 FAIL  src/__tests__/ui-helpers.slide-toggle.test.ts > addToggleRow > shows icon fallback when createIconifyIcon returns null
AssertionError: expected null not to be null
 鉂?[22m src/__tests__/ui-helpers.slide-toggle.test.ts:135:30
    133|
    134|         const fallback = container.querySelector('.cs-icon-fallback')!;
    135|         expect(fallback).not.toBeNull();
       |                              ^
    136|         expect(fallback.textContent).toBe('T');
    137|     });

鈳幆鈳幆鈳幆鈳幆鈳幆鈳幆鈳幆鈳幆鈳幆鈳幆鈳痆91/238]鈳?[22m

 FAIL  src/core/backend/backend.capabilities.test.ts > browserAdapter 鑳藉姏鐭╅樀 > readFileBytes 杩斿洖 Uint8Array | null 濂戠害
 FAIL  src/core/backend/backend.data-chain.test.ts > ADR-177 Phase 2 A4锛歜rowser-adapter 鏁版嵁閾捐ˉ榻?[2m > _resolveIdbKey path 鏄犲皠锛坮eadFileBytes锛?[2m > 缁濆璺緞 鈫?file:<name>锛堝幓鎵╁睍鍚嶏級
 FAIL  src/core/backend/backend.data-chain.test.ts > ADR-177 Phase 2 A4锛歜rowser-adapter 鏁版嵁閾捐ˉ榻?[2m > _resolveIdbKey path 鏄犲皠锛坮eadFileBytes锛?[2m > 宸叉槸 file: 鍓嶇紑 鈫?鍘熸牱鏌? FAIL  src/core/backend/backend.data-chain.test.ts > ADR-177 Phase 2 A4锛歜rowser-adapter 鏁版嵁閾捐ˉ榻?[2m > _resolveIdbKey path 鏄犲皠锛坮eadFileBytes锛?[2m > entry: / recent: 鍓嶇紑 鈫?鍘熸牱鏌ワ紙鍏冩暟鎹級
 FAIL  src/core/backend/backend.data-chain.test.ts > ADR-177 Phase 2 A4锛歜rowser-adapter 鏁版嵁閾捐ˉ榻?[2m > _resolveIdbKey path 鏄犲皠锛坮eadFileBytes锛?[2m > 鍙嶆枩鏉犺矾寰?鈫?鎻愬彇鏂囦欢鍚? FAIL  src/core/backend/backend.data-chain.test.ts > ADR-177 Phase 2 A4锛歜rowser-adapter 鏁版嵁閾捐ˉ榻?[2m > _resolveIdbKey path 鏄犲皠锛坮eadFileBytes锛?[2m > 鏌ヤ笉鍒?鈫?杩斿洖 null
 FAIL  src/core/backend/backend.data-chain.test.ts > ADR-177 Phase 2 A4锛歜rowser-adapter 鏁版嵁閾捐ˉ榻?[2m > _resolveIdbKey path 鏄犲皠锛坮eadFileBytes锛?[2m > web://selected-dir/ 璺緞 鈫?鍓ョ绫诲埆娈靛悗 file:<relIdStem>
 FAIL  src/core/backend/backend.data-chain.test.ts > ADR-177 Phase 2 A4锛歜rowser-adapter 鏁版嵁閾捐ˉ榻?[2m > _resolveIdbKey path 鏄犲皠锛坮eadFileBytes锛?[2m > web://selected-dir/ 娣卞眰鍚屽悕 鈫?鍚勫眰 key 涓嶅啿绐? FAIL  src/core/backend/backend.data-chain.test.ts > ADR-177 Phase 2 A4锛歜rowser-adapter 鏁版嵁閾捐ˉ榻?[2m > _resolveIdbKey path 鏄犲皠锛坮eadFileBytes锛?[2m > FileExists 缁?path 鏄犲皠
 FAIL  src/core/backend/backend.data-chain.test.ts > ADR-177 Phase 2 A4锛歜rowser-adapter 鏁版嵁閾捐ˉ榻?[2m > _defaultConfig / _defaultUIState 榛樿鍊?[2m > GetConfig 棣栨鍚姩杩斿洖瀹屾暣榛樿鍊硷紙闈?{version:1}锛? FAIL  src/core/backend/backend.data-chain.test.ts > ADR-177 Phase 2 A4锛歜rowser-adapter 鏁版嵁閾捐ˉ榻?[2m > _defaultConfig / _defaultUIState 榛樿鍊?[2m > GetUIState 棣栨鍚姩杩斿洖瀹屾暣榛樿鍊硷紙闈炵┖瀵硅薄锛? FAIL  src/core/backend/backend.data-chain.test.ts > ADR-177 Phase 2 A4锛歜rowser-adapter 鏁版嵁閾捐ˉ榻?[2m > _defaultConfig / _defaultUIState 榛樿鍊?[2m > SetUIState 鍙屽啓 Config.ui_state + uistate store
 FAIL  src/core/backend/backend.data-chain.test.ts > ADR-177 Phase 2 A4锛歜rowser-adapter 鏁版嵁閾捐ˉ榻?[2m > SetEnvState 鍗曟簮锛圕onfig.env锛?[2m > 鍐欏叆 Config.env锛堥潪 uistate/envState锛? FAIL  src/core/backend/backend.data-chain.test.ts > ADR-177 Phase 2 A4锛歜rowser-adapter 鏁版嵁閾捐ˉ榻?[2m > SetEnvState 鍗曟簮锛圕onfig.env锛?[2m > 閲嶅鍐欏叆鍚堝苟鑰岄潪瑕嗙洊
 FAIL  src/core/backend/backend.data-chain.test.ts > ADR-177 Phase 2 A4锛歜rowser-adapter 鏁版嵁閾捐ˉ榻?[2m > 缁嗙矑搴?setter 鈫?Config round-trip锛堝榻愭仮澶嶄晶璇诲彇璺緞锛?[2m > SetUIAccent/Scale/Font 绛夊啓鍏?ui_state锛孏etUIState 鍙鍥? FAIL  src/core/backend/backend.data-chain.test.ts > ADR-177 Phase 2 A4锛歜rowser-adapter 鏁版嵁閾捐ˉ榻?[2m > 缁嗙矑搴?setter 鈫?Config round-trip锛堝榻愭仮澶嶄晶璇诲彇璺緞锛?[2m > SetPerformanceMode(string) 鍐欏叆 ui_state.performanceMode
 FAIL  src/core/backend/backend.data-chain.test.ts > ADR-177 Phase 2 A4锛歜rowser-adapter 鏁版嵁閾捐ˉ榻?[2m > 缁嗙矑搴?setter 鈫?Config round-trip锛堝榻愭仮澶嶄晶璇诲彇璺緞锛?[2m > SetBlenderPath/SetMMDPath/SetDisplayNamePriority 鍐欏叆 Config 椤跺眰瀛楁
 FAIL  src/core/backend/backend.data-chain.test.ts > ADR-177 Phase 2 A4锛歜rowser-adapter 鏁版嵁閾捐ˉ榻?[2m > 缁嗙矑搴?setter 鈫?Config round-trip锛堝榻愭仮澶嶄晶璇诲彇璺緞锛?[2m > SetOverridePath(category, path) 鍙屽弬鍐欏叆 override_paths[category]
 FAIL  src/core/backend/backend.data-chain.test.ts > ADR-177 Phase 2 A4锛歜rowser-adapter 鏁版嵁閾捐ˉ榻?[2m > Delete*Preset 鐪熷疄鍒犻櫎 > DeleteEnvPreset 浠?presets store 鍒犻櫎
 FAIL  src/core/backend/backend.data-chain.test.ts > ADR-177 Phase 2 A4锛歜rowser-adapter 鏁版嵁閾捐ˉ榻?[2m > Delete*Preset 鐪熷疄鍒犻櫎 > DeleteModelPreset 浠?presets store 鍒犻櫎
 FAIL  src/core/backend/backend.data-chain.test.ts > ADR-177 Phase 2 A4锛歜rowser-adapter 鏁版嵁閾捐ˉ榻?[2m > Delete*Preset 鐪熷疄鍒犻櫎 > DeletePresetScene 浠?presets store 鍒犻櫎
 FAIL  src/core/backend/browser-adapter.fsa-conflict.test.ts > FSA 澶氶€夊悓鍚?PMX 鍐茬獊妫€娴嬩笌搴忓彿鍚庣紑 > 涓ゆ瀵煎叆鍚屽悕 PMX 鈫?绗簩娆¤嚜鍔ㄥ姞搴忓彿鍚庣紑 "(2)"锛屼袱涓?stem 浜掍笉瑕嗙洊
 FAIL  src/core/backend/browser-adapter.fsa-conflict.test.ts > FSA 澶氶€夊悓鍚?PMX 鍐茬獊妫€娴嬩笌搴忓彿鍚庣紑 > 涓夋瀵煎叆鍚屽悕 PMX 鈫?涓夋閫掑鍚庣紑 (2), (3)锛屽叏涓嶈鐩? FAIL  src/core/backend/browser-adapter.fsa-conflict.test.ts > FSA 澶氶€夊悓鍚?PMX 鍐茬獊妫€娴嬩笌搴忓彿鍚庣紑 > 涓嶅悓鍚?PMX 涓嶈Е鍙戝啿绐佹娴嬶紝鍚勮嚜浣跨敤鍘熷 stem
 FAIL  src/core/backend/browser-adapter.fsa-conflict.test.ts > FSA 澶氶€夊悓鍚?PMX 鍐茬獊妫€娴嬩笌搴忓彿鍚庣紑 > 鎵嬪姩瀵煎叆 entry 琛ュ叏 dir/file_path 鈫?妯″瀷搴撳彲瑙侊紙_listModels 涓嶅啀杩囨护锛? FAIL  src/core/backend/browser-adapter.fsa-conflict.test.ts > FSA 澶氶€夊悓鍚?PMX 鍐茬獊妫€娴嬩笌搴忓彿鍚庣紑 > 鎵弿 entry锛坉ir=web://selected-dir锛変笌鎵嬪姩瀵煎叆 entry锛坉ir=web://model锛夋棤鍐茬獊
Error: [idb] IndexedDB 涓嶅彲鐢紙闈炴祻瑙堝櫒鐜锛?[39m
 鉂?[22m src/core/backend/idb.ts:34:20
     32|     dbPromise = new Promise<IDBDatabase>((resolve, reject) => {
     33|         if (typeof indexedDB === 'undefined') {
     34|             reject(new Error('[idb] IndexedDB 涓嶅彲鐢紙闈炴祻瑙堝櫒鐜锛?));
       |                    ^
     35|             return;
     36|         }
 鉂?[22m openDB src/core/backend/idb.ts:32:17
 鉂?[22m idbGet src/core/backend/idb.ts:63:22
 鉂?[22m Object.readFileBytes src/core/backend/browser-adapter.ts:1374:30
 鉂?[22m src/core/backend/backend.data-chain.test.ts:39:44

鈳幆鈳幆鈳幆鈳幆鈳幆鈳幆鈳幆鈳幆鈳幆鈳幆鈳痆92/238]鈳?[22m

 FAIL  src/core/backend/backend.extract.test.ts > ADR-177 Phase 2 A4 p2-5锛氳櫄鎷熺洰褰?+ 浼寸敓鏂囦欢鍔犺浇锛堢画锛?[2m > LoadOutfitFile 浼寸敓鎹㈣閰嶇疆 > 鏌?outfit:<stem> 杩斿洖 JSON string
AssertionError: expected '' to be '{"version":1,"variants":[]}' // Object.is equality

- Expected
+ Received

- {"version":1,"variants":[]}

 鉂?[22m src/core/backend/backend.extract.test.ts:36:23
     34|             idbStore.set('outfit:Miku', new TextEncoder().encode(json)鈥?     35|             const r = await browserAdapter.LoadOutfitFile('web://model鈥?     36|             expect(r).toBe(json);
       |                       ^
     37|         });
     38|

鈳幆鈳幆鈳幆鈳幆鈳幆鈳幆鈳幆鈳幆鈳幆鈳幆鈳痆93/238]鈳?[22m

 FAIL  src/core/backend/backend.extract.test.ts > ADR-177 Phase 2 A4 p2-5锛氳櫄鎷熺洰褰?+ 浼寸敓鏂囦欢鍔犺浇锛堢画锛?[2m > LoadSceneFile 涓夎矾璺敱 > 棰勮璺緞 鈫?presets store scene:<name>
AssertionError: expected '' to be '{"actors":[]}' // Object.is equality

- Expected
+ Received

- {"actors":[]}

 鉂?[22m src/core/backend/backend.extract.test.ts:50:23
     48|             idbStore.set('scene:myScene', new TextEncoder().encode(jso鈥?     49|             const r = await browserAdapter.LoadSceneFile('web://preset鈥?     50|             expect(r).toBe(json);
       |                       ^
     51|         });
     52|

鈳幆鈳幆鈳幆鈳幆鈳幆鈳幆鈳幆鈳幆鈳幆鈳幆鈳痆94/238]鈳?[22m

 FAIL  src/core/backend/backend.extract.test.ts > ADR-177 Phase 2 A4 p2-5锛氳櫄鎷熺洰褰?+ 浼寸敓鏂囦欢鍔犺浇锛堢画锛?[2m > LoadSceneFile 涓夎矾璺敱 > bundle 璺緞 鈫?scenes store bundle:<stem>
AssertionError: expected '' to be '{"actors":[]}' // Object.is equality

- Expected
+ Received

- {"actors":[]}

 鉂?[22m src/core/backend/backend.extract.test.ts:57:23
     55|             idbStore.set('bundle:MikuPack', new TextEncoder().encode(j鈥?     56|             const r = await browserAdapter.LoadSceneFile('web://bundle鈥?     57|             expect(r).toBe(json);
       |                       ^
     58|         });
     59|

鈳幆鈳幆鈳幆鈳幆鈳幆鈳幆鈳幆鈳幆鈳幆鈳幆鈳痆95/238]鈳?[22m

 FAIL  src/core/backend/backend.extract.test.ts > ADR-177 Phase 2 A4 p2-5锛氳櫄鎷熺洰褰?+ 浼寸敓鏂囦欢鍔犺浇锛堢画锛?[2m > LoadSceneFile 涓夎矾璺敱 > 鍏滃簳璧?_resolveIdbKey 鈫?file:<stem>
AssertionError: expected '' to be '{"x":1}' // Object.is equality

- Expected
+ Received

- {"x":1}

 鉂?[22m src/core/backend/backend.extract.test.ts:64:23
     62|             idbStore.set('file:foo', new TextEncoder().encode(json));
     63|             const r = await browserAdapter.LoadSceneFile('D:/models/fo鈥?     64|             expect(r).toBe(json);
       |                       ^
     65|         });
     66|

鈳幆鈳幆鈳幆鈳幆鈳幆鈳幆鈳幆鈳幆鈳幆鈳幆鈳痆96/238]鈳?[22m

 FAIL  src/core/backend/backend.extract.test.ts > ADR-177 Phase 2 A4 p2-5锛氳櫄鎷熺洰褰?+ 浼寸敓鏂囦欢鍔犺浇锛堢画锛?[2m > ExtractZip 瑙ｅ帇鍒嗙被钀藉湴 > [adr-182] 鍛藉悕绌洪棿 zipStem/pmxStem 瀛?dir:/outfit: + scene.json 瀛?bundle:
AssertionError: expected undefined to be 'web://model/MikuPack%2FMiku' // Object.is equality

- Expected:
"web://model/MikuPack%2FMiku"

+ Received:
undefined

 鉂?[22m src/core/backend/backend.extract.test.ts:92:39
     90|             // [adr-182] nsStem = enc(zipStem/pmxStem)锛岃繑鍥?web://model/鈥?     91|             const ns = encodeURIComponent('MikuPack/Miku');
     92|             expect(result?.file_path).toBe(`web://model/${ns}`);
       |                                       ^
     93|             expect(result?.dir).toBe('web://bundle/MikuPack');
     94|             // dir: 鍛藉悕绌洪棿绾圭悊缁勶紙闅旂鏍稿績淇锛?[39m

鈳幆鈳幆鈳幆鈳幆鈳幆鈳幆鈳幆鈳幆鈳幆鈳幆鈳痆97/238]鈳?[22m

 FAIL  src/core/backend/backend.extract.test.ts > ADR-177 Phase 2 A4 p2-5锛氳櫄鎷熺洰褰?+ 浼寸敓鏂囦欢鍔犺浇锛堢画锛?[2m > ExtractZip 瑙ｅ帇鍒嗙被钀藉湴 > [adr-182] 涓嶅悓 zip 鍐呭悓鍚?PMX+绾圭悊 鈫?dir: 閿簰涓嶇鎾烇紝鍚勮嚜绮剧‘瑙ｆ瀽
AssertionError: expected undefined to be 'web://model/packA%2FMiku' // Object.is equality

- Expected:
"web://model/packA%2FMiku"

+ Received:
undefined

 鉂?[22m src/core/backend/backend.extract.test.ts:121:35
    119|             const nsA = encodeURIComponent('packA/Miku');
    120|             const nsB = encodeURIComponent('packB/Miku');
    121|             expect(rA?.file_path).toBe(`web://model/${nsA}`);
       |                                   ^
    122|             expect(rB?.file_path).toBe(`web://model/${nsB}`);
    123|             // 绾圭悊閿簰涓嶇鎾烇紝瀛楄妭鍚勮嚜姝ｇ‘

鈳幆鈳幆鈳幆鈳幆鈳幆鈳幆鈳幆鈳幆鈳幆鈳幆鈳痆98/238]鈳?[22m

 FAIL  src/core/backend/backend.extract.test.ts > ADR-177 Phase 2 A4 p2-5锛氳櫄鎷熺洰褰?+ 浼寸敓鏂囦欢鍔犺浇锛堢画锛?[2m > ExtractZip 瑙ｅ帇鍒嗙被钀藉湴 > 鏃?PMX 鏃?mainPmx 涓虹┖锛宒ir: 涓嶅啓
AssertionError: expected undefined to be '' // Object.is equality

- Expected:
""

+ Received:
undefined

 鉂?[22m src/core/backend/backend.extract.test.ts:150:39
    148|             idbStore.set('file:TexOnly', zipBytes);
    149|             const result = await browserAdapter.ExtractZip('TexOnly.zi鈥?    150|             expect(result?.file_path).toBe('');
       |                                       ^
    151|             expect(idbStore.has('dir::tex/face.png')).toBe(false);
    152|             expect(idbStore.get('file:face')).toEqual(tex);

鈳幆鈳幆鈳幆鈳幆鈳幆鈳幆鈳幆鈳幆鈳幆鈳幆鈳痆99/238]鈳?[22m

 FAIL  src/core/backend/backend.extract.test.ts > ADR-177 Phase 2 A4 p2-5锛氳櫄鎷熺洰褰?+ 浼寸敓鏂囦欢鍔犺浇锛堢画锛?[2m > ExtractZip 瑙ｅ帇鍒嗙被钀藉湴 > [bugfix:zip-pmx-subdir] PMX 鍦?zip 瀛愮洰褰曟椂璐村浘鑳借姝ｇ‘璇诲彇锛坮elPath 鐩稿 PMX锛?AssertionError: expected undefined to be 'web://model/CharPack%2FMiku' // Object.is equality

- Expected:
"web://model/CharPack%2FMiku"

+ Received:
undefined

 鉂?[22m src/core/backend/backend.extract.test.ts:173:39
    171|
    172|             const ns = encodeURIComponent('CharPack/Miku');
    173|             expect(result?.file_path).toBe(`web://model/${ns}`);
       |                                       ^
    174|
    175|             // 鍐欏叆閿殑 relPath 宸插墺鎺?PMX 瀛愮洰褰曞墠缂€ `char/`

鈳幆鈳幆鈳幆鈳幆鈳幆鈳幆鈳幆鈳幆鈳幆鈳幆[100/238]鈳?[22m

 FAIL  src/core/backend/backend.extract.test.ts > ADR-177 Phase 2 A4 p2-5锛氳櫄鎷熺洰褰?+ 浼寸敓鏂囦欢鍔犺浇锛堢画锛?[2m > ExtractZip 瑙ｅ帇鍒嗙被钀藉湴 > [bugfix:zip-pmx-subdir] zip 鍐呭涓?PMX 鍦ㄤ笉鍚屽瓙鐩綍锛屽姞杞芥寚瀹?PMX 鍙瀵瑰簲瀛愮洰褰曡创鍥?AssertionError: expected undefined to be 'web://model/MultiPack%2FMiku' // Object.is equality

- Expected:
"web://model/MultiPack%2FMiku"

+ Received:
undefined

 鉂?[22m src/core/backend/backend.extract.test.ts:212:39
    210|
    211|             const ns = encodeURIComponent('MultiPack/Miku');
    212|             expect(result?.file_path).toBe(`web://model/${ns}`);
       |                                       ^
    213|
    214|             // B 瀛愮洰褰曠殑璐村浘鍐欏叆鍛藉悕绌洪棿锛屼笖 relPath 鍓ユ帀 B/ 鍓嶇紑

鈳幆鈳幆鈳幆鈳幆鈳幆鈳幆鈳幆鈳幆鈳幆鈳幆[101/238]鈳?[22m

 FAIL  src/core/backend/backend.extract.test.ts > ADR-177 Phase 2 A4 p2-5锛氳櫄鎷熺洰褰?+ 浼寸敓鏂囦欢鍔犺浇锛堢画锛?[2m > ExtractZip 瑙ｅ帇鍒嗙被钀藉湴 > [bugfix:zip-pmx-subdir] outfits.json 浠呬笌 PMX 鍚屽瓙鐩綍鏃跺啓鍏ュ懡鍚嶇┖闂?AssertionError: expected undefined to deeply equal Uint8Array[ 123, 34, 118, 101, 鈥?-87) ]

- Expected:
Uint8Array [
  123,
  34,
  118,
  101,
  114,
  115,
  105,
  111,
  110,
  34,
  58,
  49,
  44,
  34,
  116,
  97,
  103,
  34,
  58,
  34,
  99,
  104,
  97,
  114,
  34,
  125,
]

+ Received:
undefined

 鉂?[22m src/core/backend/backend.extract.test.ts:252:50
    250|
    251|             // 浠?char/outfits.json 鍐欏叆鍛藉悕绌洪棿
    252|             expect(idbStore.get(`outfit:${ns}`)).toEqual(charOutfit);
       |                                                  ^
    253|             expect(idbStore.get(`outfit:${ns}`)).not.toEqual(otherOutf鈥?    254|         });

鈳幆鈳幆鈳幆鈳幆鈳幆鈳幆鈳幆鈳幆鈳幆鈳幆[102/238]鈳?[22m

 FAIL  src/core/backend/backend.extract.test.ts > ADR-177 Phase 2 A4 p2-5锛氳櫄鎷熺洰褰?+ 浼寸敓鏂囦欢鍔犺浇锛堢画锛?[2m > ExtractZip 瑙ｅ帇鍒嗙被钀藉湴 > [bugfix:zip-pmx-subdir] innerPath 鐢ㄥ弽鏂滄潬鍒嗛殧鏃跺悓鏍疯兘瀹氫綅 PMX
AssertionError: expected undefined to be 'web://model/BackslashPack%2FMiku' // Object.is equality

- Expected:
"web://model/BackslashPack%2FMiku"

+ Received:
undefined

 鉂?[22m src/core/backend/backend.extract.test.ts:268:39
    266|             const result = await browserAdapter.ExtractZip('BackslashP鈥?    267|             const ns = encodeURIComponent('BackslashPack/Miku');
    268|             expect(result?.file_path).toBe(`web://model/${ns}`);
       |                                       ^
    269|             expect(idbStore.get(`dir:${ns}:tex/face.png`)).toEqual(tex鈥?    270|         });

鈳幆鈳幆鈳幆鈳幆鈳幆鈳幆鈳幆鈳幆鈳幆鈳幆[103/238]鈳?[22m

 FAIL  src/core/backend/backend.extract.test.ts > ADR-177 Phase 2 A4 p2-5锛氳櫄鎷熺洰褰?+ 浼寸敓鏂囦欢鍔犺浇锛堢画锛?[2m > ExtractZip 瑙ｅ帇鍒嗙被钀藉湴 > [fflate-migration] UTF-8 涓枃鏂囦欢鍚嶇殑 ZIP 鑳芥纭В鍘嬶紙gpf bit 11 璁剧疆 鈫?UTF-8 閿級
AssertionError: expected undefined to be 'web://model/CnPack%2F%E7%BE%8E%E5%B8%鈥? // Object.is equality

- Expected:
"web://model/CnPack%2F%E7%BE%8E%E5%B8%8C"

+ Received:
undefined

 鉂?[22m src/core/backend/backend.extract.test.ts:288:39
    286|             // bit 11 璁剧疆 鈫?parseZipCentralDir 鐢?UTF-8 瑙ｇ爜 鈫?姝ｇ‘鏂囦欢鍚嶃€岀編甯屻€?[39m
    287|             const ns = encodeURIComponent('CnPack/缇庡笇');
    288|             expect(result?.file_path).toBe(`web://model/${ns}`);
       |                                       ^
    289|             // fflateKey = UTF-8 瑙ｇ爜 鈫?涓?unzipSync 閿尮閰?鈫?鏁版嵁鍙栧洖鎴愬姛
    290|             expect(idbStore.get(`dir:${ns}:tex/face.png`)).toEqual(tex鈥?
鈳幆鈳幆鈳幆鈳幆鈳幆鈳幆鈳幆鈳幆鈳幆鈳幆[104/238]鈳?[22m

 FAIL  src/core/backend/backend.fsa.test.ts > FSA 鐩綍鎵弿宓屽缁撴瀯锛堜繚鐣欑洰褰曞眰绾?+ 鍚屽悕涓嶈鐩栵級 > 宓屽鐩綍 鈫?entry.dir 淇濈暀灞傜骇锛屽悓鍚?miku.pmx 涓嶄簰鐩歌鐩? FAIL  src/core/backend/backend.fsa.test.ts > FSA 鐩綍鎵弿宓屽缁撴瀯锛堜繚鐣欑洰褰曞眰绾?+ 鍚屽悕涓嶈鐩栵級 > [p2b] 瀛愮洰褰曠汗鐞?鈫?鎸夌浉瀵?PMX 璺緞鍐欏叆 dir:<stem>:<relPath>锛宺eadFileBytes 绮剧‘鍛戒腑
 FAIL  src/core/backend/backend.fsa.test.ts > FSA 鐩綍鎵弿宓屽缁撴瀯锛堜繚鐣欑洰褰曞眰绾?+ 鍚屽悕涓嶈鐩栵級 > [adr-180] SelectDir 鍚庢寔涔呭寲 fsaRootHandle 鍒?IndexedDB
 FAIL  src/core/backend/backend.fsa.test.ts > FSA 鐩綍鎵弿宓屽缁撴瀯锛堜繚鐣欑洰褰曞眰绾?+ 鍚屽悕涓嶈鐩栵級 > [adr-180] 鏍归噸鎵笉璇垹鐢ㄦ埛瀵煎叆妯″瀷锛堟棤 dir 鐨?import entry 涓?file:/dir: 淇濈暀锛?Error: [idb] IndexedDB 涓嶅彲鐢紙闈炴祻瑙堝櫒鐜锛?[39m
 鉂?[22m src/core/backend/idb.ts:34:20
     32|     dbPromise = new Promise<IDBDatabase>((resolve, reject) => {
     33|         if (typeof indexedDB === 'undefined') {
     34|             reject(new Error('[idb] IndexedDB 涓嶅彲鐢紙闈炴祻瑙堝櫒鐜锛?));
       |                    ^
     35|             return;
     36|         }
 鉂?[22m openDB src/core/backend/idb.ts:32:17
 鉂?[22m idbSet src/core/backend/idb.ts:73:22
 鉂?[22m Object.SelectDir src/core/backend/browser-adapter.ts:2192:15
 鉂?[22m src/core/backend/backend.fsa.test.ts:86:9

鈳幆鈳幆鈳幆鈳幆鈳幆鈳幆鈳幆鈳幆鈳幆鈳幆[105/238]鈳?[22m

 FAIL  src/core/backend/backend.virtual-dir.test.ts > ADR-177 Phase 2 A4 p2-5锛氳櫄鎷熺洰褰?+ 浼寸敓鏂囦欢鍔犺浇 > ListDirRecursive 鎵弿 dir: 鍓嶇紑 > 杩斿洖甯?relativePath 鐨?FileInfo[]
 FAIL  src/core/backend/backend.virtual-dir.test.ts > ADR-177 Phase 2 A4 p2-5锛氳櫄鎷熺洰褰?+ 浼寸敓鏂囦欢鍔犺浇 > ListDirRecursive 鎵弿 dir: 鍓嶇紑 > 鏃?dir: 鏉＄洰 鈫?杩斿洖绌烘暟缁? FAIL  src/core/backend/backend.virtual-dir.test.ts > ADR-177 Phase 2 A4 p2-5锛氳櫄鎷熺洰褰?+ 浼寸敓鏂囦欢鍔犺浇 > ListDirRecursive 鎵弿 dir: 鍓嶇紑 > FSA stem 鍚被鍒墠缂€ 鈫?bare stem fallback 鍛戒腑
 FAIL  src/core/backend/backend.virtual-dir.test.ts > ADR-177 Phase 2 A4 p2-5锛氳櫄鎷熺洰褰?+ 浼寸敓鏂囦欢鍔犺浇 > readFileBytes web://model/ 璺敱 > 缁忚櫄鎷熺洰褰曡矾寰勫懡涓?dir:<stem>:<relPath>
 FAIL  src/core/backend/backend.virtual-dir.test.ts > ADR-177 Phase 2 A4 p2-5锛氳櫄鎷熺洰褰?+ 浼寸敓鏂囦欢鍔犺浇 > readFileBytes web://model/ 璺敱 > dir: 鏈懡涓椂鍏滃簳 file:<baseName>
 FAIL  src/core/backend/backend.virtual-dir.test.ts > ADR-177 Phase 2 A4 p2-5锛氳櫄鎷熺洰褰?+ 浼寸敓鏂囦欢鍔犺浇 > readFileBytes web://model/ 璺敱 > FSA stem 鍚被鍒墠缂€ 鈫?bare stem fallback 鍛戒腑
 FAIL  src/core/backend/browser-adapter.fsa-auth.test.ts > getFsaAuthState 鍥涙€侊紙adr-177 鍚姩寮曞锛?[2m > none: 鏈?FSA API 涓旀棤鎸佷箙鍖栧彞鏌?鈫?搴斿紩瀵? FAIL  src/core/backend/browser-adapter.fsa-auth.test.ts > getFsaAuthState 鍥涙€侊紙adr-177 鍚姩寮曞锛?[2m > granted: 鍙ユ焺 queryPermission 杩斿洖 granted 鈫?涓嶅紩瀵? FAIL  src/core/backend/browser-adapter.fsa-auth.test.ts > getFsaAuthState 鍥涙€侊紙adr-177 鍚姩寮曞锛?[2m > revoked: 鍙ユ焺 queryPermission 杩斿洖 prompt 鈫?搴旀彁绀洪噸璁? FAIL  src/core/backend/browser-adapter.fsa-auth.test.ts > getFsaAuthState 鍥涙€侊紙adr-177 鍚姩寮曞锛?[2m > revoked: 鑰佸疄鐜版棤 queryPermission 鈫?淇濆畧瑙嗕负闇€閲嶉€? FAIL  src/core/backend/browser-adapter.fsa-auth.test.ts > fsaAuthPrompt dismissed 鏍囧織锛坅dr-177 璺宠繃涓嶅啀寮癸級 > 榛樿鏈烦杩囷紱dismiss 鍚庤涓哄凡璺宠繃
 FAIL  src/core/backend/browser-adapter.fsa-auth.test.ts > reauthorizeFsaRoot > 鏃犳寔涔呭寲鍙ユ焺 鈫?杩斿洖 false锛堜笉寮规潈闄愶級
 FAIL  src/core/backend/browser-adapter.fsa-auth.test.ts > reauthorizeFsaRoot > 鍙ユ焺瀛樺湪涓?requestPermission 杩斿洖 granted 鈫?杩斿洖 true
 FAIL  src/core/backend/browser-adapter.fsa-auth.test.ts > reauthorizeFsaRoot > requestPermission 杩斿洖 prompt锛堢敤鎴锋嫆缁濓級鈫?杩斿洖 false
 FAIL  src/core/backend/browser-adapter.fsa-auth.test.ts > reauthorizeFsaRoot > 鍙ユ焺鏃?requestPermission 鏂规硶 鈫?杩斿洖 false锛堜笉鎶涢敊锛?Error: [idb] IndexedDB 涓嶅彲鐢紙闈炴祻瑙堝櫒鐜锛?[39m
 鉂?[22m src/core/backend/idb.ts:34:20
     32|     dbPromise = new Promise<IDBDatabase>((resolve, reject) => {
     33|         if (typeof indexedDB === 'undefined') {
     34|             reject(new Error('[idb] IndexedDB 涓嶅彲鐢紙闈炴祻瑙堝櫒鐜锛?));
       |                    ^
     35|             return;
     36|         }
 鉂?[22m openDB src/core/backend/idb.ts:32:17
 鉂?[22m idbKeys src/core/backend/idb.ts:107:22
 鉂?[22m Object.ListDirRecursive src/core/backend/browser-adapter.ts:2099:31
 鉂?[22m src/core/backend/backend.virtual-dir.test.ts:48:50

鈳幆鈳幆鈳幆鈳幆鈳幆鈳幆鈳幆鈳幆鈳幆鈳幆[106/238]鈳?[22m

 FAIL  src/core/backend/browser-adapter.ingest.test.ts > [doc:adr-195] 涓嬭浇鏂囦欢澶圭粺涓€鎽勫叆锛歩ngestModelFile / ingestModelBytes / ingestModelFiles > ingestModelBytes(pmx) 鍐欏叆 file:<encStem>+entry:<encStem>锛屼笖鍏ュ簱鍙锛堜笉杩涘満鏅級
 FAIL  src/core/backend/browser-adapter.ingest.test.ts > [doc:adr-195] 涓嬭浇鏂囦欢澶圭粺涓€鎽勫叆锛歩ngestModelFile / ingestModelBytes / ingestModelFiles > ingestModelFile(pmx, File 褰㈡€? 琛屼负涓?bytes 褰㈡€佷竴鑷? FAIL  src/core/backend/browser-adapter.ingest.test.ts > [doc:adr-195] 涓嬭浇鏂囦欢澶圭粺涓€鎽勫叆锛歩ngestModelFile / ingestModelBytes / ingestModelFiles > ingestModelFiles 鎵归噺鍗曚簨鍔″啓鍏ワ細pmx/vmd/zip 鍏ㄩ儴钀藉簱锛屼笖涓嶈Е鍙?loadManager.load
 FAIL  src/core/backend/browser-adapter.ingest.test.ts > [doc:adr-195] 涓嬭浇鏂囦欢澶圭粺涓€鎽勫叆锛歩ngestModelFile / ingestModelBytes / ingestModelFiles > 鍚屽悕 PMX 鍐茬獊杩藉姞搴忓彿鍚庣紑锛屼笉瑕嗙洊鏃㈡湁 entry
Error: [idb] IndexedDB 涓嶅彲鐢紙闈炴祻瑙堝櫒鐜锛?[39m
 鉂?[22m src/core/backend/idb.ts:34:20
     32|     dbPromise = new Promise<IDBDatabase>((resolve, reject) => {
     33|         if (typeof indexedDB === 'undefined') {
     34|             reject(new Error('[idb] IndexedDB 涓嶅彲鐢紙闈炴祻瑙堝櫒鐜锛?));
       |                    ^
     35|             return;
     36|         }
 鉂?[22m openDB src/core/backend/idb.ts:32:17
 鉂?[22m idbGet src/core/backend/idb.ts:63:22
 鉂?[22m _resolveUniqueStem src/core/backend/browser-adapter.ts:556:19
 鉂?[22m _buildIngestPairs src/core/backend/browser-adapter.ts:582:31
 鉂?[22m Module.ingestModelBytes src/core/backend/browser-adapter.ts:643:39
 鉂?[22m src/core/backend/browser-adapter.ingest.test.ts:42:32

鈳幆鈳幆鈳幆鈳幆鈳幆鈳幆鈳幆鈳幆鈳幆鈳幆[107/238]鈳?[22m

 FAIL  src/core/backend/browser-adapter.texture-collision.test.ts > 绾圭悊閿懡鍚嶇┖闂达紙bugfix:tex-stem-collision锛?[2m > 涓嶅悓鐩綍鍚屽悕 PMX 鐨勭汗鐞嗛敭浜掍笉纰版挒锛屼笖鍚勮嚜绮剧‘瑙ｆ瀽
 FAIL  src/core/backend/browser-adapter.texture-collision.test.ts > 绾圭悊閿懡鍚嶇┖闂达紙bugfix:tex-stem-collision锛?[2m > 鏍圭洰褰曪紙瑁告枃浠跺悕锛夋ā鍨嬩繚鎸佸悜鍚庡吋瀹? FAIL  src/core/backend/browser-adapter.texture-collision.test.ts > GetCacheStats 鐪熷疄缁撴瀯锛堜慨澶嶉潰鏉?undefined锛?[2m > 杩斿洖 CacheStats 9 瀛楁锛屼笖 totalBytes 涓哄悇 store 瀛楄妭涔嬪拰
 FAIL  src/core/backend/browser-adapter.texture-collision.test.ts > GetCacheStats 鐪熷疄缁撴瀯锛堜慨澶嶉潰鏉?undefined锛?[2m > 绌哄簱鏃舵墍鏈夎鏁颁笌瀛楄妭涓?0锛屼笉鎶涢敊
Error: [idb] IndexedDB 涓嶅彲鐢紙闈炴祻瑙堝櫒鐜锛?[39m
 鉂?[22m src/core/backend/idb.ts:34:20
     32|     dbPromise = new Promise<IDBDatabase>((resolve, reject) => {
     33|         if (typeof indexedDB === 'undefined') {
     34|             reject(new Error('[idb] IndexedDB 涓嶅彲鐢紙闈炴祻瑙堝櫒鐜锛?));
       |                    ^
     35|             return;
     36|         }
 鉂?[22m openDB src/core/backend/idb.ts:32:17
 鉂?[22m idbKeys src/core/backend/idb.ts:107:22
 鉂?[22m Object.ListDirRecursive src/core/backend/browser-adapter.ts:2099:31
 鉂?[22m src/core/backend/browser-adapter.texture-collision.test.ts:51:47

鈳幆鈳幆鈳幆鈳幆鈳幆鈳幆鈳幆鈳幆鈳幆鈳幆[108/238]鈳?[22m

 FAIL  src/core/__tests__/shortcut-registry.test.ts > initShortcutDispatcher 鈥?key event dispatch > dispatch matching key 鈫?handler fired
TypeError: el.addEventListener is not a function
 鉂?[22m addDisposableListener src/core/dom.ts:74:8
     72|     options?: AddEventListenerOptions
     73| ): Disposable {
     74|     el.addEventListener(event, handler, options);
       |        ^
     75|     return {
     76|         dispose(): void {
 鉂?[22m initShortcutDispatcher src/core/shortcut-registry.ts:284:26
 鉂?[22m src/core/__tests__/shortcut-registry.test.ts:108:9

鈳幆鈳幆鈳幆鈳幆鈳幆鈳幆鈳幆鈳幆鈳幆鈳幆[109/238]鈳?[22m

 FAIL  src/core/__tests__/shortcut-registry.test.ts > initShortcutDispatcher 鈥?key event dispatch > dispatch non-matching key 鈫?handler NOT fired
TypeError: el.addEventListener is not a function
 鉂?[22m addDisposableListener src/core/dom.ts:74:8
     72|     options?: AddEventListenerOptions
     73| ): Disposable {
     74|     el.addEventListener(event, handler, options);
       |        ^
     75|     return {
     76|         dispose(): void {
 鉂?[22m initShortcutDispatcher src/core/shortcut-registry.ts:284:26
 鉂?[22m src/core/__tests__/shortcut-registry.test.ts:124:9

鈳幆鈳幆鈳幆鈳幆鈳幆鈳幆鈳幆鈳幆鈳幆鈳幆[110/238]鈳?[22m

 FAIL  src/core/__tests__/shortcut-registry.test.ts > initShortcutDispatcher 鈥?key event dispatch > dispatch Ctrl+A 鈫?only Ctrl+A handler fires (not A alone)
TypeError: el.addEventListener is not a function
 鉂?[22m addDisposableListener src/core/dom.ts:74:8
     72|     options?: AddEventListenerOptions
     73| ): Disposable {
     74|     el.addEventListener(event, handler, options);
       |        ^
     75|     return {
     76|         dispose(): void {
 鉂?[22m initShortcutDispatcher src/core/shortcut-registry.ts:284:26
 鉂?[22m src/core/__tests__/shortcut-registry.test.ts:149:9

鈳幆鈳幆鈳幆鈳幆鈳幆鈳幆鈳幆鈳幆鈳幆鈳幆[111/238]鈳?[22m

 FAIL  src/core/__tests__/shortcut-registry.test.ts > initShortcutDispatcher 鈥?key event dispatch > target is INPUT 鈫?no handler fired
TypeError: el.addEventListener is not a function
 鉂?[22m addDisposableListener src/core/dom.ts:74:8
     72|     options?: AddEventListenerOptions
     73| ): Disposable {
     74|     el.addEventListener(event, handler, options);
       |        ^
     75|     return {
     76|         dispose(): void {
 鉂?[22m initShortcutDispatcher src/core/shortcut-registry.ts:284:26
 鉂?[22m src/core/__tests__/shortcut-registry.test.ts:172:9

鈳幆鈳幆鈳幆鈳幆鈳幆鈳幆鈳幆鈳幆鈳幆鈳幆[112/238]鈳?[22m

 FAIL  src/core/__tests__/shortcut-registry.test.ts > initShortcutDispatcher 鈥?key event dispatch > target is TEXTAREA 鈫?no handler fired
TypeError: el.addEventListener is not a function
 鉂?[22m addDisposableListener src/core/dom.ts:74:8
     72|     options?: AddEventListenerOptions
     73| ): Disposable {
     74|     el.addEventListener(event, handler, options);
       |        ^
     75|     return {
     76|         dispose(): void {
 鉂?[22m initShortcutDispatcher src/core/shortcut-registry.ts:284:26
 鉂?[22m src/core/__tests__/shortcut-registry.test.ts:196:9

鈳幆鈳幆鈳幆鈳幆鈳幆鈳幆鈳幆鈳幆鈳幆鈳幆[113/238]鈳?[22m

 FAIL  src/core/__tests__/shortcut-registry.test.ts > initShortcutDispatcher 鈥?key event dispatch > ArrowLeft: element with cs-slider class 鈫?handler NOT fired
TypeError: el.addEventListener is not a function
 鉂?[22m addDisposableListener src/core/dom.ts:74:8
     72|     options?: AddEventListenerOptions
     73| ): Disposable {
     74|     el.addEventListener(event, handler, options);
       |        ^
     75|     return {
     76|         dispose(): void {
 鉂?[22m initShortcutDispatcher src/core/shortcut-registry.ts:284:26
 鉂?[22m src/core/__tests__/shortcut-registry.test.ts:220:9

鈳幆鈳幆鈳幆鈳幆鈳幆鈳幆鈳幆鈳幆鈳幆鈳幆[114/238]鈳?[22m

 FAIL  src/core/__tests__/shortcut-registry.test.ts > initShortcutDispatcher 鈥?key event dispatch > ArrowRight: element with color-slider class 鈫?handler NOT fired
TypeError: el.addEventListener is not a function
 鉂?[22m addDisposableListener src/core/dom.ts:74:8
     72|     options?: AddEventListenerOptions
     73| ): Disposable {
     74|     el.addEventListener(event, handler, options);
       |        ^
     75|     return {
     76|         dispose(): void {
 鉂?[22m initShortcutDispatcher src/core/shortcut-registry.ts:284:26
 鉂?[22m src/core/__tests__/shortcut-registry.test.ts:245:9

鈳幆鈳幆鈳幆鈳幆鈳幆鈳幆鈳幆鈳幆鈳幆鈳幆[115/238]鈳?[22m

 FAIL  src/core/__tests__/shortcut-registry.test.ts > initShortcutDispatcher 鈥?key event dispatch > dispatch with prevent: true calls preventDefault
TypeError: el.addEventListener is not a function
 鉂?[22m addDisposableListener src/core/dom.ts:74:8
     72|     options?: AddEventListenerOptions
     73| ): Disposable {
     74|     el.addEventListener(event, handler, options);
       |        ^
     75|     return {
     76|         dispose(): void {
 鉂?[22m initShortcutDispatcher src/core/shortcut-registry.ts:284:26
 鉂?[22m src/core/__tests__/shortcut-registry.test.ts:271:9

鈳幆鈳幆鈳幆鈳幆鈳幆鈳幆鈳幆鈳幆鈳幆鈳幆[116/238]鈳?[22m

 FAIL  src/core/__tests__/shortcut-registry.test.ts > setKeyBinding 鈥?dispatch after override > after setKeyBinding, old key no longer triggers
TypeError: el.addEventListener is not a function
 鉂?[22m addDisposableListener src/core/dom.ts:74:8
     72|     options?: AddEventListenerOptions
     73| ): Disposable {
     74|     el.addEventListener(event, handler, options);
       |        ^
     75|     return {
     76|         dispose(): void {
 鉂?[22m initShortcutDispatcher src/core/shortcut-registry.ts:284:26
 鉂?[22m src/core/__tests__/shortcut-registry.test.ts:343:9

鈳幆鈳幆鈳幆鈳幆鈳幆鈳幆鈳幆鈳幆鈳幆鈳幆[117/238]鈳?[22m

 FAIL  src/core/__tests__/shortcut-registry.test.ts > resetKeyBinding > restores default after override
TypeError: el.addEventListener is not a function
 鉂?[22m addDisposableListener src/core/dom.ts:74:8
     72|     options?: AddEventListenerOptions
     73| ): Disposable {
     74|     el.addEventListener(event, handler, options);
       |        ^
     75|     return {
     76|         dispose(): void {
 鉂?[22m initShortcutDispatcher src/core/shortcut-registry.ts:284:26
 鉂?[22m src/core/__tests__/shortcut-registry.test.ts:372:9

鈳幆鈳幆鈳幆鈳幆鈳幆鈳幆鈳幆鈳幆鈳幆鈳幆[118/238]鈳?[22m

 FAIL  src/core/__tests__/shortcut-registry.test.ts > initShortcutDispatcher 鈥?initialization guard > only initializes once, warns on second call
TypeError: el.addEventListener is not a function
 鉂?[22m addDisposableListener src/core/dom.ts:74:8
     72|     options?: AddEventListenerOptions
     73| ): Disposable {
     74|     el.addEventListener(event, handler, options);
       |        ^
     75|     return {
     76|         dispose(): void {
 鉂?[22m initShortcutDispatcher src/core/shortcut-registry.ts:284:26
 鉂?[22m src/core/__tests__/shortcut-registry.test.ts:469:9

鈳幆鈳幆鈳幆鈳幆鈳幆鈳幆鈳幆鈳幆鈳幆鈳幆[119/238]鈳?[22m

 FAIL  src/scene/transform/transform-adapter.test.ts > transform-adapter registry (ADR-126) > returns null for unregistered kind
AssertionError: expected { kinds: [ 'actor', 'stage' ], 鈥?10) } to be null

- Expected:
null

+ Received:
{
  "capabilities": [
    "slider-scale",
    "slider-opacity",
  ],
  "getNode": [Function getNode],
  "getOpacity": [Function getOpacity],
  "getScale": [Function getScale],
  "gizmoTypes": [Function gizmoTypes],
  "kinds": [
    "actor",
    "stage",
  ],
  "onPositionDragEnd": [Function onPositionDragEnd],
  "onRotationDragEnd": [Function onRotationDragEnd],
  "onScaleDragEnd": [Function onScaleDragEnd],
  "setOpacity": [Function setOpacity],
  "setScale": [Function setScale],
}

 鉂?[22m src/scene/transform/transform-adapter.test.ts:24:46
     22| describe('transform-adapter registry (ADR-126)', () => {
     23|     it('returns null for unregistered kind', () => {
     24|         expect(getTransformAdapter('actor')).toBeNull();
       |                                              ^
     25|     });
     26|

鈳幆鈳幆鈳幆鈳幆鈳幆鈳幆鈳幆鈳幆鈳幆鈳幆[120/238]鈳?[22m

 FAIL  src/__tests__/menu/register-popup.test.ts > registerPopupMenu 鈥?鐢熷懡鍛ㄦ湡 > show 鍒涘缓鑿滃崟瀹炰緥
Error: Test timed out in 10000ms.
If this is a long-running test, pass a timeout value as the last argument or configure it globally with "testTimeout".
 鉂?[22m src/__tests__/menu/register-popup.test.ts:36:5
     34|     });
     35|
     36|     it('show 鍒涘缓鑿滃崟瀹炰緥', async () => {
       |     ^
     37|         const { getMenu, show } = registerPopupMenu({
     38|             wrapperKey: 'test-menu',

鈳幆鈳幆鈳幆鈳幆鈳幆鈳幆鈳幆鈳幆鈳幆鈳幆[121/238]鈳?[22m

 FAIL  src/__tests__/menu/register-popup.test.ts > registerPopupMenu 鈥?鐢熷懡鍛ㄦ湡 > show 澶氭璋冪敤涓嶉噸澶嶅垱寤鸿彍鍗?Error: Test timed out in 10000ms.
If this is a long-running test, pass a timeout value as the last argument or configure it globally with "testTimeout".
 鉂?[22m src/__tests__/menu/register-popup.test.ts:50:5
     48|     });
     49|
     50|     it('show 澶氭璋冪敤涓嶉噸澶嶅垱寤鸿彍鍗?, async () => {
       |     ^
     51|         const { getMenu, show } = registerPopupMenu({
     52|             wrapperKey: 'test-menu',

鈳幆鈳幆鈳幆鈳幆鈳幆鈳幆鈳幆鈳幆鈳幆鈳幆[122/238]鈳?[22m

 FAIL  src/__tests__/menu/register-popup.test.ts > registerPopupMenu 鈥?鐢熷懡鍛ㄦ湡 > show 澶氭璋冪敤鏃堕噸缃埌鏍瑰眰绾?Error: Test timed out in 10000ms.
If this is a long-running test, pass a timeout value as the last argument or configure it globally with "testTimeout".
 鉂?[22m src/__tests__/menu/register-popup.test.ts:68:5
     66|     });
     67|
     68|     it('show 澶氭璋冪敤鏃堕噸缃埌鏍瑰眰绾?, async () => {
       |     ^
     69|         const { getMenu, show } = registerPopupMenu({
     70|             wrapperKey: 'test-menu',

鈳幆鈳幆鈳幆鈳幆鈳幆鈳幆鈳幆鈳幆鈳幆鈳幆[123/238]鈳?[22m

 FAIL  src/__tests__/menu/register-popup.test.ts > registerPopupMenu 鈥?鐢熷懡鍛ㄦ湡 > refreshRoot 鏇存柊鏍圭骇 items
Error: Test timed out in 10000ms.
If this is a long-running test, pass a timeout value as the last argument or configure it globally with "testTimeout".
 鉂?[22m src/__tests__/menu/register-popup.test.ts:90:5
     88|     });
     89|
     90|     it('refreshRoot 鏇存柊鏍圭骇 items', async () => {
       |     ^
     91|         let rootItems: PopupRow[] = [{ kind: 'action', label: 'A', ico鈥?     92|         const { getMenu, show, refreshRoot } = registerPopupMenu({

鈳幆鈳幆鈳幆鈳幆鈳幆鈳幆鈳幆鈳幆鈳幆鈳幆[124/238]鈳?[22m

 FAIL  src/__tests__/menu/register-popup.test.ts > registerPopupMenu 鈥?鐢熷懡鍛ㄦ湡 > 鑿滃崟 dispose 鍚?SlideMenu 瀹炰緥琚竻鐞?Error: Test timed out in 10000ms.
If this is a long-running test, pass a timeout value as the last argument or configure it globally with "testTimeout".
 鉂?[22m src/__tests__/menu/register-popup.test.ts:145:5
    143|     });
    144|
    145|     it('鑿滃崟 dispose 鍚?SlideMenu 瀹炰緥琚竻鐞?, async () => {
       |     ^
    146|         const { getMenu, show } = registerPopupMenu({
    147|             wrapperKey: 'test-menu',

鈳幆鈳幆鈳幆鈳幆鈳幆鈳幆鈳幆鈳幆鈳幆鈳幆[125/238]鈳?[22m

 FAIL  src/__tests__/menu/register-popup.test.ts > registerPopupMenu 鈥?鐢熷懡鍛ㄦ湡 > 鑿滃崟 dispose 鍚庡彲浠ラ噸鏂?show
Error: Test timed out in 10000ms.
If this is a long-running test, pass a timeout value as the last argument or configure it globally with "testTimeout".
 鉂?[22m src/__tests__/menu/register-popup.test.ts:161:5
    159|     });
    160|
    161|     it('鑿滃崟 dispose 鍚庡彲浠ラ噸鏂?show', async () => {
       |     ^
    162|         const { getMenu, show } = registerPopupMenu({
    163|             wrapperKey: 'test-menu',

鈳幆鈳幆鈳幆鈳幆鈳幆鈳幆鈳幆鈳幆鈳幆鈳幆[126/238]鈳?[22m

 FAIL  src/__tests__/scene/env-texture.test.ts > createCanvasTexture > 鐢?DynamicTexture 鍒涘缓璐村浘骞惰皟鐢?draw 鍥炶皟
 FAIL  src/__tests__/scene/env-texture.test.ts > createCanvasTexture > 璁剧疆 CLAMP / WRAP 鍦板潃妯″紡
 FAIL  src/__tests__/scene/env-texture.test.ts > createCanvasTexture > 浼犻€?getAlphaFromRGB 涓?hasAlpha
TypeError: window.removeEventListener is not a function
 鉂?[22m NullEngine.dispose dev/core/src/Engines/abstractEngine.pure.ts:2819:19
 鉂?[22m NullEngine.dispose dev/core/src/Engines/thinEngine.pure.ts:4184:14
 鉂?[22m NullEngine.dispose dev/core/src/Engines/engine.pure.ts:1067:14
 鉂?[22m src/__tests__/scene/env-texture.test.ts:50:16
     48|     afterEach(() => {
     49|         scene.dispose();
     50|         engine.dispose();
       |                ^
     51|     });
     52|

鈳幆鈳幆鈳幆鈳幆鈳幆鈳幆鈳幆鈳幆鈳幆鈳幆[127/238]鈳?[22m

 FAIL  src/__tests__/scene/env-texture.test.ts > getOrCreateCanvasTexture > 鍚屼竴 key 杩斿洖缂撳瓨鐨勮创鍥撅紝draw 鍙皟鐢ㄤ竴娆? FAIL  src/__tests__/scene/env-texture.test.ts > getOrCreateCanvasTexture > 涓嶅悓 key 杩斿洖涓嶅悓璐村浘
 FAIL  src/__tests__/scene/env-texture.test.ts > getOrCreateCanvasTexture > 瓒呰繃缂撳瓨涓婇檺鏃舵窐姹扮储寮曚絾涓嶇珛鍗抽噴鏀炬棫璐村浘
TypeError: window.removeEventListener is not a function
 鉂?[22m NullEngine.dispose dev/core/src/Engines/abstractEngine.pure.ts:2819:19
 鉂?[22m NullEngine.dispose dev/core/src/Engines/thinEngine.pure.ts:4184:14
 鉂?[22m NullEngine.dispose dev/core/src/Engines/engine.pure.ts:1067:14
 鉂?[22m src/__tests__/scene/env-texture.test.ts:101:16
     99|         disposeTextureCache();
    100|         scene.dispose();
    101|         engine.dispose();
       |                ^
    102|     });
    103|

鈳幆鈳幆鈳幆鈳幆鈳幆鈳幆鈳幆鈳幆鈳幆鈳幆[128/238]鈳?[22m

 FAIL  src/__tests__/scene/env-texture.test.ts > disposeTextureCache > 娓呯┖缂撳瓨涓斾笉鎶涘紓甯?TypeError: window.removeEventListener is not a function
 鉂?[22m NullEngine.dispose dev/core/src/Engines/abstractEngine.pure.ts:2819:19
 鉂?[22m NullEngine.dispose dev/core/src/Engines/thinEngine.pure.ts:4184:14
 鉂?[22m NullEngine.dispose dev/core/src/Engines/engine.pure.ts:1067:14
 鉂?[22m src/__tests__/scene/env-texture.test.ts:146:16
    144|         disposeTextureCache();
    145|         scene.dispose();
    146|         engine.dispose();
       |                ^
    147|     });
    148|

鈳幆鈳幆鈳幆鈳幆鈳幆鈳幆鈳幆鈳幆鈳幆鈳幆[129/238]鈳?[22m

 FAIL  src/__tests__/scene/motion-modules-registry.create.test.ts > getModuleState 鈥?榛樿鍊肩鍏?[2m > 棣栨鑾峰彇鑷姩鍒涘缓鐘舵€佸苟绉嶅叆 defaults
AssertionError: expected true to be false // Object.is equality

- Expected
+ Received

- false
+ true

 鉂?[22m src/__tests__/scene/motion-modules-registry.create.test.ts:59:31
     57|         const state = getModuleState('m1', 'body-posture');
     58|         expect(state.id).toBe('body-posture');
     59|         expect(state.enabled).toBe(false);
       |                               ^
     60|         expect(state.params.tilt).toBe(0);
     61|         expect(state.params.bend).toBe(0);

鈳幆鈳幆鈳幆鈳幆鈳幆鈳幆鈳幆鈳幆鈳幆鈳幆[130/238]鈳?[22m

 FAIL  src/__tests__/scene/motion-modules-registry.create.test.ts > getModuleState 鈥?榛樿鍊肩鍏?[2m > 妯″瀷涓嶅瓨鍦ㄦ椂杩斿洖涓存椂榛樿鐘舵€侊紙涓嶅穿婧冿級
AssertionError: expected true to be false // Object.is equality

- Expected
+ Received

- false
+ true

 鉂?[22m src/__tests__/scene/motion-modules-registry.create.test.ts:69:31
     67|         const state = getModuleState('nonexistent-model', 'body-postur鈥?     68|         expect(state.id).toBe('body-posture');
     69|         expect(state.enabled).toBe(false);
       |                               ^
     70|     });
     71| });

鈳幆鈳幆鈳幆鈳幆鈳幆鈳幆鈳幆鈳幆鈳幆鈳幆[131/238]鈳?[22m

 FAIL  src/__tests__/scene/motion-modules-registry.disable.test.ts > disable 绮剧‘娓呴櫎锛圥2-1锛?[2m > disable 浠呮竻 ownedBones锛屼笉璇激鎵嬪姩瑕嗙洊
AssertionError: expected "vi.fn()" to be called 3 times, but got 0 times
 鉂?[22m src/__tests__/scene/motion-modules-registry.disable.test.ts:53:45
     51|
     52|         // disable 搴旇皟鐢?clearBoneOverride 3 娆★紙涓婂崐韬?涓婂崐韬?/銈汇兂銈裤兗锛?[39m
     53|         expect(shared.clearBoneOverrideSpy).toHaveBeenCalledTimes(3);
       |                                             ^
     54|         const clearedBones = shared.clearBoneOverrideSpy.mock.calls.ma鈥?     55|         expect(clearedBones).toContain('涓婂崐韬?);

鈳幆鈳幆鈳幆鈳幆鈳幆鈳幆鈳幆鈳幆鈳幆鈳幆[132/238]鈳?[22m

 FAIL  src/__tests__/scene/motion-modules-registry.disable.test.ts > setTargetModel 浣滅敤鍩熷垏鎹?[2m > 鍒囨崲鍒版柊妯″瀷鏃剁鐢ㄦ棫妯″瀷 enabled 妯″潡
Error: [vitest] No "triggerAutoSave" export is defined on the "../core/config" mock. Did you forget to return it from "vi.mock"?
If you need to partially mock a module, you can use "importOriginal" helper inside:

vi.mock(import("../core/config"), async (importOriginal) => {
  const actual = await importOriginal()
  return {
    ...actual,
    // your mocked methods
  }
})

 鉂?[22m Module.setModuleEnabled src/scene/motion/motion-modules/registry.ts:141:5
    139|     state.enabled = enabled;
    140|     // 浠呮寔涔呭寲锛堝師鍥犲悓 setModuleParam锛氶伩鍏嶉噸鏂板箍鎾鑷?VMD 閲嶈浇鎶栧姩锛?[39m
    141|     triggerAutoSave();
       |     ^
    142| }
    143|
 鉂?[22m src/__tests__/scene/motion-modules-registry.disable.test.ts:69:9

鈳幆鈳幆鈳幆鈳幆鈳幆鈳幆鈳幆鈳幆鈳幆鈳幆[133/238]鈳?[22m

 FAIL  src/__tests__/scene/motion-modules-registry.disable.test.ts > setTargetModel 浣滅敤鍩熷垏鎹?[2m > 鍦烘櫙绾ч厤缃湪妯″瀷鍒囨崲鏃朵繚鎸佷笉鍙?Error: [vitest] No "triggerAutoSave" export is defined on the "../core/config" mock. Did you forget to return it from "vi.mock"?
If you need to partially mock a module, you can use "importOriginal" helper inside:

vi.mock(import("../core/config"), async (importOriginal) => {
  const actual = await importOriginal()
  return {
    ...actual,
    // your mocked methods
  }
})

 鉂?[22m Module.setModuleEnabled src/scene/motion/motion-modules/registry.ts:141:5
    139|     state.enabled = enabled;
    140|     // 浠呮寔涔呭寲锛堝師鍥犲悓 setModuleParam锛氶伩鍏嶉噸鏂板箍鎾鑷?VMD 閲嶈浇鎶栧姩锛?[39m
    141|     triggerAutoSave();
       |     ^
    142| }
    143|
 鉂?[22m src/__tests__/scene/motion-modules-registry.disable.test.ts:87:9

鈳幆鈳幆鈳幆鈳幆鈳幆鈳幆鈳幆鈳幆鈳幆鈳幆[134/238]鈳?[22m

 FAIL  src/__tests__/scene/motion-modules-registry.disable.test.ts > clearAllModulesForModel > 娓呴櫎鎵€鏈?ownedBones
AssertionError: expected "vi.fn()" to be called at least once
 鉂?[22m src/__tests__/scene/motion-modules-registry.disable.test.ts:106:45
    104|
    105|         // [doc:adr-129] motionModules 宸茬Щ鑷冲満鏅骇锛屼笉鍐嶅湪 ModelInstance 涓?[39m
    106|         expect(shared.clearBoneOverrideSpy).toHaveBeenCalled();
       |                                             ^
    107|     });
    108| });

鈳幆鈳幆鈳幆鈳幆鈳幆鈳幆鈳幆鈳幆鈳幆鈳幆[135/238]鈳?[22m

 FAIL  src/__tests__/scene/motion-modules-registry.param.test.ts > setModuleParam / setModuleEnabled > setModuleParam 鍐欏叆鍙傛暟
Error: [vitest] No "triggerAutoSave" export is defined on the "../../core/config" mock. Did you forget to return it from "vi.mock"?
If you need to partially mock a module, you can use "importOriginal" helper inside:

vi.mock(import("../../core/config"), async (importOriginal) => {
  const actual = await importOriginal()
  return {
    ...actual,
    // your mocked methods
  }
})

 鉂?[22m Module.setModuleParam src/scene/motion/motion-modules/registry.ts:133:5
    131|     // 娉ㄦ剰锛氫笉鍐嶈皟鐢?setActiveMotion 閲嶆柊骞挎挱鈥斺€斿惁鍒欎細瑙﹀彂 VMD 閲嶈浇 + seekAnimation(0)锛?[39m
    132|     // 姣忔璋冨弬閮芥妸鍔ㄧ敾閲嶅惎鍒板抚 0锛岃〃鐜颁负瑙掕壊鎸佺画鎶栧姩 + 杩涘害閲嶇疆锛圓DR-129 鍥炲綊锛夈€?[39m
    133|     triggerAutoSave();
       |     ^
    134| }
    135|
 鉂?[22m src/__tests__/scene/motion-modules-registry.param.test.ts:43:9

鈳幆鈳幆鈳幆鈳幆鈳幆鈳幆鈳幆鈳幆鈳幆鈳幆[136/238]鈳?[22m

 FAIL  src/__tests__/scene/motion-modules-registry.param.test.ts > setModuleParam / setModuleEnabled > setModuleEnabled 鍐欏叆鍚敤鐘舵€?Error: [vitest] No "triggerAutoSave" export is defined on the "../../core/config" mock. Did you forget to return it from "vi.mock"?
If you need to partially mock a module, you can use "importOriginal" helper inside:

vi.mock(import("../../core/config"), async (importOriginal) => {
  const actual = await importOriginal()
  return {
    ...actual,
    // your mocked methods
  }
})

 鉂?[22m Module.setModuleEnabled src/scene/motion/motion-modules/registry.ts:141:5
    139|     state.enabled = enabled;
    140|     // 浠呮寔涔呭寲锛堝師鍥犲悓 setModuleParam锛氶伩鍏嶉噸鏂板箍鎾鑷?VMD 閲嶈浇鎶栧姩锛?[39m
    141|     triggerAutoSave();
       |     ^
    142| }
    143|
 鉂?[22m src/__tests__/scene/motion-modules-registry.param.test.ts:52:9

鈳幆鈳幆鈳幆鈳幆鈳幆鈳幆鈳幆鈳幆鈳幆鈳幆[137/238]鈳?[22m

 FAIL  src/__tests__/scene/motion-modules-registry.param.test.ts > per-motion 閰嶇疆锛堥殢鍔ㄤ綔璧帮級 > 鎵€鏈夋ā鍨嬪叡浜悓涓€濂楁ā鍧楅厤缃紙闅忓姩浣滆蛋锛?Error: [vitest] No "triggerAutoSave" export is defined on the "../../core/config" mock. Did you forget to return it from "vi.mock"?
If you need to partially mock a module, you can use "importOriginal" helper inside:

vi.mock(import("../../core/config"), async (importOriginal) => {
  const actual = await importOriginal()
  return {
    ...actual,
    // your mocked methods
  }
})

 鉂?[22m Module.setModuleParam src/scene/motion/motion-modules/registry.ts:133:5
    131|     // 娉ㄦ剰锛氫笉鍐嶈皟鐢?setActiveMotion 閲嶆柊骞挎挱鈥斺€斿惁鍒欎細瑙﹀彂 VMD 閲嶈浇 + seekAnimation(0)锛?[39m
    132|     // 姣忔璋冨弬閮芥妸鍔ㄧ敾閲嶅惎鍒板抚 0锛岃〃鐜颁负瑙掕壊鎸佺画鎶栧姩 + 杩涘害閲嶇疆锛圓DR-129 鍥炲綊锛夈€?[39m
    133|     triggerAutoSave();
       |     ^
    134| }
    135|
 鉂?[22m src/__tests__/scene/motion-modules-registry.param.test.ts:66:9

鈳幆鈳幆鈳幆鈳幆鈳幆鈳幆鈳幆鈳幆鈳幆鈳幆[138/238]鈳?[22m

 FAIL  src/__tests__/scene/motion-modules-registry.param.test.ts > getState / setState 瀵圭О > getState 杩斿洖鍚堝苟榛樿鍊肩殑蹇収
Error: [vitest] No "triggerAutoSave" export is defined on the "../../core/config" mock. Did you forget to return it from "vi.mock"?
If you need to partially mock a module, you can use "importOriginal" helper inside:

vi.mock(import("../../core/config"), async (importOriginal) => {
  const actual = await importOriginal()
  return {
    ...actual,
    // your mocked methods
  }
})

 鉂?[22m Module.setModuleParam src/scene/motion/motion-modules/registry.ts:133:5
    131|     // 娉ㄦ剰锛氫笉鍐嶈皟鐢?setActiveMotion 閲嶆柊骞挎挱鈥斺€斿惁鍒欎細瑙﹀彂 VMD 閲嶈浇 + seekAnimation(0)锛?[39m
    132|     // 姣忔璋冨弬閮芥妸鍔ㄧ敾閲嶅惎鍒板抚 0锛岃〃鐜颁负瑙掕壊鎸佺画鎶栧姩 + 杩涘害閲嶇疆锛圓DR-129 鍥炲綊锛夈€?[39m
    133|     triggerAutoSave();
       |     ^
    134| }
    135|
 鉂?[22m src/__tests__/scene/motion-modules-registry.param.test.ts:86:9

鈳幆鈳幆鈳幆鈳幆鈳幆鈳幆鈳幆鈳幆鈳幆鈳幆[139/238]鈳?[22m

 FAIL  src/__tests__/scene/motion-modules-registry.param.test.ts > getState / setState 瀵圭О > 涓€涓ā鍧楃殑 setState 涓嶅奖鍝嶅叾浠栨ā鍧楃姸鎬?Error: [vitest] No "triggerAutoSave" export is defined on the "../../core/config" mock. Did you forget to return it from "vi.mock"?
If you need to partially mock a module, you can use "importOriginal" helper inside:

vi.mock(import("../../core/config"), async (importOriginal) => {
  const actual = await importOriginal()
  return {
    ...actual,
    // your mocked methods
  }
})

 鉂?[22m Module.setModuleParam src/scene/motion/motion-modules/registry.ts:133:5
    131|     // 娉ㄦ剰锛氫笉鍐嶈皟鐢?setActiveMotion 閲嶆柊骞挎挱鈥斺€斿惁鍒欎細瑙﹀彂 VMD 閲嶈浇 + seekAnimation(0)锛?[39m
    132|     // 姣忔璋冨弬閮芥妸鍔ㄧ敾閲嶅惎鍒板抚 0锛岃〃鐜颁负瑙掕壊鎸佺画鎶栧姩 + 杩涘害閲嶇疆锛圓DR-129 鍥炲綊锛夈€?[39m
    133|     triggerAutoSave();
       |     ^
    134| }
    135|
 鉂?[22m src/__tests__/scene/motion-modules-registry.param.test.ts:119:9

鈳幆鈳幆鈳幆鈳幆鈳幆鈳幆鈳幆鈳幆鈳幆鈳幆[140/238]鈳?[22m

 FAIL  src/__tests__/scene/motion-modules-timed.test.ts > riding-model 鑷姩韪忔澘 > autoPedal=true 鏃舵敞鍐岄挬瀛愶紱quarter 鍛ㄦ湡宸﹁冻 +20 / 鍙宠冻 -20
Error: [vitest] No "triggerAutoSave" export is defined on the "../core/config" mock. Did you forget to return it from "vi.mock"?
If you need to partially mock a module, you can use "importOriginal" helper inside:

vi.mock(import("../core/config"), async (importOriginal) => {
  const actual = await importOriginal()
  return {
    ...actual,
    // your mocked methods
  }
})

 鉂?[22m setModuleParam src/scene/motion/motion-modules/registry.ts:133:5
    131|     // 娉ㄦ剰锛氫笉鍐嶈皟鐢?setActiveMotion 閲嶆柊骞挎挱鈥斺€斿惁鍒欎細瑙﹀彂 VMD 閲嶈浇 + seekAnimation(0)锛?[39m
    132|     // 姣忔璋冨弬閮芥妸鍔ㄧ敾閲嶅惎鍒板抚 0锛岃〃鐜颁负瑙掕壊鎸佺画鎶栧姩 + 杩涘害閲嶇疆锛圓DR-129 鍥炲綊锛夈€?[39m
    133|     triggerAutoSave();
       |     ^
    134| }
    135|
 鉂?[22m Object.setParam src/scene/motion/motion-modules/module-base.ts:97:13
 鉂?[22m src/__tests__/scene/motion-modules-timed.test.ts:96:16

鈳幆鈳幆鈳幆鈳幆鈳幆鈳幆鈳幆鈳幆鈳幆鈳幆[141/238]鈳?[22m

 FAIL  src/__tests__/scene/motion-modules-timed.test.ts > riding-model 鑷姩韪忔澘 > autoPedal=false锛堥粯璁わ級鏃朵笉娉ㄥ唽閽╁瓙锛岃冻閮ㄨ蛋闈欐€?pedalAngle
Error: [vitest] No "triggerAutoSave" export is defined on the "../core/config" mock. Did you forget to return it from "vi.mock"?
If you need to partially mock a module, you can use "importOriginal" helper inside:

vi.mock(import("../core/config"), async (importOriginal) => {
  const actual = await importOriginal()
  return {
    ...actual,
    // your mocked methods
  }
})

 鉂?[22m setModuleParam src/scene/motion/motion-modules/registry.ts:133:5
    131|     // 娉ㄦ剰锛氫笉鍐嶈皟鐢?setActiveMotion 閲嶆柊骞挎挱鈥斺€斿惁鍒欎細瑙﹀彂 VMD 閲嶈浇 + seekAnimation(0)锛?[39m
    132|     // 姣忔璋冨弬閮芥妸鍔ㄧ敾閲嶅惎鍒板抚 0锛岃〃鐜颁负瑙掕壊鎸佺画鎶栧姩 + 杩涘害閲嶇疆锛圓DR-129 鍥炲綊锛夈€?[39m
    133|     triggerAutoSave();
       |     ^
    134| }
    135|
 鉂?[22m Object.setParam src/scene/motion/motion-modules/module-base.ts:97:13
 鉂?[22m src/__tests__/scene/motion-modules-timed.test.ts:126:16

鈳幆鈳幆鈳幆鈳幆鈳幆鈳幆鈳幆鈳幆鈳幆鈳幆[142/238]鈳?[22m

 FAIL  src/__tests__/scene/performance-snapshot.test.ts > 鎬ц兘蹇収鎭㈠锛坃restoreSnapshot 鏀跺彛璺緞锛?[2m > 鎭㈠鏃剁幆澧冨揩鐓ч潪绌?鈫?妗ユ帴 setEnvStateForPerformance 涓旀垚瀵瑰垏鎹㈤檷绾ф爣蹇?AssertionError: expected "vi.fn()" to be called with arguments: [ 鈥?2) ]

Number of calls: 0

 鉂?[22m src/__tests__/scene/performance-snapshot.test.ts:132:45
    130|
    131|         // env 蹇収鍚?qualityProfile/reflectionQuality/cloudQuality/parti鈥?    132|         expect(h.setEnvStateForPerformance).toHaveBeenCalledWith(
       |                                             ^
    133|             {
    134|                 qualityProfile: 'high',

鈳幆鈳幆鈳幆鈳幆鈳幆鈳幆鈳幆鈳幆鈳幆鈳幆[143/238]鈳?[22m

 FAIL  src/__tests__/scene/replace-model-inherit.test.ts > captureInheritedState 鈥?涓汉鐏?(ADR-168) > 鏃ц鑹插凡寮€涓汉鐏椂鎹曡幏 personalLight
AssertionError: expected "vi.fn()" to be called with arguments: [ 'old-1' ]

Number of calls: 0

 鉂?[22m src/__tests__/scene/replace-model-inherit.test.ts:238:59
    236|         const inst = makeMockInst();
    237|         const snap = captureInheritedState(inst);
    238|         expect(lightingFollowState.getPersonalLightState).toHaveBeenCa鈥?       |                                                           ^
    239|         expect(snap.personalLight).toEqual(plSettings);
    240|     });

鈳幆鈳幆鈳幆鈳幆鈳幆鈳幆鈳幆鈳幆鈳幆鈳幆[144/238]鈳?[22m

 FAIL  src/__tests__/scene/replace-model-inherit.test.ts > applyInheritedState > 璋冪敤 modelManager setter 搴旂敤鍩虹鐘舵€?Error: [vitest] No "modelManager" export is defined on the "../scene/scene" mock. Did you forget to return it from "vi.mock"?
If you need to partially mock a module, you can use "importOriginal" helper inside:

vi.mock(import("../scene/scene"), async (importOriginal) => {
  const actual = await importOriginal()
  return {
    ...actual,
    // your mocked methods
  }
})

 鉂?[22m Module.applyInheritedState src/scene/manager/model-ops.ts:382:16
    380|  *  蹇呴』鍦ㄦ柊妯″瀷宸叉敞鍐屽埌 modelRegistry 鍚庤皟鐢ㄣ€俠oneOverrides 浠呭鏂版ā鍨嬪瓨鍦ㄧ殑楠ㄩ搴旂敤銆?*/
    381| export function applyInheritedState(newId: string, snap: ReplaceSnapsh鈥?    382|     const mm = modelManager;
       |                ^
    383|     if (!mm) {
    384|         logWarn('adr-150', 'applyInheritedState: modelManager unavaila鈥? 鉂?[22m src/__tests__/scene/replace-model-inherit.test.ts:271:9

鈳幆鈳幆鈳幆鈳幆鈳幆鈳幆鈳幆鈳幆鈳幆鈳幆[145/238]鈳?[22m

 FAIL  src/__tests__/scene/replace-model-inherit.test.ts > applyInheritedState > positionMode=orbit 鏃惰皟鐢?setOrbit 鑰岄潪 setPosition
Error: [vitest] No "modelManager" export is defined on the "../scene/scene" mock. Did you forget to return it from "vi.mock"?
If you need to partially mock a module, you can use "importOriginal" helper inside:

vi.mock(import("../scene/scene"), async (importOriginal) => {
  const actual = await importOriginal()
  return {
    ...actual,
    // your mocked methods
  }
})

 鉂?[22m Module.applyInheritedState src/scene/manager/model-ops.ts:382:16
    380|  *  蹇呴』鍦ㄦ柊妯″瀷宸叉敞鍐屽埌 modelRegistry 鍚庤皟鐢ㄣ€俠oneOverrides 浠呭鏂版ā鍨嬪瓨鍦ㄧ殑楠ㄩ搴旂敤銆?*/
    381| export function applyInheritedState(newId: string, snap: ReplaceSnapsh鈥?    382|     const mm = modelManager;
       |                ^
    383|     if (!mm) {
    384|         logWarn('adr-150', 'applyInheritedState: modelManager unavaila鈥? 鉂?[22m src/__tests__/scene/replace-model-inherit.test.ts:291:9

鈳幆鈳幆鈳幆鈳幆鈳幆鈳幆鈳幆鈳幆鈳幆鈳幆[146/238]鈳?[22m

 FAIL  src/__tests__/scene/replace-model-inherit.test.ts > applyInheritedState > boneOverrides 浠呭鏂版ā鍨嬪瓨鍦ㄧ殑楠ㄩ璋冪敤 setBoneOverride
Error: [vitest] No "modelManager" export is defined on the "../scene/scene" mock. Did you forget to return it from "vi.mock"?
If you need to partially mock a module, you can use "importOriginal" helper inside:

vi.mock(import("../scene/scene"), async (importOriginal) => {
  const actual = await importOriginal()
  return {
    ...actual,
    // your mocked methods
  }
})

 鉂?[22m Module.applyInheritedState src/scene/manager/model-ops.ts:382:16
    380|  *  蹇呴』鍦ㄦ柊妯″瀷宸叉敞鍐屽埌 modelRegistry 鍚庤皟鐢ㄣ€俠oneOverrides 浠呭鏂版ā鍨嬪瓨鍦ㄧ殑楠ㄩ搴旂敤銆?*/
    381| export function applyInheritedState(newId: string, snap: ReplaceSnapsh鈥?    382|     const mm = modelManager;
       |                ^
    383|     if (!mm) {
    384|         logWarn('adr-150', 'applyInheritedState: modelManager unavaila鈥? 鉂?[22m src/__tests__/scene/replace-model-inherit.test.ts:305:9

鈳幆鈳幆鈳幆鈳幆鈳幆鈳幆鈳幆鈳幆鈳幆鈳幆[147/238]鈳?[22m

 FAIL  src/__tests__/scene/replace-model-inherit.test.ts > applyInheritedState > boneLockBoneName 鍦ㄦ柊妯″瀷瀛樺湪鏃惰皟鐢?setOrbitBoneLock(true)
Error: [vitest] No "modelManager" export is defined on the "../scene/scene" mock. Did you forget to return it from "vi.mock"?
If you need to partially mock a module, you can use "importOriginal" helper inside:

vi.mock(import("../scene/scene"), async (importOriginal) => {
  const actual = await importOriginal()
  return {
    ...actual,
    // your mocked methods
  }
})

 鉂?[22m Module.applyInheritedState src/scene/manager/model-ops.ts:382:16
    380|  *  蹇呴』鍦ㄦ柊妯″瀷宸叉敞鍐屽埌 modelRegistry 鍚庤皟鐢ㄣ€俠oneOverrides 浠呭鏂版ā鍨嬪瓨鍦ㄧ殑楠ㄩ搴旂敤銆?*/
    381| export function applyInheritedState(newId: string, snap: ReplaceSnapsh鈥?    382|     const mm = modelManager;
       |                ^
    383|     if (!mm) {
    384|         logWarn('adr-150', 'applyInheritedState: modelManager unavaila鈥? 鉂?[22m src/__tests__/scene/replace-model-inherit.test.ts:319:9

鈳幆鈳幆鈳幆鈳幆鈳幆鈳幆鈳幆鈳幆鈳幆鈳幆[148/238]鈳?[22m

 FAIL  src/__tests__/scene/replace-model-inherit.test.ts > applyInheritedState > boneLockBoneName 鍦ㄦ柊妯″瀷涓嶅瓨鍦ㄦ椂涓嶈皟鐢?setOrbitBoneLock(true)
Error: [vitest] No "modelManager" export is defined on the "../scene/scene" mock. Did you forget to return it from "vi.mock"?
If you need to partially mock a module, you can use "importOriginal" helper inside:

vi.mock(import("../scene/scene"), async (importOriginal) => {
  const actual = await importOriginal()
  return {
    ...actual,
    // your mocked methods
  }
})

 鉂?[22m Module.applyInheritedState src/scene/manager/model-ops.ts:382:16
    380|  *  蹇呴』鍦ㄦ柊妯″瀷宸叉敞鍐屽埌 modelRegistry 鍚庤皟鐢ㄣ€俠oneOverrides 浠呭鏂版ā鍨嬪瓨鍦ㄧ殑楠ㄩ搴旂敤銆?*/
    381| export function applyInheritedState(newId: string, snap: ReplaceSnapsh鈥?    382|     const mm = modelManager;
       |                ^
    383|     if (!mm) {
    384|         logWarn('adr-150', 'applyInheritedState: modelManager unavaila鈥? 鉂?[22m src/__tests__/scene/replace-model-inherit.test.ts:325:9

鈳幆鈳幆鈳幆鈳幆鈳幆鈳幆鈳幆鈳幆鈳幆鈳幆[149/238]鈳?[22m

 FAIL  src/__tests__/scene/replace-model-inherit.test.ts > applyInheritedState > sceneMotionId 璧嬪€煎埌鏂版ā鍨?motionSlots
Error: [vitest] No "modelManager" export is defined on the "../scene/scene" mock. Did you forget to return it from "vi.mock"?
If you need to partially mock a module, you can use "importOriginal" helper inside:

vi.mock(import("../scene/scene"), async (importOriginal) => {
  const actual = await importOriginal()
  return {
    ...actual,
    // your mocked methods
  }
})

 鉂?[22m Module.applyInheritedState src/scene/manager/model-ops.ts:382:16
    380|  *  蹇呴』鍦ㄦ柊妯″瀷宸叉敞鍐屽埌 modelRegistry 鍚庤皟鐢ㄣ€俠oneOverrides 浠呭鏂版ā鍨嬪瓨鍦ㄧ殑楠ㄩ搴旂敤銆?*/
    381| export function applyInheritedState(newId: string, snap: ReplaceSnapsh鈥?    382|     const mm = modelManager;
       |                ^
    383|     if (!mm) {
    384|         logWarn('adr-150', 'applyInheritedState: modelManager unavaila鈥? 鉂?[22m src/__tests__/scene/replace-model-inherit.test.ts:332:9

鈳幆鈳幆鈳幆鈳幆鈳幆鈳幆鈳幆鈳幆鈳幆鈳幆[150/238]鈳?[22m

 FAIL  src/__tests__/scene/replace-model-inherit.test.ts > applyInheritedState > feet 鐘舵€佹繁鎷疯礉鍒版柊妯″瀷
Error: [vitest] No "modelManager" export is defined on the "../scene/scene" mock. Did you forget to return it from "vi.mock"?
If you need to partially mock a module, you can use "importOriginal" helper inside:

vi.mock(import("../scene/scene"), async (importOriginal) => {
  const actual = await importOriginal()
  return {
    ...actual,
    // your mocked methods
  }
})

 鉂?[22m Module.applyInheritedState src/scene/manager/model-ops.ts:382:16
    380|  *  蹇呴』鍦ㄦ柊妯″瀷宸叉敞鍐屽埌 modelRegistry 鍚庤皟鐢ㄣ€俠oneOverrides 浠呭鏂版ā鍨嬪瓨鍦ㄧ殑楠ㄩ搴旂敤銆?*/
    381| export function applyInheritedState(newId: string, snap: ReplaceSnapsh鈥?    382|     const mm = modelManager;
       |                ^
    383|     if (!mm) {
    384|         logWarn('adr-150', 'applyInheritedState: modelManager unavaila鈥? 鉂?[22m src/__tests__/scene/replace-model-inherit.test.ts:352:9

鈳幆鈳幆鈳幆鈳幆鈳幆鈳幆鈳幆鈳幆鈳幆鈳幆[151/238]鈳?[22m

 FAIL  src/__tests__/scene/replace-model-inherit.test.ts > applyInheritedState > 鏃ц鑹插紑鐏?+ 鏂版ā鍨?entry 宸插瓨鍦?鈫?璋冪敤 setPersonalLightState 鐐逛寒
Error: [vitest] No "modelManager" export is defined on the "../scene/scene" mock. Did you forget to return it from "vi.mock"?
If you need to partially mock a module, you can use "importOriginal" helper inside:

vi.mock(import("../scene/scene"), async (importOriginal) => {
  const actual = await importOriginal()
  return {
    ...actual,
    // your mocked methods
  }
})

 鉂?[22m Module.applyInheritedState src/scene/manager/model-ops.ts:382:16
    380|  *  蹇呴』鍦ㄦ柊妯″瀷宸叉敞鍐屽埌 modelRegistry 鍚庤皟鐢ㄣ€俠oneOverrides 浠呭鏂版ā鍨嬪瓨鍦ㄧ殑楠ㄩ搴旂敤銆?*/
    381| export function applyInheritedState(newId: string, snap: ReplaceSnapsh鈥?    382|     const mm = modelManager;
       |                ^
    383|     if (!mm) {
    384|         logWarn('adr-150', 'applyInheritedState: modelManager unavaila鈥? 鉂?[22m src/__tests__/scene/replace-model-inherit.test.ts:364:9

鈳幆鈳幆鈳幆鈳幆鈳幆鈳幆鈳幆鈳幆鈳幆鈳幆[152/238]鈳?[22m

 FAIL  src/__tests__/scene/replace-model-inherit.test.ts > applyInheritedState > 鏃ц鑹插紑鐏?+ 鏂版ā鍨?entry 灏氭湭寤?鈫?璋冪敤 attachPersonalLight 甯?overrides 鐐逛寒
Error: [vitest] No "modelManager" export is defined on the "../scene/scene" mock. Did you forget to return it from "vi.mock"?
If you need to partially mock a module, you can use "importOriginal" helper inside:

vi.mock(import("../scene/scene"), async (importOriginal) => {
  const actual = await importOriginal()
  return {
    ...actual,
    // your mocked methods
  }
})

 鉂?[22m Module.applyInheritedState src/scene/manager/model-ops.ts:382:16
    380|  *  蹇呴』鍦ㄦ柊妯″瀷宸叉敞鍐屽埌 modelRegistry 鍚庤皟鐢ㄣ€俠oneOverrides 浠呭鏂版ā鍨嬪瓨鍦ㄧ殑楠ㄩ搴旂敤銆?*/
    381| export function applyInheritedState(newId: string, snap: ReplaceSnapsh鈥?    382|     const mm = modelManager;
       |                ^
    383|     if (!mm) {
    384|         logWarn('adr-150', 'applyInheritedState: modelManager unavaila鈥? 鉂?[22m src/__tests__/scene/replace-model-inherit.test.ts:373:9

鈳幆鈳幆鈳幆鈳幆鈳幆鈳幆鈳幆鈳幆鈳幆鈳幆[153/238]鈳?[22m

 FAIL  src/__tests__/scene/replace-model-inherit.test.ts > applyInheritedState > 鏃?personalLight 鏃朵笉瑙︾涓汉鐏?API
Error: [vitest] No "modelManager" export is defined on the "../scene/scene" mock. Did you forget to return it from "vi.mock"?
If you need to partially mock a module, you can use "importOriginal" helper inside:

vi.mock(import("../scene/scene"), async (importOriginal) => {
  const actual = await importOriginal()
  return {
    ...actual,
    // your mocked methods
  }
})

 鉂?[22m Module.applyInheritedState src/scene/manager/model-ops.ts:382:16
    380|  *  蹇呴』鍦ㄦ柊妯″瀷宸叉敞鍐屽埌 modelRegistry 鍚庤皟鐢ㄣ€俠oneOverrides 浠呭鏂版ā鍨嬪瓨鍦ㄧ殑楠ㄩ搴旂敤銆?*/
    381| export function applyInheritedState(newId: string, snap: ReplaceSnapsh鈥?    382|     const mm = modelManager;
       |                ^
    383|     if (!mm) {
    384|         logWarn('adr-150', 'applyInheritedState: modelManager unavaila鈥? 鉂?[22m src/__tests__/scene/replace-model-inherit.test.ts:380:9

鈳幆鈳幆鈳幆鈳幆鈳幆鈳幆鈳幆鈳幆鈳幆鈳幆[154/238]鈳?[22m

 FAIL  src/__tests__/scene/scene-serialize-undo.test.ts > offerSceneUndo 鈥?瀹堝崼涓?toast 鎺ョ嚎 > snap 鏈夋晥鏃跺脊鍑哄甫銆屾挙閿€銆嶅姩浣滅殑 info toast锛?s锛?AssertionError: expected "vi.fn()" to be called 1 times, but got 0 times
 鉂?[22m src/__tests__/scene/scene-serialize-undo.test.ts:91:35
     89|     it('snap 鏈夋晥鏃跺脊鍑哄甫銆屾挙閿€銆嶅姩浣滅殑 info toast锛?s锛?, () => {
     90|         offerSceneUndo('宸叉竻闄ゅ姩浣?, '{"version":99}', vi.fn());
     91|         expect(mockShowInfoToast).toHaveBeenCalledTimes(1);
       |                                   ^
     92|         expect(toastState.calls[0].message).toBe('宸叉竻闄ゅ姩浣?);
     93|         expect(toastState.calls[0].duration).toBe(8000);

鈳幆鈳幆鈳幆鈳幆鈳幆鈳幆鈳幆鈳幆鈳幆鈳幆[155/238]鈳?[22m

 FAIL  src/__tests__/scene/scene-serialize-undo.test.ts > offerSceneUndo 鈥?瀹堝崼涓?toast 鎺ョ嚎 > 鐐瑰嚮鎾ら攢浣嗗揩鐓х増鏈笉鍙楁敮鎸佹椂锛屾仮澶嶅け璐?鈫?onRestored 涓嶈Е鍙?TypeError: Cannot read properties of undefined (reading 'actions')
 鉂?[22m src/__tests__/scene/scene-serialize-undo.test.ts:103:29
    101|         // version 99 涓嶅湪 SUPPORTED_VERSIONS锛宺estoreUndoSnapshot 鎻愬墠杩斿洖 f鈥?    102|         offerSceneUndo('msg', '{"version":99,"models":[]}', onRestored鈥?    103|         toastState.calls[0].actions[0].onClick();
       |                             ^
    104|         await Promise.resolve();
    105|         await Promise.resolve();

鈳幆鈳幆鈳幆鈳幆鈳幆鈳幆鈳幆鈳幆鈳幆鈳幆[156/238]鈳?[22m

 FAIL  src/__tests__/scene/scene-serialize-undo.test.ts > offerSceneUndoAndRefresh 鈥?鍘婚噸杈呭姪锛圥3锛?[2m > snap 鏈夋晥鏃跺鎵?offerSceneUndo 寮瑰嚭鎾ら攢 toast
AssertionError: expected "vi.fn()" to be called 1 times, but got 0 times
 鉂?[22m src/__tests__/scene/scene-serialize-undo.test.ts:121:35
    119|     it('snap 鏈夋晥鏃跺鎵?offerSceneUndo 寮瑰嚭鎾ら攢 toast', () => {
    120|         offerSceneUndoAndRefresh('闊充箰宸茬Щ闄?, '{"version":99}', vi.fn());
    121|         expect(mockShowInfoToast).toHaveBeenCalledTimes(1);
       |                                   ^
    122|         expect(toastState.calls[0].message).toBe('闊充箰宸茬Щ闄?);
    123|         expect(toastState.calls[0].actions[0].label).toBe('toast.undo'鈥?
鈳幆鈳幆鈳幆鈳幆鈳幆鈳幆鈳幆鈳幆鈳幆鈳幆[157/238]鈳?[22m

 FAIL  src/__tests__/scene/scene-serialize-undo.test.ts > offerSceneUndoAndRefresh 鈥?鍘婚噸杈呭姪锛圥3锛?[2m > 鎭㈠澶辫触鏃朵笉鎵ц reRender銆佷笉鎻愮ず undoApplied
TypeError: Cannot read properties of undefined (reading 'actions')
 鉂?[22m src/__tests__/scene/scene-serialize-undo.test.ts:130:29
    128|         const warn = vi.spyOn(console, 'warn').mockImplementation(() =鈥?    129|         offerSceneUndoAndRefresh('msg', '{"version":99,"models":[]}', 鈥?    130|         toastState.calls[0].actions[0].onClick();
       |                             ^
    131|         await Promise.resolve();
    132|         await Promise.resolve();

鈳幆鈳幆鈳幆鈳幆鈳幆鈳幆鈳幆鈳幆鈳幆鈳幆[158/238]鈳?[22m

 FAIL  src/__tests__/scene/stable-identity-material-roundtrip.test.ts > ADR-193 鈥?鏉愯川鍙鎬ц法閲嶈浇杩樺師锛堢ǔ瀹氳韩浠斤級 > post-fix: 绋冲畾 id 涓嬶紝save 鍓嶉殣钘忕殑鏉愯川鍦?reload 鍚庝粛闅愯棌
Error: [vitest] No "modelRegistry" export is defined on the "../../core/config" mock. Did you forget to return it from "vi.mock"?
If you need to partially mock a module, you can use "importOriginal" helper inside:

vi.mock(import("../../core/config"), async (importOriginal) => {
  const actual = await importOriginal()
  return {
    ...actual,
    // your mocked methods
  }
})

 鉂?[22m _getMeshesById src/scene/manager/material.ts:18:12
     16| /** 鎸?id 鏌ヨ meshes锛坢odelRegistry 鍗曟簮锛孉DR-215 鍚庡閮ㄦ敞鍐岃〃宸插簾寮冿級銆?*/
     17| function _getMeshesById(id: string): Mesh[] | undefined {
     18|     return modelRegistry.get(id)?.meshes;
       |            ^
     19| }
     20|
 鉂?[22m Module.setMatEnabled src/scene/manager/material.ts:484:20
 鉂?[22m src/__tests__/scene/stable-identity-material-roundtrip.test.ts:46:9

鈳幆鈳幆鈳幆鈳幆鈳幆鈳幆鈳幆鈳幆鈳幆鈳幆[159/238]鈳?[22m

 FAIL  src/__tests__/scene/stable-identity-material-roundtrip.test.ts > ADR-193 鈥?鏉愯川鍙鎬ц法閲嶈浇杩樺師锛堢ǔ瀹氳韩浠斤級 > post-fix: 澶氭潗璐ㄩ殣钘?+ 閲嶈浇鍚庝粛鍏ㄩ儴姝ｇ‘杩樺師
Error: [vitest] No "modelRegistry" export is defined on the "../../core/config" mock. Did you forget to return it from "vi.mock"?
If you need to partially mock a module, you can use "importOriginal" helper inside:

vi.mock(import("../../core/config"), async (importOriginal) => {
  const actual = await importOriginal()
  return {
    ...actual,
    // your mocked methods
  }
})

 鉂?[22m _getMeshesById src/scene/manager/material.ts:18:12
     16| /** 鎸?id 鏌ヨ meshes锛坢odelRegistry 鍗曟簮锛孉DR-215 鍚庡閮ㄦ敞鍐岃〃宸插簾寮冿級銆?*/
     17| function _getMeshesById(id: string): Mesh[] | undefined {
     18|     return modelRegistry.get(id)?.meshes;
       |            ^
     19| }
     20|
 鉂?[22m Module.setMatEnabled src/scene/manager/material.ts:484:20
 鉂?[22m src/__tests__/scene/stable-identity-material-roundtrip.test.ts:70:9

鈳幆鈳幆鈳幆鈳幆鈳幆鈳幆鈳幆鈳幆鈳幆鈳幆[160/238]鈳?[22m

 FAIL  src/__tests__/scene/stable-identity-material-roundtrip.test.ts > ADR-193 鈥?鏉愯川鍙鎬ц法閲嶈浇杩樺師锛堢ǔ瀹氳韩浠斤級 > 瀵圭収(pre-fix 鐥呭洜): 閲嶈浇鍚?id 鍙樺寲瀵艰嚧鐘舵€佸鍎垮寲 鈥斺€?璇存槑涓轰綍闇€瑕佺ǔ瀹氳韩浠?Error: [vitest] No "modelRegistry" export is defined on the "../../core/config" mock. Did you forget to return it from "vi.mock"?
If you need to partially mock a module, you can use "importOriginal" helper inside:

vi.mock(import("../../core/config"), async (importOriginal) => {
  const actual = await importOriginal()
  return {
    ...actual,
    // your mocked methods
  }
})

 鉂?[22m _getMeshesById src/scene/manager/material.ts:18:12
     16| /** 鎸?id 鏌ヨ meshes锛坢odelRegistry 鍗曟簮锛孉DR-215 鍚庡閮ㄦ敞鍐岃〃宸插簾寮冿級銆?*/
     17| function _getMeshesById(id: string): Mesh[] | undefined {
     18|     return modelRegistry.get(id)?.meshes;
       |            ^
     19| }
     20|
 鉂?[22m Module.setMatEnabled src/scene/manager/material.ts:484:20
 鉂?[22m src/__tests__/scene/stable-identity-material-roundtrip.test.ts:94:9

鈳幆鈳幆鈳幆鈳幆鈳幆鈳幆鈳幆鈳幆鈳幆鈳幆[161/238]鈳?[22m

 FAIL  src/__tests__/scene/texture-lru.test.ts > texture-lru > should return null when readFileBytes returns null
Error: [vitest] No "readFileBytes" export is defined on the "../core/wails-bindings" mock. Did you forget to return it from "vi.mock"?
If you need to partially mock a module, you can use "importOriginal" helper inside:

vi.mock(import("../core/wails-bindings"), async (importOriginal) => {
  const actual = await importOriginal()
  return {
    ...actual,
    // your mocked methods
  }
})

 鉂?[22m Module.readTextureWithLRU src/scene/manager/texture-lru.ts:52:24
     50|         return null;
     51|     }
     52|     const data = await readFileBytes(modelDir + '/' + relativePath);
       |                        ^
     53|     if (!data || signal?.aborted) {
     54|         return null;
 鉂?[22m src/__tests__/scene/texture-lru.test.ts:38:30

鈳幆鈳幆鈳幆鈳幆鈳幆鈳幆鈳幆鈳幆鈳幆鈳幆[162/238]鈳?[22m

 FAIL  src/__tests__/scene/texture-lru.test.ts > texture-lru > should cache and return ArrayBuffer on first read
Error: [vitest] No "readFileBytes" export is defined on the "../core/wails-bindings" mock. Did you forget to return it from "vi.mock"?
If you need to partially mock a module, you can use "importOriginal" helper inside:

vi.mock(import("../core/wails-bindings"), async (importOriginal) => {
  const actual = await importOriginal()
  return {
    ...actual,
    // your mocked methods
  }
})

 鉂?[22m Module.readTextureWithLRU src/scene/manager/texture-lru.ts:52:24
     50|         return null;
     51|     }
     52|     const data = await readFileBytes(modelDir + '/' + relativePath);
       |                        ^
     53|     if (!data || signal?.aborted) {
     54|         return null;
 鉂?[22m src/__tests__/scene/texture-lru.test.ts:48:30

鈳幆鈳幆鈳幆鈳幆鈳幆鈳幆鈳幆鈳幆鈳幆鈳幆[163/238]鈳?[22m

 FAIL  src/__tests__/scene/texture-lru.test.ts > texture-lru > should use \x00 as key separator to avoid collision with colon in path
Error: [vitest] No "readFileBytes" export is defined on the "../core/wails-bindings" mock. Did you forget to return it from "vi.mock"?
If you need to partially mock a module, you can use "importOriginal" helper inside:

vi.mock(import("../core/wails-bindings"), async (importOriginal) => {
  const actual = await importOriginal()
  return {
    ...actual,
    // your mocked methods
  }
})

 鉂?[22m Module.readTextureWithLRU src/scene/manager/texture-lru.ts:52:24
     50|         return null;
     51|     }
     52|     const data = await readFileBytes(modelDir + '/' + relativePath);
       |                        ^
     53|     if (!data || signal?.aborted) {
     54|         return null;
 鉂?[22m src/__tests__/scene/texture-lru.test.ts:68:15

鈳幆鈳幆鈳幆鈳幆鈳幆鈳幆鈳幆鈳幆鈳幆鈳幆[164/238]鈳?[22m

 FAIL  src/__tests__/scene/texture-lru.test.ts > texture-lru > should evict oldest entry when LRU exceeds max entries
Error: [vitest] No "readFileBytes" export is defined on the "../core/wails-bindings" mock. Did you forget to return it from "vi.mock"?
If you need to partially mock a module, you can use "importOriginal" helper inside:

vi.mock(import("../core/wails-bindings"), async (importOriginal) => {
  const actual = await importOriginal()
  return {
    ...actual,
    // your mocked methods
  }
})

 鉂?[22m Module.readTextureWithLRU src/scene/manager/texture-lru.ts:52:24
     50|         return null;
     51|     }
     52|     const data = await readFileBytes(modelDir + '/' + relativePath);
       |                        ^
     53|     if (!data || signal?.aborted) {
     54|         return null;
 鉂?[22m src/__tests__/scene/texture-lru.test.ts:78:19

鈳幆鈳幆鈳幆鈳幆鈳幆鈳幆鈳幆鈳幆鈳幆鈳幆[165/238]鈳?[22m

 FAIL  src/__tests__/scene/texture-lru.test.ts > texture-lru > should reorder LRU on hit (promote to newest)
Error: [vitest] No "readFileBytes" export is defined on the "../core/wails-bindings" mock. Did you forget to return it from "vi.mock"?
If you need to partially mock a module, you can use "importOriginal" helper inside:

vi.mock(import("../core/wails-bindings"), async (importOriginal) => {
  const actual = await importOriginal()
  return {
    ...actual,
    // your mocked methods
  }
})

 鉂?[22m Module.readTextureWithLRU src/scene/manager/texture-lru.ts:52:24
     50|         return null;
     51|     }
     52|     const data = await readFileBytes(modelDir + '/' + relativePath);
       |                        ^
     53|     if (!data || signal?.aborted) {
     54|         return null;
 鉂?[22m src/__tests__/scene/texture-lru.test.ts:97:15

鈳幆鈳幆鈳幆鈳幆鈳幆鈳幆鈳幆鈳幆鈳幆鈳幆[166/238]鈳?[22m

 FAIL  src/__tests__/scene/texture-lru.test.ts > texture-lru > should not cache when signal aborts after readFileBytes
Error: [vitest] No "readFileBytes" export is defined on the "../core/wails-bindings" mock. Did you forget to return it from "vi.mock"?
If you need to partially mock a module, you can use "importOriginal" helper inside:

vi.mock(import("../core/wails-bindings"), async (importOriginal) => {
  const actual = await importOriginal()
  return {
    ...actual,
    // your mocked methods
  }
})

 鉂?[22m Module.readTextureWithLRU src/scene/manager/texture-lru.ts:52:24
     50|         return null;
     51|     }
     52|     const data = await readFileBytes(modelDir + '/' + relativePath);
       |                        ^
     53|     if (!data || signal?.aborted) {
     54|         return null;
 鉂?[22m src/__tests__/scene/texture-lru.test.ts:141:30

鈳幆鈳幆鈳幆鈳幆鈳幆鈳幆鈳幆鈳幆鈳幆鈳幆[167/238]鈳?[22m

 FAIL  src/__tests__/scene/texture-lru.test.ts > texture-lru > clearTextureLRU should empty the cache
Error: [vitest] No "readFileBytes" export is defined on the "../core/wails-bindings" mock. Did you forget to return it from "vi.mock"?
If you need to partially mock a module, you can use "importOriginal" helper inside:

vi.mock(import("../core/wails-bindings"), async (importOriginal) => {
  const actual = await importOriginal()
  return {
    ...actual,
    // your mocked methods
  }
})

 鉂?[22m Module.readTextureWithLRU src/scene/manager/texture-lru.ts:52:24
     50|         return null;
     51|     }
     52|     const data = await readFileBytes(modelDir + '/' + relativePath);
       |                        ^
     53|     if (!data || signal?.aborted) {
     54|         return null;
 鉂?[22m src/__tests__/scene/texture-lru.test.ts:148:15

鈳幆鈳幆鈳幆鈳幆鈳幆鈳幆鈳幆鈳幆鈳幆鈳幆[168/238]鈳?[22m

 FAIL  src/__tests__/scene/texture-lru.test.ts > texture-lru > should isolate entries by modelDir
Error: [vitest] No "readFileBytes" export is defined on the "../core/wails-bindings" mock. Did you forget to return it from "vi.mock"?
If you need to partially mock a module, you can use "importOriginal" helper inside:

vi.mock(import("../core/wails-bindings"), async (importOriginal) => {
  const actual = await importOriginal()
  return {
    ...actual,
    // your mocked methods
  }
})

 鉂?[22m Module.readTextureWithLRU src/scene/manager/texture-lru.ts:52:24
     50|         return null;
     51|     }
     52|     const data = await readFileBytes(modelDir + '/' + relativePath);
       |                        ^
     53|     if (!data || signal?.aborted) {
     54|         return null;
 鉂?[22m src/__tests__/scene/texture-lru.test.ts:164:15

鈳幆鈳幆鈳幆鈳幆鈳幆鈳幆鈳幆鈳幆鈳幆鈳幆[169/238]鈳?[22m


[2m Test Files [22m [1m[31m45 failed[39m[22m[2m | [22m[1m[32m196 passed[39m[22m[90m (241)[39m
[2m      Tests [22m [1m[31m231 failed[39m[22m[2m | [22m[1m[32m2433 passed[39m[22m[90m (2664)[39m
[2m   Start at [22m 22:18:58
[2m   Duration [22m 63.01s[2m (transform 16.95s, setup 1.63s, import 47.41s, tests 82.66s, environment 128.22s)[22m

